1942,-0.47841,-0.11622,-0.17058,-0.13615,0.017482
1942,-0.46385,0.09057,-0.13118,-0.27985,0.05001
1942,-0.17097,-0.13919,-0.2273,-0.23637,-0.057133
1942,0.30046,-0.15956,-0.27804,-0.12992,-0.24882
1941,-0.37803,-0.28466,0.052317,-0.18683,-0.07232
1941,-0.29922,0.15507,-0.064225,-0.12116,-0.117
1941,-0.48718,0.082373,-0.27371,-0.0094616,-0.01087
1941,0.6017,0.028329,-0.27959,-0.075103,0.14676
1935,0.52183,-0.088465,-0.27075,-0.079739,-0.22723
1935,0.49492,-0.096661,-0.31367,-0.015693,-0.13083
1935,0.50132,-0.10799,-0.32792,-0.15474,-0.15256
1935,0.45631,-0.13422,-0.33817,0.051546,0.032337
1939,0.54174,-0.12324,-0.3132,-0.076462,-0.16437
1939,0.56224,-0.085664,-0.32629,-0.089904,0.043655
1939,0.54443,0.17742,-0.0053186,0.058173,0.407
1939,0.42531,-0.058307,-0.20119,-0.10771,-0.18829
1944,0.51765,0.026087,-0.29829,-0.038645,0.16059
1944,-0.26503,-0.21475,-0.24239,-0.01821,-0.031306
1944,0.17137,0.011125,-0.25229,-0.2449,0.0025412
1944,-0.37264,0.17825,-0.26492,-0.090983,-0.19417
1936,-0.27879,-0.18054,0.11835,-0.051919,-0.14353
1936,0.46814,-0.12171,-0.3005,-0.045549,-0.077705
1936,0.39106,0.03256,-0.33902,-0.12778,0.03386
1936,0.19348,0.11709,-0.37235,-0.10593,-0.014569
1933,0.59723,-0.015285,-0.35921,-0.077757,0.010378
1933,0.35265,-0.055834,-0.374,0.12298,0.051031
1933,0.50955,0.024322,-0.3145,-0.032302,0.052012
1933,0.52755,-0.0023152,-0.2897,-0.02528,0.1025
1943,-0.48859,-0.12548,-0.28517,-0.078066,0.17031
1943,-0.28738,-0.23952,-0.25224,0.048959,0.29148
1943,-0.46041,0.16448,-0.13778,-0.16566,0.0087813
1943,-0.27311,-0.016747,-0.084806,-0.33245,0.1398
1934,0.22479,-0.00021967,-0.40185,0.10591,-0.11943
1934,0.13614,-0.069545,-0.25928,-0.16866,0.047283
1934,-0.4926,0.095548,-0.20816,0.055174,0.023942
1934,0.29968,0.076233,-0.15295,-0.10466,-0.089843
1930,0.51915,-0.0080238,-0.1809,-0.074035,-0.076032
1930,0.48729,-0.11013,-0.21177,-0.079755,-0.088886
1930,-0.40942,0.12695,-0.16127,-0.21752,-0.18762
1930,0.57999,-0.024522,-0.24483,-0.086276,0.078181
1940,-0.50878,-0.1504,-0.17937,0.16733,-0.025372
1940,-0.46991,-0.20452,-0.066718,-0.25927,-0.044459
1940,-0.47281,0.14577,-0.10806,-0.1163,0.067322
1940,-0.47558,-0.20836,-0.10042,-0.080536,0.04048
1937,0.63596,0.049477,-0.23829,-0.065572,0.11775
1937,0.62198,-0.11614,-0.23605,-0.074998,-0.18304
1937,0.5795,-0.14648,-0.1894,-0.080571,-0.14675
1937,0.59109,-0.078837,-0.27951,-0.12571,-0.044291
1932,-0.28346,0.027788,-0.36481,0.011492,0.0048434
1932,-0.49834,-0.046053,-0.29975,0.073326,-0.026832
1932,-0.39252,0.09793,-0.24856,-0.16966,-0.1622
1932,-0.4712,-0.1517,-0.12576,-0.057908,0.10812
1945,-0.40183,-0.05603,-0.24067,0.17634,-0.026064
1945,-0.39613,-0.050302,-0.2545,-0.099166,0.020509
1945,-0.32925,0.049771,-0.2641,0.0030582,-0.0086915
1945,-0.32791,0.10343,-0.26216,-0.19815,0.087534
1938,0.50493,0.042944,-0.23248,-0.081855,-0.053727
1938,0.52537,-0.0091885,-0.30581,-0.060145,-0.02509
1938,0.37222,0.026542,-0.34266,-0.059144,0.0065127
1938,0.54155,-0.084149,-0.28552,-0.044515,-0.045446
1929,0.47193,0.080447,-0.086661,0.017447,-0.059222
1929,0.45048,-0.06459,-0.22973,0.079145,-0.021239
1929,0.5442,0.0066164,-0.18815,-0.012378,0.15885
1929,-0.26082,0.014856,-0.24069,-0.090853,-0.14145
1955,0.39506,-0.081431,0.040428,0.094297,-0.19698
1955,-0.38748,0.46355,0.047693,-0.28764,-0.13712
1955,0.45192,-0.16444,0.037144,0.091727,-0.39346
1955,0.42499,0.22298,0.032385,0.062366,0.29016
1914,0.53681,0.021137,-0.045443,-0.046687,-0.22339
1914,-0.61217,-0.088461,-0.18953,-0.071262,-0.037369
1914,-0.56452,-0.20323,-0.28341,0.011417,0.041281
1914,-0.39627,0.49733,0.0045855,-0.30049,-0.07874
1947,-0.61839,0.019739,-0.23687,-0.074153,-0.014489
1947,-0.58325,-0.086841,-0.094873,-0.11657,-0.079544
1947,-0.57926,-0.030049,-0.15659,-0.16088,0.010725
1947,-0.60538,0.084026,-0.18087,-0.1273,-0.043676
1937,-0.64231,-0.15329,-0.19747,-0.11049,0.028124
1937,-0.4103,0.0088222,-0.24145,-0.044619,-0.089397
1937,0.31142,0.16369,-0.29318,0.00024854,0.17164
1937,0.42125,-0.24048,-0.24775,0.014679,-0.32017
1907,-0.4716,0.35039,-0.24432,0.034519,-0.060196
1907,-0.55396,0.14769,-0.14501,0.13936,-0.10052
1907,-0.42549,0.085062,-0.33181,0.10595,0.06521
1907,-0.44914,-0.0082734,-0.15067,-0.13522,-0.064252
1939,-0.53271,-0.04112,-0.19169,0.22451,-0.033513
1939,-0.56002,-0.34739,-0.075889,0.015023,0.057363
1939,-0.54626,0.066032,-0.19178,0.29178,-0.019125
1939,-0.49545,-0.16647,-0.086543,-0.15387,0.01444
1956,0.35009,0.018388,0.046612,-0.03769,0.12825
1956,-0.50997,-0.31605,0.057527,-0.23611,0.077756
1956,0.3706,-0.11869,0.18017,0.063822,-0.2035
1956,-0.41435,0.31055,-0.020526,-0.30316,-0.21255
1916,0.34769,-0.19169,-0.37013,-0.075191,-0.047
1916,0.54342,0.021907,0.018028,0.043132,-0.033329
1916,0.38557,-0.11928,-0.30465,-0.1856,-0.11198
1916,0.37026,-0.10822,-0.34781,-0.09316,0.0171
1917,0.49764,0.15644,-0.0041515,0.020514,0.3649
1917,0.46311,-0.017257,-0.33067,-0.095851,-0.060502
1917,-0.58078,-0.083016,-0.14483,-0.098863,0.079519
1917,0.49536,0.14814,-0.0432,-0.017581,0.40057
1942,-0.58554,-0.17231,-0.13549,0.0066431,-0.022257
1942,0.45233,-0.05353,0.031389,0.14693,-0.35959
1942,-0.57325,0.27021,-0.10862,-0.19749,-0.13554
1942,-0.62145,0.18191,-0.15437,-0.01807,-0.04561
1950,0.47843,0.1965,0.01922,0.061653,0.40692
1950,0.46996,0.17252,0.033153,0.065423,0.41104
1950,0.3045,-0.15358,0.15001,0.13333,-0.23482
1950,0.44447,-0.10427,0.12264,0.067653,-0.30818
1921,-0.42325,0.02387,0.19351,-0.11415,-0.068882
1921,-0.49413,0.22894,-0.22169,0.15562,-0.052834
1921,-0.62358,-0.084769,-0.046913,-0.053685,-0.047147
1921,0.29758,-0.021994,-0.13132,0.20115,0.47128
1919,-0.49596,-0.11663,0.15862,-0.17179,-0.020215
1919,-0.56336,-0.13403,-0.014818,0.012908,-0.070436
1919,-0.45417,-0.28584,-0.024724,-0.039017,0.025345
1919,-0.48941,-0.34809,0.074525,-0.22302,0.080097
1913,-0.38584,-0.21057,-0.15415,0.042251,-0.012514
1913,-0.48355,0.3189,0.0069005,-0.18381,-0.12916
1913,0.41538,-0.00090759,-0.088965,-0.081835,0.024613
1913,0.53238,-0.026362,-0.26508,0.015409,0.081662
1915,-0.35844,0.11155,-0.23645,0.1233,-0.16095
1915,-0.35187,-0.079231,-0.31154,0.06957,-0.13366
1915,0.55075,0.090714,-0.213,-0.05905,0.31845
1915,-0.51372,-0.34959,-0.11365,-0.028507,0.109
1912,-0.51959,0.3304,-0.087746,-0.11726,-0.11464
1912,-0.42254,-0.3299,0.14367,-0.22603,0.026294
1912,0.40927,0.24088,0.091045,0.088365,0.30191
1912,0.31451,0.271,0.066431,-0.070982,0.147
1948,-0.60035,0.036899,-0.1791,-0.27765,0.051391
1948,-0.52416,0.11279,-0.1615,-0.09223,-0.060533
1948,0.39654,0.049051,-0.23523,0.067066,0.23542
1948,-0.57849,0.28722,-0.21783,0.086026,-0.037456
1941,0.54484,0.13307,-0.12876,-0.0063527,0.36178
1941,0.29913,-0.083901,-0.18721,-0.17236,-0.248
1941,-0.41578,-0.097359,-0.35678,-0.082553,0.20251
1941,0.13306,0.17891,-0.21236,-0.24142,-0.0085754
1944,0.54741,-0.0078437,-0.16653,-0.015229,-0.031174
1944,0.37934,-0.065424,-0.25802,-0.19426,0.019479
1944,0.59906,-0.037485,-0.28356,-0.08162,-0.010288
1944,0.54753,0.036737,-0.2325,-0.087373,-0.031577
1931,-0.53789,-0.078913,-0.0023754,-0.15825,0.039476
1931,-0.42591,0.28714,-0.098093,-0.29278,-0.11052
1931,-0.38899,0.17932,-0.27716,-0.032118,0.050079
1931,-0.58069,-0.20521,-0.21975,0.26011,0.010932
1926,-0.45774,-0.011237,-0.27807,0.11641,0.0017956
1926,-0.38354,-0.066522,-0.18105,0.10269,-0.022754
1926,-0.40009,0.014937,-0.19065,0.11384,0.016326
1926,0.34487,-0.17683,0.057891,0.2184,-0.19936
1946,0.55741,0.082478,-0.17618,-0.072156,0.21815
1946,0.069402,-0.26355,0.028458,0.047106,-0.085331
1946,-0.3663,0.080347,0.29968,-0.096403,-0.10554
1946,-0.49506,-0.0038061,0.15817,-0.06705,-0.091691
1957,-0.5967,0.31039,-0.24921,0.13124,-0.093776
1957,0.52167,-0.0026925,-0.1718,-0.06119,0.065958
1957,-0.44685,0.2828,-0.248,0.041637,-0.038655
1957,-0.50654,-0.39109,0.11408,-0.28111,0.0828
1908,-0.5574,-0.38759,-0.12193,0.08211,0.074924
1908,-0.49454,0.29262,-0.28084,0.090004,0.0078081
1908,-0.55722,0.024123,-0.22351,-0.062098,0.023836
1908,-0.47972,0.036794,-0.15175,-0.015121,-0.055028
1918,-0.53309,-0.42012,-0.10737,-0.040542,0.022058
1918,0.42687,-0.12371,0.24245,0.15348,-0.15001
1918,0.4205,-0.10696,0.26015,0.15341,-0.088832
1918,0.40062,0.26414,0.1342,0.12629,0.33718
1938,-0.41306,0.46441,0.1214,-0.2377,-0.056701
1938,-0.29634,-0.25338,0.3045,-0.09986,-0.17614
1938,-0.39459,0.2009,-0.30553,-0.0076912,-0.085257
1938,-0.32128,0.20612,-0.274,0.085873,-0.039343
1925,-0.42021,0.34296,-0.14656,-0.27217,-0.1264
1925,-0.42404,0.3252,-0.13548,0.13729,0.032493
1925,-0.21596,-0.1228,-0.056674,-0.17808,0.050286
1925,-0.30438,-0.076454,0.030359,-0.39959,-0.071722
1953,0.32335,0.31767,-0.08349,-0.06989,0.22029
1953,-0.52259,-0.34152,0.062309,-0.23639,0.052901
1953,-0.51414,-0.39905,0.1486,-0.29052,0.082529
1953,-0.33344,0.41073,0.12618,-0.11359,0.00044964
1951,0.34517,0.16851,-0.31419,-0.18453,-0.017222
1951,-0.46728,-0.3499,-0.14127,0.15372,0.0079512
1951,0.42638,0.12573,-0.23055,-0.085913,0.18296
1951,0.42617,-0.015216,-0.050134,-0.0072124,0.024812
1934,-0.59086,-0.088128,-0.27413,-0.10238,0.032137
1934,-0.54888,0.12574,-0.20775,-0.086231,0.091882
1934,-0.57089,-0.14864,-0.11647,0.11456,-0.05214
1934,-0.58504,0.063347,-0.17294,-0.17266,0.0080639
1945,-0.59043,-0.024048,-0.2732,-0.029416,0.015319
1945,0.56004,-0.049331,-0.23733,-0.042877,-0.192
1945,-0.42245,-0.10917,-0.23931,-0.18582,0.11603
1945,-0.38725,0.082471,-0.3124,-0.0069023,0.10004
1938,-0.25524,-0.078309,-0.17722,0.023652,-0.0346
1938,-0.39852,-0.048803,-0.16493,0.075233,0.10227
1938,-0.30586,-0.20035,-0.19792,-0.27611,-0.053761
1938,-0.54849,-0.35781,-0.14095,-0.1314,0.051649
1935,-0.59218,0.081671,-0.18657,0.11349,0.021339
1935,-0.48595,-0.11879,-0.12639,-0.028683,0.042406
1935,-0.50764,0.13737,-0.072821,0.0062268,0.027091
1935,-0.63232,0.18261,-0.25879,-0.14919,0.0096955
1937,-0.44579,0.030539,-0.11208,0.096318,-0.01138
1937,-0.38134,0.43525,-0.16065,-0.22062,-0.20454
1937,-0.3074,-0.10559,-0.11239,-0.058284,-0.042749
1937,-0.52384,0.025798,-0.21826,0.10082,-0.025378
1951,-0.60113,-0.043638,-0.24333,-0.10696,0.030381
1951,0.47176,-0.072242,-0.27281,-0.13912,-0.20389
1951,-0.42783,-0.0048419,-0.06164,-0.28354,0.11924
1951,-0.61365,-0.025291,-0.23983,-0.13029,0.023951
1952,-0.56054,0.077792,-0.19536,-0.034774,-0.064376
1952,-0.50862,0.11273,-0.18733,0.088065,-0.013222
1952,-0.54644,-0.096751,-0.14722,0.042732,-0.0043786
1952,-0.535,-0.015945,-0.23454,-0.14806,0.057563
1928,-0.5023,0.028348,-0.24405,-0.020555,-0.0058973
1928,-0.56872,0.15827,-0.20191,0.17899,-0.04883
1928,-0.25196,0.061978,-0.17486,-0.11164,0.065006
1928,-0.52874,0.064817,-0.21798,-0.045208,-0.0030369
1931,-0.55521,-0.40064,-0.057762,-0.0089133,0.080212
1931,-0.50076,0.34547,-0.27849,0.14083,-0.083562
1931,-0.45776,0.26298,-0.27696,0.091766,-0.037941
1931,-0.28738,0.22452,-0.042683,0.14276,0.029378
1932,0.57903,-0.11996,-0.2177,-0.082336,-0.3199
1932,-0.1823,0.21343,-0.37513,0.040245,-0.30185
1932,0.53333,-0.14792,-0.2354,-0.10109,-0.35274
1932,0.54221,-0.15093,-0.097589,-0.022154,-0.28003
1944,0.56926,-0.041691,-0.2577,-0.12401,-0.050387
1944,0.44283,-0.0042571,-0.34421,0.073483,0.17868
1944,0.51462,-0.10659,-0.23249,-0.039955,-0.17874
1944,-0.25303,0.015776,-0.17929,-0.21334,-0.01361
1929,-0.46991,-0.082979,-0.21665,-0.16556,0.025933
1929,0.11093,-0.069916,-0.3187,-0.31216,0.056058
1929,-0.41489,0.063233,-0.25141,-0.19959,0.01619
1929,-0.4818,-0.0082826,-0.19704,-0.099216,0.046132
1939,0.54772,-0.071496,-0.21954,-0.058895,-0.041213
1939,0.67811,-0.027199,-0.27784,-0.076054,0.02141
1939,0.62959,-0.011444,-0.2897,-0.041669,0.051986
1939,0.67803,-0.022056,-0.28411,-0.076464,0.0027712
1949,-0.50061,-0.0297,-0.30205,-0.054746,-0.099985
1949,-0.55443,0.036964,-0.15939,-0.18871,0.040995
1949,0.49662,-0.039981,-0.33348,-0.045155,-0.057268
1949,-0.56328,0.039301,-0.18824,-0.0053405,0.014915
1925,0.66287,-0.052019,-0.31655,-0.077785,-0.049293
1925,0.18023,0.0086391,-0.28746,0.14266,-0.043601
1925,0.62652,-0.020226,-0.26712,-0.076973,-0.036975
1925,0.25259,-0.10633,-0.2518,-0.016454,0.08256
1953,-0.53222,0.1616,-0.21364,-0.16771,-0.033324
1953,-0.37831,-0.0059816,-0.27173,-0.041946,0.04124
1953,-0.54569,0.0052398,-0.12635,-0.1108,0.050137
1953,-0.39501,-0.1329,-0.082758,-0.21348,0.12576
1927,-0.39751,-0.00828,-0.21133,-0.15004,0.13818
1927,-0.52587,-0.31002,-0.10232,0.055409,0.080899
1927,0.33117,0.065845,-0.22815,-0.1191,-0.12239
1927,0.32738,0.23779,0.10288,0.032132,0.23236
1943,-0.55325,-0.24344,-0.25603,0.02322,0.041164
1943,-0.35727,-0.020265,-0.16722,-0.27036,-0.1372
1943,-0.47764,-0.026613,-0.097946,-0.18723,-0.017078
1943,-0.53507,-0.36492,-0.16169,0.10049,-0.0054871
1947,-0.37653,0.20486,-0.28478,-0.0027232,-0.048976
1947,-0.60794,-0.25777,-0.14726,-0.036122,0.048781
1947,-0.42281,0.21635,-0.16837,-0.015646,0.022798
1947,-0.57462,-0.21032,-0.17254,0.022037,0.036714
1954,-0.41147,0.029818,-0.26673,-0.113,0.046709
1954,-0.58407,-0.38191,-0.10122,0.087551,0.062663
1954,-0.44962,-0.03792,-0.14532,0.00036244,0.0381
1954,0.38204,0.17238,-0.038925,-0.038969,0.27653
1955,-0.55368,-0.18521,-0.2175,-0.036767,0.027494
1955,-0.58038,-0.083324,-0.22952,-0.22576,0.040544
1955,-0.59162,-0.18797,-0.15014,-0.045609,0.047988
1955,-0.55218,0.16133,-0.22989,-0.052666,-0.0032332
1948,-0.5243,-0.17895,-0.1404,-0.11997,0.1686
1948,-0.57659,0.17936,-0.061926,-0.2485,-0.0031446
1948,-0.57109,-0.18825,-0.23662,-0.020061,0.0086055
1948,-0.49547,0.3569,-0.18593,0.12974,-0.16339
1959,0.47299,-0.062238,-0.23236,-0.10202,-0.032798
1959,0.34899,0.0033491,-0.094467,-0.049893,-0.044522
1959,0.52561,-0.077739,-0.1151,-0.051876,-0.20429
1959,0.28468,0.056643,-0.22086,-0.12204,-0.12669
1938,-0.50709,0.30689,-0.16971,0.12093,-0.12333
1938,-0.49901,-0.36029,0.074752,-0.2378,0.083014
1938,-0.43945,-0.42969,0.036845,-0.13098,0.011799
1938,-0.42734,0.36631,-0.18594,-0.016915,-0.036826
1958,-0.52365,-0.16168,-0.24156,-0.029511,0.022093
1958,-0.60478,-0.11255,-0.19637,0.035589,0.041203
1958,-0.5896,0.021696,-0.25165,-0.08632,0.013212
1958,-0.54711,-0.055289,-0.18465,0.14341,0.041261
1935,-0.35748,-0.22396,0.15018,-0.20761,0.0079634
1935,-0.3204,0.31726,0.019955,-0.19521,-0.20829
1935,0.46181,-0.16125,-0.11597,-0.084624,-0.11666
1935,-0.485,-0.052986,0.16422,-0.095761,-0.075463
1908,0.51699,-0.14268,0.085296,0.10641,-0.38197
1908,-0.47263,-0.25178,-0.19518,0.06108,0.10881
1908,0.56721,0.039522,0.24684,0.1784,0.089015
1908,0.55874,0.017913,0.25248,0.17658,0.062952
1950,-0.38116,-0.03214,-0.25816,-0.0061291,-0.0038947
1950,0.38386,0.022259,-0.26727,-0.10621,-0.0046953
1950,-0.39699,-0.08656,-0.29284,-0.0457,0.019957
1950,-0.58521,-0.0035549,-0.18858,0.0651,-0.084819
1960,-0.57441,-0.032681,-0.25645,-0.043472,0.061048
1960,-0.59178,0.24237,-0.042485,0.02737,-0.085098
1960,-0.42679,0.05031,-0.28863,0.019119,0.0767
1960,0.64408,0.010864,-0.23702,-0.062889,0.077135
1939,-0.41979,0.14865,-0.23371,-0.30408,0.0030572
1939,0.34603,-0.16987,0.031262,0.14317,-0.15585
1939,0.21313,-0.04744,-0.076656,0.027815,-0.016169
1939,0.42546,0.042068,-0.19899,-0.01045,0.14058
1942,-0.50879,0.19128,-0.0095138,0.10954,-0.061065
1942,-0.57829,-0.10279,-0.043238,0.084301,-0.089861
1942,-0.46024,0.32917,-0.15682,-0.12879,-0.027507
1942,-0.52323,-0.062697,-0.27276,0.013642,0.0053998
1937,0.42915,-0.055945,-0.27196,-0.15195,-0.01259
1937,-0.50106,-0.13196,-0.23537,-0.00028853,-0.029927
1937,-0.42205,0.057905,-0.22453,-0.013605,-0.03128
1937,-0.41653,-0.0045317,-0.32598,0.036197,-0.048854
1956,-0.51694,-0.14786,-0.29796,-0.078893,0.11655
1956,-0.53354,-0.14395,-0.18038,-0.0091325,-0.0035311
1956,-0.50178,-0.12366,-0.24095,-0.069233,0.09037
1956,-0.53285,0.0027429,-0.22741,0.031444,0.036815
1947,-0.53804,0.31636,-0.054659,-0.0033281,-0.072099
1947,-0.53747,-0.050567,-0.081545,0.20411,0.03306
1947,-0.51295,-0.30564,-0.12302,0.11495,0.049851
1947,-0.5624,0.041317,-0.15512,-0.066056,0.070598
1932,-0.30133,-0.067166,-0.23073,-0.13552,-0.057162
1932,-0.37358,0.1046,0.10253,-0.27291,0.13
1932,-0.44742,0.2632,-0.17717,0.25492,-0.042717
1932,0.37469,-0.13887,-0.2434,-0.086039,-0.23284
1962,0.61098,0.091796,-0.16217,-0.03243,0.14182
1962,0.5229,0.01363,-0.28698,-0.12524,0.02219
1962,-0.48522,-0.36455,0.03905,-0.24282,0.05324
1962,0.40603,0.17004,-0.052868,-0.057622,0.14892
1934,0.54599,0.14713,-0.11808,-0.027988,0.34827
1934,-0.28419,0.15047,-0.12027,0.046718,0.036333
1934,-0.59086,-0.017374,-0.21895,-0.045532,0.01286
1934,-0.53845,0.14391,-0.25853,0.14823,-0.039442
1941,-0.47291,0.13017,-0.30208,0.0011703,-0.10383
1941,-0.36277,0.28526,-0.19311,0.14489,-0.027246
1941,0.47219,-0.18408,-0.22124,-0.034536,-0.19946
1941,-0.35488,0.013194,-0.21225,0.033884,-0.03076
1938,-0.3955,-0.17735,-0.12642,0.16938,0.024716
1938,-0.45164,-0.22205,-0.17226,-0.05836,0.0038199
1938,-0.38425,0.015296,-0.23594,-0.027181,-0.040063
1938,-0.44215,0.028436,-0.25102,0.16886,-0.0826
1946,-0.62717,-0.18683,-0.24622,-0.0061256,0.042155
1946,0.2497,-0.11027,-0.2558,-0.098504,0.049261
1946,0.46468,-0.01516,-0.28207,-0.12654,0.026784
1946,-0.38978,0.10942,-0.076436,-0.0016253,-0.052297
1927,-0.32463,0.019763,-0.26347,0.11276,0.0067315
1927,-0.48017,0.012672,0.0025797,0.14551,-0.041562
1927,0.42602,-0.054371,-0.31116,0.0012363,-0.11798
1927,-0.43501,0.45163,0.0892,-0.16329,-0.08647
1925,-0.40913,0.081216,-0.23223,0.10889,0.070928
1925,-0.43844,-0.10276,-0.21085,0.11091,-0.069672
1925,-0.49654,-0.4123,-0.0038749,-0.14937,0.043605
1925,-0.41634,0.12043,-0.19687,-0.16508,0.0027418
1943,-0.16905,-0.0078613,-0.29542,0.0033473,0.12476
1943,-0.36409,-0.01307,-0.39426,-0.12368,-0.037569
1943,-0.52453,0.21439,-0.25436,0.061834,-0.10594
1943,-0.14763,-0.041212,-0.26821,-0.023569,0.059291
1945,-0.56729,-0.047071,-0.1812,0.010487,-0.022999
1945,-0.54602,-0.060054,-0.064329,-0.090615,0.062598
1945,-0.28931,0.0068249,-0.21517,-0.12298,-0.08831
1945,-0.44883,-0.080365,-0.28478,-0.14462,0.024603
1947,-0.38202,-0.17791,-0.04846,-0.024878,-0.067856
1947,-0.5452,0.223,-0.25803,0.030752,-0.14587
1947,-0.60666,-0.21063,-0.11585,-0.063525,0.079115
1947,-0.53913,-0.10456,-0.25163,-0.18839,0.097579
1942,-0.4818,-0.038732,-0.2338,-0.17832,0.12312
1942,-0.53924,0.15601,-0.30132,-0.028899,-0.032383
1942,-0.4095,0.019174,-0.15031,-0.206,0.18724
1942,-0.49965,-0.037236,-0.30056,-0.050749,-0.080851
1940,0.45983,-0.091138,-0.26998,-0.16908,-0.045163
1940,-0.5782,0.012227,-0.25615,0.095443,-0.018161
1940,-0.47106,-0.32498,-0.055648,-0.18302,0.087211
1940,-0.43109,-0.0035306,-0.095898,-0.33306,0.13106
1939,-0.47662,-0.21386,-0.17284,-0.1408,0.16856
1939,-0.55948,-0.26956,-0.19136,-0.21454,0.012958
1939,-0.3927,-0.093406,-0.22099,-0.06801,-0.14959
1939,-0.31526,0.041911,-0.047972,-0.34289,-0.059023
1949,-0.5294,-0.023186,-0.29214,-0.11845,0.1019
1949,-0.22451,-0.16585,-0.21506,0.023691,0.11868
1949,-0.64834,-0.033985,-0.17466,-0.17344,0.062841
1949,-0.64227,-0.037423,-0.17311,-0.16746,0.070462
1929,-0.56337,-0.17079,-0.17526,0.16035,0.015653
1929,0.57772,0.012524,-0.30809,-0.10421,0.0029743
1929,-0.36534,0.14619,-0.085719,0.092385,-0.035399
1929,-0.46312,-0.088304,-0.1644,-0.17013,0.14091
1930,0.26922,-0.073449,-0.25614,-0.13662,0.0955
1930,-0.33257,-0.10449,0.24071,-0.02944,-0.13917
1930,0.30731,-0.07373,0.15996,0.10131,-0.25297
1930,0.38663,-0.1606,0.15116,0.13138,-0.29798
1936,0.291,-0.19454,0.12788,0.10474,-0.27686
1936,0.25035,0.085968,-0.25256,-0.18602,-0.20111
1936,-0.34946,0.042432,-0.31668,0.12328,-0.049409
1936,-0.58758,-0.00047257,-0.17028,-0.10853,0.023346
1928,-0.4505,0.071705,-0.14647,-0.19185,0.070713
1928,-0.40144,0.060533,-0.14926,-0.057279,0.0066628
1928,-0.49581,0.39882,-0.075322,-0.08101,-0.13881
1928,0.47156,0.075273,0.15486,0.12283,0.037351
1948,-0.5121,-0.30511,-0.054929,-0.14428,0.084745
1948,0.53557,-0.03842,-0.31501,-0.051443,-0.07076
1948,-0.47491,0.32106,-0.32358,-0.016586,-0.096584
1948,-0.34452,0.019242,-0.011229,0.10331,-0.074012
1962,-0.21794,0.1691,-0.32588,-0.046895,0.0313
1962,-0.40714,-0.18676,-0.21452,0.0039055,0.022939
1962,0.30573,-0.033849,-0.2342,-0.062057,0.12961
1962,-0.457,0.03255,-0.20125,-0.2171,-0.0789
1961,-0.57107,-0.12735,-0.17492,0.11156,-0.031747
1961,-0.59138,-0.050852,-0.22279,0.16827,0.0028828
1961,-0.52522,-0.14269,-0.23947,0.14426,0.065291
1961,-0.63451,0.019678,-0.28119,0.19103,-0.016006
1956,-0.43757,0.025471,-0.27843,-0.030978,0.040571
1956,-0.34634,-0.21317,-0.15903,0.041149,-0.011557
1956,0.3454,-0.11603,-0.30001,-0.14393,0.044631
1956,-0.44304,0.4643,0.0066136,-0.25796,-0.067255
1947,0.3709,0.016162,-0.12991,-0.054403,0.041006
1947,0.60178,-0.11038,-0.30921,-0.11887,-0.17053
1947,0.60755,-0.14471,-0.2099,-0.075131,-0.20107
1947,0.63076,-0.012106,-0.29708,-0.066424,0.0011417
1955,-0.58692,-0.32904,-0.19447,0.066723,0.09818
1955,-0.56406,-0.24803,-0.17579,-0.11758,0.025686
1955,-0.43983,0.15832,-0.12414,-0.097408,0.053008
1955,-0.57054,-0.13121,-0.2503,0.1954,-0.072386
1959,0.41259,-0.045732,-0.41359,-0.056002,-0.20611
1959,0.32637,-0.067576,-0.34116,0.083956,0.0054535
1959,0.43837,0.039536,-0.21032,-0.012032,0.29663
1959,0.4116,-0.2234,-0.22129,-0.2306,-0.044939
1960,-0.39508,0.22511,-0.31911,-0.010789,-0.042734
1960,0.26636,-0.032767,-0.33592,0.069911,-0.11112
1960,0.23129,0.014911,-0.21338,0.061252,0.33124
1960,0.28505,0.052912,-0.21362,0.075624,0.33473
1944,0.30681,-0.12484,-0.35343,-0.13518,-0.10212
1944,-0.26788,-0.17955,-0.30359,-0.16747,0.16991
1944,0.27116,-0.041918,-0.22475,-0.23081,-0.11977
1944,0.21579,-0.017683,-0.329,-0.13512,-0.038864
1943,0.21987,-0.02855,-0.17607,-0.069326,0.014388
1943,0.35851,-0.044335,-0.2326,-0.028685,0.08319
1943,-0.40469,0.037202,-0.29457,-0.15875,0.00034875
1943,-0.56812,-0.33841,-0.12927,0.053772,0.043388
1963,-0.57055,-0.11978,-0.22795,0.077053,0.032001
1963,-0.56587,-0.18834,-0.22015,-0.20968,0.025604
1963,-0.51343,-0.30152,0.020042,-0.095094,-0.017861
1963,-0.44892,0.16531,-0.29474,-0.028806,0.057153
1957,-0.54741,-0.053638,-0.043995,-0.15273,-0.074746
1957,-0.57836,0.21683,-0.26421,0.16963,-0.12182
1957,0.34282,-0.059134,-0.13868,0.056376,-0.21785
1957,-0.56889,0.037018,-0.13587,-0.39041,0.044321
1942,-0.30833,-0.018859,-0.2716,0.092843,-0.071951
1942,-0.38079,0.071294,-0.16089,0.04414,0.029755
1942,-0.49135,-0.11646,-0.14968,0.057685,0.078811
1942,-0.42695,-0.0068923,-0.24257,-0.19503,0.006412
1935,0.26603,-0.022982,-0.27546,0.041965,-0.11165
1935,-0.5323,-0.26248,-0.2587,0.19234,0.030626
1935,-0.33012,0.23738,-0.13162,0.23335,0.00068315
1935,-0.59881,0.11363,-0.21123,0.27755,-0.10425
1953,-0.62975,0.10145,-0.23151,0.14516,-0.023281
1953,-0.66314,-0.10272,-0.21575,0.14622,0.00025726
1953,-0.63984,-0.09112,-0.21173,0.056164,0.053031
1953,0.17615,-0.018199,-0.27562,-0.015706,0.029989
1938,0.64275,-0.102,-0.30129,-0.064095,-0.13703
1938,0.5381,0.024828,-0.2018,0.10716,-0.071191
1938,0.46701,0.017415,-0.24474,-0.074625,-0.069894
1938,-0.60908,-0.17471,-0.10915,-0.0098689,0.04199
1972,-0.44686,-0.093113,-0.33823,-0.063911,-0.0011463
1972,-0.47114,-0.085195,-0.20911,0.019298,0.0061253
1972,-0.49919,0.039781,-0.12575,0.20034,-0.080441
1972,-0.53561,-0.1572,-0.23621,-0.096006,0.042907
1984,-0.34835,-0.042495,-0.26211,-0.037596,-0.048126
1984,-0.36186,-0.049783,-0.29516,-0.014801,0.096016
1984,-0.4483,-0.099684,-0.28538,-0.12818,-0.065965
1984,-0.42042,0.07492,0.019529,0.0069671,-0.094575
1976,0.60121,-0.12214,-0.24807,-0.074567,-0.26588
1976,0.60488,-0.15454,-0.20291,-0.058973,-0.31834
1976,0.54936,0.12204,-0.14941,-0.050484,0.31312
1976,0.59532,-0.021782,-0.31539,-0.090191,-0.022418
1958,-0.42026,-0.069376,-0.20223,-0.027056,0.084952
1958,0.63259,0.011451,-0.29155,-0.080291,0.081976
1958,-0.34456,0.12968,-0.03695,-0.19584,-0.011673
1958,-0.4933,-0.13304,-0.29274,-0.1287,0.054247
1980,-0.4245,-0.13075,-0.20036,-0.31704,-0.010501
1980,-0.43317,-0.16763,-0.21717,-0.039066,0.024022
1980,-0.51745,-0.18911,-0.17228,-0.22732,0.0884
1980,-0.44826,0.30401,-0.26402,-0.065937,-0.14242
1979,-0.63456,-0.083606,-0.28073,0.17384,0.029329
1979,-0.60719,-0.082246,-0.18069,0.14982,0.00346
1979,-0.38166,-0.014093,-0.32693,0.086908,-0.042687
1979,-0.56084,-0.20745,-0.21531,-0.037039,0.026395
1977,-0.59671,0.005774,-0.22056,-0.024899,0.0077015
1977,-0.44748,-0.095682,-0.2463,0.09375,-0.0042783
1977,-0.41997,-0.0059084,-0.25682,0.049698,0.062908
1977,-0.37469,-0.22342,-0.28207,-0.030801,-0.040348
1973,-0.59487,0.042526,-0.16022,-0.2679,0.091982
1973,-0.53105,0.026721,-0.17005,-0.08905,0.08484
1973,-0.54344,0.028263,-0.26753,0.00187,0.083128
1973,-0.65707,0.0062042,-0.23077,0.012046,0.03465
1934,-0.64746,0.09371,-0.25263,-0.0059077,0.038766
1934,-0.54799,-0.28122,-0.22088,0.12237,0.030839
1934,-0.61194,0.029703,-0.26877,0.18966,-0.034104
1934,-0.64171,-0.17883,-0.21762,0.14797,0.032226
1950,-0.60902,0.24781,-0.084741,-0.23956,-0.030893
1950,-0.54976,-0.29806,-0.19154,0.13696,0.06306
1950,-0.51747,-0.17574,0.0075794,-0.13543,-0.01576
1950,-0.59145,-0.011473,-0.093425,0.12103,0.0097838
1975,-0.45498,0.098456,-0.32949,-0.02245,-0.0044021
1975,-0.44483,-0.19084,-0.30817,0.083634,-0.02269
1975,-0.48434,0.091407,-0.19267,-0.16071,-0.017815
1975,-0.42262,-0.11118,-0.19315,0.096253,0.038673
1940,0.56246,-0.047193,-0.23989,-0.020392,-0.14311
1940,0.21062,0.013263,-0.22893,0.0044892,0.18019
1940,-0.53524,0.3365,-0.06066,-0.085468,-0.147
1940,-0.54124,-0.22968,-0.031326,-0.054305,0.060765
1968,-0.56844,-0.3751,-0.098901,0.04247,0.057274
1968,0.55837,-0.12524,-0.32071,-0.13336,-0.0049238
1968,-0.59367,0.29197,-0.23648,0.2093,-0.086778
1968,-0.58775,0.31263,-0.24445,0.19786,-0.11882
1981,0.48271,0.18223,0.071606,0.099851,0.48517
1981,0.48809,0.19219,0.083195,0.11407,0.48109
1981,0.497,0.11508,0.22861,0.146,0.28922
1981,0.51143,0.10054,0.23699,0.1422,0.27754
1960,-0.36004,0.12469,-0.16074,-0.12865,0.086728
1960,-0.378,0.104,-0.064885,-0.079534,0.063798
1960,-0.43777,-0.082152,-0.11744,0.0066788,-0.037768
1960,-0.52461,0.147,-0.059002,-0.13019,-0.085336
1991,-0.61138,-0.16617,-0.19098,-0.075039,0.0066207
1991,-0.61807,-0.18798,-0.25683,-0.0048455,0.047706
1991,0.37003,-0.018988,-0.16675,-0.085054,-0.040705
1991,0.42425,0.042789,-0.058343,0.021914,0.031751
1989,0.44492,0.0044764,-0.014461,-0.0029185,0.09187
1989,-0.50736,-0.15623,-0.038927,0.031709,0.032965
1989,0.33567,0.10283,-0.22843,-0.10914,0.37597
1989,0.56367,-0.1436,-0.17927,-0.032728,-0.17656
1949,-0.5477,-0.023341,-0.27281,-0.0014469,0.03194
1949,-0.53845,0.045223,-0.27336,0.09832,-0.036547
1949,-0.41624,0.072452,-0.27163,0.089078,0.024792
1949,-0.51889,-0.1274,-0.19325,0.15115,0.059371
1943,-0.028213,0.023275,-0.35664,-0.13608,-0.054731
1943,0.53573,0.14513,-0.1699,-0.059412,0.32011
1943,0.59596,-0.082942,-0.24267,0.0033321,-0.067924
1943,0.57461,0.12703,-0.24906,-0.10658,0.2492
1939,-0.5961,-0.1901,-0.13414,0.1087,-0.017194
1939,-0.54601,-0.015268,-0.10001,0.040707,-0.075395
1939,-0.51923,0.16994,-0.10921,0.12857,-0.059103
1939,0.47393,-0.093163,-0.15872,-0.10786,-0.23047
1974,-0.54347,-0.091921,-0.30503,-0.063414,0.03893
1974,-0.52753,0.034642,-0.2836,-0.014471,0.0072914
1974,-0.65414,0.046312,-0.23315,0.11556,-0.025968
1974,-0.57701,0.077424,-0.18379,-0.090397,-0.0019271
1982,0.32647,0.035463,-0.36241,-0.18428,0.037743
1982,0.27979,-0.013461,-0.34263,-0.059816,0.065396
1982,0.28019,0.0034535,-0.33245,-0.16259,0.039245
1982,0.29407,0.013805,-0.35503,-0.19494,0.047331
1988,0.52639,0.026372,0.26367,0.16601,0.057643
1988,0.49354,0.048413,0.27788,0.16452,0.050395
1988,0.44328,0.099588,0.26759,0.072147,0.042312
1988,0.46067,0.055794,0.26958,0.12123,0.060227
1983,-0.65113,-0.03696,-0.23564,0.082368,0.01491
1983,-0.58481,0.0092697,-0.26525,0.0049221,0.0053225
1983,-0.42747,-0.12024,-0.23617,-0.23538,0.1506
1983,-0.48909,0.16522,-0.25778,-0.20296,0.12576
1978,-0.63775,0.012984,-0.25646,-0.012762,0.027081
1978,-0.59728,-0.3073,-0.18994,0.052488,0.074529
1978,-0.5346,-0.28237,-0.16758,-0.025376,0.056525
1978,-0.50419,-0.068313,-0.24764,0.097785,0.011255
1969,-0.58428,0.32058,-0.24716,0.21367,-0.1002
1969,-0.41174,-0.14347,0.17407,-0.35078,-0.051735
1969,-0.51489,0.29632,0.026331,-0.27211,-0.075964
1969,0.40176,0.071557,0.26921,0.1701,0.0076255
1870,-0.48379,0.03557,-0.1792,0.016423,0.0019237
1870,0.41472,-0.019663,-0.084586,0.0040138,0.15493
1870,-0.60607,-0.069663,-0.2688,0.12255,0.0079919
1870,-0.5222,0.091054,-0.3033,-0.021563,0.054594
1898,-0.57653,0.035418,-0.30473,-0.094608,0.056761
1898,-0.49183,-0.049885,-0.15659,-0.037012,0.14057
1898,-0.59488,-0.19863,-0.1244,-0.0069571,0.0014388
1898,0.57778,0.10196,-0.1683,-0.044183,0.19121
1892,-0.45985,0.15784,-0.23466,-0.059239,0.056339
1892,-0.55832,-0.09929,-0.20009,0.028702,0.032549
1892,-0.4293,-0.088041,-0.23514,0.02461,0.041729
1892,-0.43157,0.17903,-0.113,-0.11721,-0.0073373
1892,-0.48393,-0.051361,-0.25727,0.047213,-0.010509
1892,0.43448,-0.17274,-0.19428,-0.083611,-0.19126
1892,-0.44823,-0.064033,-0.23273,-0.080356,0.043465
1892,-0.4504,0.14386,-0.15693,-0.079049,0.15009
1890,-0.57035,-0.054798,-0.19981,-0.00897,0.0019854
1890,-0.4605,0.10696,-0.21606,0.0079939,-0.028746
1890,-0.34342,0.12023,-0.22572,-0.12684,0.078002
1890,0.49105,-0.054805,-0.014459,0.080003,-0.19503
1867,-0.57738,-0.036052,-0.26148,-0.050706,0.10715
1867,-0.61006,0.16265,-0.29464,0.016851,0.023969
1867,-0.59144,0.18617,-0.29946,0.020394,0.016112
1867,-0.42523,-0.066281,-0.20524,-0.0035743,0.023517
1883,-0.49628,-0.076876,-0.23675,0.14813,0.030513
1883,-0.637,-0.21998,-0.21946,0.1098,0.042233
1883,-0.51055,0.41576,-0.053695,-0.2671,-0.12865
1883,-0.59487,-0.17377,-0.22097,0.068264,-0.015942
1863,-0.53459,0.083209,-0.23476,-0.070213,0.025783
1863,-0.59274,0.1116,-0.18785,-0.15436,0.025587
1863,-0.59594,-0.047929,-0.19081,-0.2322,0.05977
1863,-0.63787,-0.039798,-0.21427,-0.13531,0.079164
1890,0.54337,0.015594,-0.29822,-0.13668,0.15778
1890,0.60559,-0.06047,-0.3525,-0.06742,0.023531
1890,0.34564,0.010495,-0.08031,0.26364,0.027968
1890,0.40721,-0.087935,-0.24817,0.18778,-0.05982
1840,-0.55809,-0.34945,-0.17957,-0.093935,0.05769
1840,-0.40783,0.12328,-0.099795,0.014818,-0.020268
1840,-0.57633,-0.17983,-0.23444,0.099636,-0.00071702
1840,0.46967,-0.12146,-0.11772,-0.074074,-0.31487
1888,-0.57226,-0.06516,-0.2464,-0.0067788,0.063669
1888,-0.63886,0.0062482,-0.24148,-0.017182,-0.013734
1888,-0.50317,0.17653,-0.28294,-0.056373,-0.065529
1888,-0.60096,-0.12563,-0.22601,-0.11306,0.071215
1851,-0.33084,0.041589,0.00097702,-0.35171,-0.11868
1851,-0.46511,-0.082992,0.033471,0.20797,-0.15174
1851,-0.53876,-0.29842,-0.047466,0.01303,0.037102
1851,-0.391,0.25423,-0.15086,-0.036461,-0.04688
1875,-0.5357,0.20472,-0.062076,-0.26046,-0.046129
1875,-0.55241,0.13824,-0.12435,0.0051402,-0.15114
1875,-0.44417,-0.016774,0.03061,-0.0069742,-0.061547
1875,0.30621,-0.0048377,-0.12697,-0.12793,0.11199
1987,-0.58241,-0.27527,-0.15351,0.050839,0.063473
1987,0.47985,-0.071362,0.018979,0.032132,0.049617
1987,0.35312,0.040588,-0.22433,-0.16416,0.069302
1987,-0.38287,-0.02782,-0.10345,0.037872,0.0019145
1987,-0.5764,0.0043799,-0.14242,-0.17635,0.0095247
1987,-0.41136,-0.032903,-0.16362,0.072765,0.082076
1987,-0.43356,0.24044,-0.24423,-0.006785,-0.11741
1987,-0.53373,0.33296,-0.19398,0.019437,-0.108
1987,-0.46379,0.29595,0.071647,-0.35722,-0.056251
1987,-0.41741,0.41469,0.07802,-0.19965,-0.034696
1987,-0.5841,0.23829,-0.1847,-0.019888,-0.07527
1987,-0.42249,-0.14378,-0.12866,-0.11949,0.12077
2002,0.40045,-0.045733,-0.25871,-0.13939,-0.033535
2002,0.51727,-0.04074,-0.32529,-0.12389,0.0024636
2002,0.49069,-0.057177,-0.26695,-0.10318,0.015129
2002,-0.39903,-0.041662,-0.21045,-0.156,0.06708
1996,-0.32192,-0.18637,0.27652,-0.1464,-0.1051
1996,-0.35104,0.2799,0.19754,-0.13006,-0.079197
1996,-0.38393,-0.072584,0.22444,-0.10562,-0.15299
1996,0.50136,0.014251,0.23248,0.17057,-0.04285
2001,0.65822,-0.02508,-0.32136,-0.061194,-0.0040967
2001,0.66834,-0.038999,-0.32687,-0.078979,-0.033788
2001,0.67923,-0.041757,-0.28246,-0.075157,-0.01591
2001,0.65969,-0.062172,-0.31267,-0.088709,-0.046684
1987,-0.60502,0.0056524,-0.22302,-0.096158,0.01537
1987,-0.65876,0.17943,-0.23655,0.079743,-0.069836
1987,-0.57529,0.3196,-0.20738,0.061095,-0.10376
1987,-0.55313,0.2363,-0.23836,0.216,-0.14196
