-0.00035809,-0.00047434,0.00039391,0.00056243,-0.0028142,-0.00070803,0.0045279,0.0013578,-0.0025524,-0.00045173,0.0033929,0.0030355,-0.0001431,-5.3141e-05,0.00032601,0.0003678,-0.00014773,0.0033803,0.0034585,0.0041823,0.2827,0.18456,0.31417,0.20126,-0.29798,0.21081,0.30797,0.21859,-0.0034769,-0.00019505,0.0038384,0.0046181,-0.00033787,-0.00053857,0.0034484,0.0051287,0.25037,-0.18427,0.29622,0.19318,-0.27124,-0.21245,0.28218,0.22497,0.00092296,0.0045031,0.002696,0.0051844,1.4393e-05,-5.3592e-05,0.00033494,0.0003277,-0.0039062,-0.00093174,0.0045161,0.0022584,0.0022995,-0.00013168,0.0033251,0.0027933,-0.0003715,-0.00025034,0.00041336,0.0003464
0.00015834,-0.0012488,0.00087561,0.0016038,0.0053072,0.0026425,0.0075999,0.0053374,0.005632,-0.0051979,0.024369,0.019803,-0.00072404,-0.00048049,0.0011778,0.0010057,0.001291,0.0072549,0.0091429,0.0094844,0.22309,0.17542,0.28478,0.24364,-0.18376,0.21513,0.20464,0.27451,-0.0076373,0.0062928,0.0076373,0.010204,0.00086793,-0.0073507,0.0085231,0.0094186,0.27726,-0.20408,0.35213,0.22436,-0.24957,-0.27476,0.26589,0.27909,0.0017745,-0.0087273,0.0082072,0.010807,0.00095287,0.00090775,0.0012208,0.001121,0.0016738,-0.0019238,0.0090093,0.007696,-0.0044894,0.0068764,0.0071913,0.0085022,0.0011123,0.00016778,0.0015306,0.00072355
0.00040526,0.00039699,0.0011039,0.00082815,0.0014619,-0.0061853,0.0089554,0.01088,0.0017015,0.00055749,0.0096667,0.0071725,-0.0010571,0.00058083,0.0014087,0.00080642,0.00071398,-0.0041253,0.0046821,0.0064277,0.25545,0.23415,0.26057,0.24069,-0.19994,0.24528,0.21969,0.25074,-0.0045531,0.0023777,0.0061117,0.0060113,0.001648,0.006293,0.0061628,0.013778,0.29058,-0.22199,0.31207,0.24321,-0.24626,-0.24934,0.25592,0.25079,-0.003608,-0.0027028,0.0047323,0.0051682,0.00033287,1.3844e-05,0.00076812,0.0016825,-0.0014961,0.0029151,0.016321,0.010282,0.0030719,0.0026889,0.0055936,0.0036966,-0.00045027,0.00038931,0.00054431,0.00065171
0.00024594,-0.0006278,0.00057678,0.0014012,-0.0082997,0.0090479,0.0099403,0.010658,0.014614,0.023134,0.01511,0.025266,-0.0020261,0.0017547,0.0028166,0.0018922,0.00081052,-0.0068676,0.0058996,0.0072814,0.19186,0.19982,0.23981,0.26214,-0.11002,0.24122,0.23691,0.34155,-0.00057447,-0.0017453,0.0072439,0.010413,0.0043572,0.0012431,0.0079838,0.0084746,0.27922,-0.16161,0.28698,0.25159,-0.24714,-0.25928,0.27093,0.31477,0.0049583,-0.0072623,0.0091634,0.0095464,0.001496,0.00022616,0.0017463,0.0017173,-0.0024809,-0.009892,0.0079874,0.013707,0.002475,-0.01273,0.0047825,0.01348,0.00041724,-0.0002087,0.00075384,0.00055548
0.00018377,-0.00020973,0.0023601,0.0017986,-0.011809,0.010059,0.023212,0.023707,0.022153,0.012515,0.076561,0.028067,-0.0016565,7.958e-05,0.0064356,0.0034385,-0.0010993,-0.003774,0.0091985,0.0086513,-0.11537,-0.10729,0.20704,0.13022,0.24215,-0.12626,0.45606,0.26556,-0.016106,-0.015878,0.021031,0.022709,-0.0037395,0.0020426,0.0092642,0.0047424,-0.17847,0.12508,0.26289,0.14903,0.17744,0.054893,0.55396,0.26452,0.0087049,0.0042695,0.012762,0.0084289,0.00039811,-0.00012184,0.001108,0.0009806,0.0041228,-0.0081632,0.018293,0.014056,0.0045629,0.00252,0.019814,0.016094,-0.0016134,0.001184,0.0021042,0.0018539
0.0037995,-0.001264,0.0038632,0.0018367,0.017422,0.0007619,0.019407,0.012528,0.014227,0.016242,0.018933,0.031312,-0.00064016,0.0029578,0.0045995,0.0046216,0.010968,-0.005177,0.011843,0.0086485,0.38092,0.10322,0.39187,0.27129,0.062194,0.10969,0.11412,0.18013,-0.004684,-0.00087689,0.0077775,0.013644,0.0080791,-0.0015656,0.010405,0.0047674,0.3771,-0.22771,0.40298,0.31305,0.057477,-0.14587,0.13924,0.21841,-0.010427,-0.013886,0.014877,0.020797,0.00064136,-0.0009375,0.00097657,0.001282,0.039738,0.011611,0.039738,0.015533,0.023474,0.0015719,0.027698,0.014564,-2.9441e-05,0.0019205,0.0012109,0.0027258
-8.7661e-05,0.00090816,0.0025204,0.0015112,0.0095339,-0.0023747,0.012568,0.01053,-0.0073878,-0.0035672,0.016577,0.028291,-0.0011635,0.00095053,0.0016898,0.0019846,-0.0028338,0.0033764,0.013471,0.014648,0.23451,0.15263,0.32121,0.2613,-0.2696,0.15434,0.29215,0.2629,0.0080571,0.00024958,0.01117,0.0085138,-0.012763,-0.0032405,0.015336,0.015369,0.22036,-0.17104,0.31422,0.33475,-0.17575,-0.10503,0.29198,0.28094,0.0018433,0.010471,0.0071609,0.015781,-0.0018678,-0.0013489,0.0025959,0.0022204,0.0080675,0.0016365,0.014588,0.010009,0.011881,-0.0021169,0.024895,0.01191,-0.001232,0.0012391,0.0020326,0.0021951
-0.0005915,-0.0017603,0.002908,0.0025801,0.024554,-0.040801,0.0433,0.06306,-0.050736,0.0040001,0.053032,0.02245,0.00049967,0.00095545,0.0019311,0.0017512,-0.0058416,0.0053664,0.016591,0.016529,0.23725,0.13101,0.28161,0.2703,-0.28187,0.19069,0.28502,0.25375,-0.0021159,-0.0017396,0.014745,0.015985,-0.01239,-0.004978,0.01707,0.012951,0.19925,-0.22226,0.28504,0.29633,-0.2225,-0.21449,0.26075,0.26566,0.011649,0.007368,0.013209,0.020864,0.00072771,0.0012321,0.0016778,0.0026269,-0.00086477,0.011497,0.014297,0.019481,0.0048995,0.022675,0.036673,0.03612,-0.00011036,-0.00052117,0.0016274,0.0017652
-0.002959,0.0026026,0.0082286,0.003763,0.018008,0.014896,0.034906,0.015903,-0.023933,0.0017729,0.025805,0.012364,0.00032556,-0.00059533,0.0016221,0.00078137,-0.01752,-0.019318,0.036198,0.022674,0.173,0.037293,0.32572,0.1544,-0.15894,0.20305,0.2522,0.28532,-0.0019628,0.00767,0.0222,0.012266,-0.034685,0.0097081,0.046493,0.018458,0.34713,-0.028207,0.35895,0.095796,-0.19618,-0.18121,0.47982,0.19644,-0.057885,0.0041062,0.067246,0.011769,-0.0022672,-0.0010822,0.0093708,0.0042094,0.030291,-0.0071082,0.048441,0.02923,-0.033963,0.0070443,0.056289,0.022743,-0.0012808,0.00051357,0.0062202,0.0051039
-0.00061739,0.00047533,0.0015633,0.0013226,0.0036565,0.0022948,0.034402,0.018785,0.003417,0.0030671,0.051599,0.018375,-0.0022903,9.4279e-05,0.0032742,0.0033355,-0.00040369,0.00095098,0.0096094,0.014256,0.18009,0.14793,0.2556,0.2673,-0.14999,0.14513,0.36233,0.38397,0.010505,-0.0033352,0.016438,0.01221,-0.0057371,0.0034563,0.013453,0.0090942,0.2527,-0.17459,0.34606,0.21368,-0.23925,-0.19022,0.27644,0.20507,0.011203,0.0081879,0.026412,0.016008,0.0060257,0.0027164,0.0064277,0.0061065,-0.016631,0.02185,0.021097,0.025666,0.016032,0.026079,0.055273,0.041749,0.0041845,0.0042878,0.015634,0.0090547
-0.001218,-0.00086837,0.0015551,0.00098316,-0.0016388,-0.00043213,0.0054882,0.0063468,0.030504,0.005432,0.055853,0.011839,0.0064174,8.1228e-05,0.0070504,0.0011663,-0.0012974,0.0052652,0.0056996,0.0066144,0.24466,0.1379,0.39858,0.16728,-0.052871,0.18957,0.41995,0.27069,0.022707,-0.023306,0.037626,0.024253,-0.0038812,-0.001377,0.006033,0.007588,0.27691,-0.14541,0.30211,0.17291,-0.15694,-0.2072,0.30428,0.23501,0.0094924,-0.0065753,0.021679,0.01218,0.00040088,-0.0017519,0.00076826,0.0023697,0.00058177,-0.0026146,0.0069268,0.0060099,0.01632,-0.014657,0.040584,0.029382,-0.00095377,0.0015073,0.0025783,0.0039935
0.00096099,-0.0016583,0.0062594,0.0033285,-0.020661,-0.011396,0.03187,0.015104,-0.0016253,-0.0026148,0.0092435,0.0050055,0.0070529,-0.0014716,0.0078025,0.0019015,-0.019477,0.0041999,0.029443,0.017613,0.14433,0.1207,0.19619,0.20588,-0.097736,0.20671,0.31742,0.25902,0.018508,0.009677,0.0424,0.03468,-0.024645,0.018482,0.060612,0.032963,0.35902,-0.074115,0.44645,0.11683,-0.30187,-0.020994,0.35217,0.24858,0.036536,-0.00287,0.079072,0.031227,0.0051366,-0.0015933,0.010402,0.0021891,0.039926,0.021114,0.083761,0.022231,-0.056002,-0.0080276,0.064023,0.020532,0.0044732,-0.0017584,0.0056285,0.0026687
0.0027369,-0.0017901,0.0028133,0.001889,0.0054406,0.0016589,0.0079237,0.011142,0.00032317,-0.0028309,0.0051311,0.0079647,-0.00067422,-7.1574e-06,0.00072956,0.00088676,0.0032092,-0.0059245,0.0072997,0.0075458,0.28026,0.098033,0.28832,0.18679,-0.067795,0.30344,0.10839,0.31632,0.0056403,0.052591,0.016756,0.056385,-0.0011462,0.00051277,0.0035927,0.0046969,0.28671,-0.1142,0.36874,0.13566,-0.08584,-0.37831,0.1472,0.38307,0.016307,-0.032699,0.020575,0.069428,0.00010242,0.00011514,0.0004486,0.0002774,0.0076895,-0.019688,0.027968,0.021894,0.016249,0.0052731,0.03186,0.019369,0.0040155,-0.0025502,0.0056125,0.0034656
-0.0002156,0.00053748,0.0014031,0.0010742,-0.0037531,-0.00049697,0.008867,0.0038327,0.0058779,0.0013851,0.0098333,0.0033936,-0.00036983,0.00039776,0.00072672,0.00050621,-0.0082388,-0.00052012,0.012766,0.0034761,0.039853,0.15419,0.71034,0.16916,-0.042882,0.12246,0.21823,0.13918,9.9087e-05,-0.00054495,0.0083724,0.0042973,0.0018925,0.0015133,0.0067622,0.0040601,0.15141,-0.15379,0.39687,0.19297,-0.15138,-0.080306,0.2702,0.1119,0.00613,-0.00023747,0.0090661,0.0031797,0.00026179,-0.0006334,0.0014925,0.00092867,-0.011004,-0.0030132,0.013094,0.0068104,0.0095061,-0.0025454,0.011757,0.0047363,0.00056438,0.00012791,0.0011409,0.00078792
0.0043317,0.00014747,0.0043433,0.0007366,0.027413,0.0041968,0.027413,0.004785,-0.018769,-0.0017865,0.019846,0.0087624,-0.0017921,-0.00080062,0.002626,0.0012246,0.034167,-0.0015712,0.034213,0.0070497,0.38158,0.10849,0.38158,0.12409,-0.35229,0.086664,0.36673,0.14587,0.0073991,0.019873,0.024518,0.021823,0.028621,0.012467,0.028788,0.013706,0.20924,-0.16807,0.28368,0.20743,-0.17426,-0.16268,0.2649,0.24923,0.00037421,-0.0025575,0.022006,0.014767,0.0042495,0.0019194,0.0042956,0.0021971,0.002815,0.0058917,0.015754,0.007833,-0.0011204,0.00054189,0.0092502,0.0078621,-0.00107,-0.00093765,0.0019599,0.0014919
-0.00051996,-0.00038262,0.0022159,0.00069053,-6.6923e-05,0.014924,0.042037,0.018504,-0.0090998,0.007307,0.017564,0.016485,-0.00019879,0.0012655,0.0031044,0.0023548,-0.007683,-0.0076451,0.012653,0.018678,0.25932,0.081723,0.37808,0.1595,-0.26576,0.16303,0.37096,0.24594,-0.015364,-0.0017307,0.036279,0.011375,0.0045851,0.0011699,0.022365,0.0086962,0.2313,-0.11548,0.37606,0.14446,-0.19041,-0.12924,0.3633,0.18763,-0.0079721,0.014254,0.036856,0.049803,0.0019286,0.0013003,0.0038276,0.0013852,0.00075413,0.0065367,0.012075,0.013586,0.0033623,0.024897,0.034924,0.027348,-0.00027541,0.00021385,0.0039332,0.0020063
-0.00090223,-0.001303,0.0015437,0.0019366,-0.0034852,-0.0062026,0.015864,0.0122,-0.0023214,-0.0038509,0.016044,0.014378,0.0010344,-0.00052817,0.0022489,0.0023281,0.0030248,0.00042907,0.0084961,0.015596,0.2146,0.14976,0.25259,0.28039,-0.26484,0.23788,0.29057,0.27556,0.0085342,-0.0014342,0.016802,0.0091781,-0.0017833,-0.0090849,0.006434,0.010459,0.25928,-0.21486,0.27848,0.24767,-0.22121,-0.20887,0.2987,0.25622,0.0021572,0.0002649,0.0066102,0.0033985,0.0002021,-0.0004569,0.001207,0.00091907,0.0037533,0.00060966,0.0070266,0.0091234,0.005226,-0.0025319,0.0062919,0.0066806,-0.00047716,-0.00015879,0.00099744,0.00096246
-0.0054058,0.0069064,0.0059796,0.009229,0.0098271,-0.01073,0.018482,0.042355,0.0085537,-0.019881,0.014964,0.022237,-0.00022702,-0.00045911,0.00043975,0.0010766,-0.059442,-0.026381,0.063312,0.04192,0.16289,0.15873,0.39595,0.3082,-0.16408,0.19196,0.27696,0.32384,0.033303,-0.013415,0.035968,0.015756,-0.010695,-0.0089966,0.013546,0.016271,0.31786,-0.12829,0.37257,0.17146,-0.20036,-0.086412,0.26806,0.16154,0.00024673,0.0025069,0.037562,0.016441,-0.00024291,0.00060651,0.0018319,0.0008835,-0.0037704,0.0063723,0.0042344,0.0083754,0.0087049,-0.014422,0.014353,0.01873,-0.0019918,-0.00043011,0.0031292,0.0012206
0.00012635,-1.7919e-05,0.0010786,0.00059865,0.0078514,-0.012027,0.010199,0.012193,-0.0013725,-0.0035967,0.01531,0.012047,-0.0017897,0.00080322,0.0025428,0.0013418,0.0060163,0.0044418,0.010157,0.0074649,0.23856,0.20102,0.27066,0.23664,-0.26588,0.21097,0.30193,0.26312,-0.0045146,0.0052091,0.0098014,0.013717,0.0063564,-0.0045633,0.0098258,0.01471,0.25987,-0.19048,0.27883,0.23225,-0.23442,-0.18751,0.30628,0.27463,-0.0094671,0.0095696,0.012022,0.012493,-0.00013768,0.0009328,0.0012116,0.0017471,0.010104,0.0013284,0.012617,0.0074766,0.0037458,0.0052203,0.012772,0.012869,-0.0012285,-0.00078945,0.0019107,0.0021072
0.00047664,-0.00011614,0.001143,0.0011947,0.0031711,-0.0036028,0.020587,0.0082192,0.0021066,-0.0068605,0.014641,0.015664,0.00035348,-0.0020247,0.00059083,0.0021032,-0.010053,-0.0016115,0.011338,0.013839,0.22584,0.18934,0.29238,0.28561,-0.17934,0.23028,0.29923,0.3812,0.011856,0.0007402,0.012425,0.0081399,-0.0018716,0.0067401,0.0060411,0.0092102,0.28404,-0.13024,0.35059,0.17917,-0.22987,-0.14096,0.24144,0.19712,0.0022576,0.0059199,0.011135,0.010275,0.00099636,-0.001432,0.0010459,0.001757,0.0088682,-0.0086912,0.01525,0.011492,0.0024765,0.001375,0.023776,0.012487,-0.001946,-0.00060536,0.0030371,0.0011417
-0.0023984,-2.0648e-05,0.0028413,0.00037783,-0.011086,0.022932,0.051272,0.028489,0.0071652,0.0017136,0.034595,0.017578,-0.00049201,0.00034815,0.0030638,0.0012234,-0.020334,-0.0014107,0.02198,0.0046094,0.18506,0.038582,0.38652,0.086853,-0.18157,0.10172,0.46148,0.17978,0.001468,0.0034353,0.029746,0.0088745,-0.018642,0.0012679,0.018761,0.0025993,0.0081041,-0.16769,0.39887,0.18284,0.028549,-0.18629,0.3551,0.33954,-0.03468,0.010003,0.047206,0.011894,-0.0028975,8.2914e-05,0.0028975,0.00061903,-0.011881,-0.0031947,0.041211,0.0086578,0.017161,0.00069317,0.065501,0.050275,0.00038029,-0.0003093,0.0099078,0.001495
0.00025243,0.0023318,0.00062252,0.0029473,0.0078686,-0.0051052,0.044266,0.020466,0.0047396,-0.0053155,0.025091,0.027216,-0.00098415,-0.00036869,0.0031074,0.0015571,-0.0095886,0.0028196,0.012494,0.0044693,0.10463,0.10626,0.39008,0.14846,-0.11863,0.10359,0.44961,0.29796,0.0074191,0.0014341,0.040829,0.024756,-0.0028649,-0.00041242,0.0058578,0.0035175,0.17574,-0.0041243,0.32785,0.076307,-0.27138,-0.13843,0.38926,0.28501,0.032322,-0.0067555,0.072077,0.02707,0.00077843,-0.00047917,0.00090124,0.00058941,-0.0090061,-0.0025398,0.028096,0.015049,-0.011612,0.0033722,0.0469,0.028549,-0.00051753,8.4423e-05,0.012129,0.0055801
0.0011461,0.00014172,0.0019653,0.0013015,-0.0040228,0.012215,0.012008,0.016681,0.0039251,0.013668,0.011885,0.014761,-0.0004029,0.00038405,0.0019126,0.0021928,-0.015304,0.0092765,0.020742,0.023956,0.22957,0.20867,0.30139,0.26929,-0.19934,0.29602,0.2343,0.32827,0.00014981,0.0026989,0.010569,0.013628,-0.055724,0.017651,0.055724,0.017651,0.37213,-0.069818,0.41539,0.12231,-0.14086,0.061998,0.2266,0.15791,-0.033034,0.017255,0.034051,0.020294,-0.0084032,0.0027155,0.0097884,0.0027745,0.037013,-0.011434,0.059838,0.021006,0.010277,0.001033,0.032045,0.0066954,-0.0057893,0.0019293,0.0058734,0.0023567
0.0013671,-0.0043393,0.0013871,0.0045822,0.014694,-0.01612,0.015319,0.018235,-0.0017237,0.00568,0.0057436,0.0070468,-5.7236e-05,0.00046819,0.00028308,0.00071224,-0.0081381,0.0050527,0.042525,0.052628,0.21159,0.028439,0.35704,0.21867,-0.059127,-0.0022074,0.22735,0.23405,0.000987,-0.0059019,0.0093068,0.010733,-0.009047,0.013096,0.035687,0.076965,0.080873,-0.024888,0.21391,0.5355,-0.11604,-0.093756,0.24104,0.4776,0.016704,-0.022414,0.034653,0.037993,0.0023592,-0.0028062,0.0041513,0.0045759,0.0039258,0.014727,0.019777,0.043473,-4.3018e-05,0.018321,0.010566,0.031448,-0.0018092,0.0029976,0.0024552,0.0038765
-0.0010784,0.0012998,0.0050855,0.0031669,-0.0023102,-0.01236,0.017895,0.015405,0.0096416,0.00023652,0.029525,0.025467,-0.0015823,0.002094,0.0037245,0.0029988,-0.002693,0.0094483,0.018162,0.023845,0.25277,0.1515,0.31295,0.20011,-0.19082,0.15661,0.3184,0.24594,-0.020615,-0.0020012,0.031756,0.03224,0.030728,-0.0017278,0.039026,0.039869,0.11962,-0.075238,0.43549,0.28197,-0.16758,-0.14555,0.35518,0.27089,-0.019766,-0.0021196,0.034271,0.016598,0.0012624,-0.0020375,0.0046543,0.003218,-0.0098802,-0.0082138,0.020153,0.021663,0.0155,-0.016528,0.026723,0.017859,-0.0025287,0.00065708,0.0050471,0.0028053
-0.001794,0.00092504,0.0026986,0.0022347,0.0030797,0.004669,0.0091131,0.011419,0.017503,0.0021728,0.032827,0.0082228,-0.0009633,0.00097357,0.0015169,0.0038335,-0.0054366,0.0020758,0.014094,0.010835,0.18935,0.17797,0.27169,0.23913,-0.1507,0.08465,0.2857,0.22173,0.0047422,-0.010947,0.010641,0.015036,0.0067674,0.0073865,0.018727,0.02066,0.26254,-0.13474,0.40929,0.35022,-0.26278,-0.083887,0.38427,0.18277,-0.0011504,0.0039417,0.024492,0.014213,-0.0020189,-0.0017081,0.004594,0.0058022,-0.0069889,0.0067781,0.019179,0.029521,0.001293,-0.0041494,0.015092,0.022164,0.00064996,0.00049474,0.001906,0.0011499
-0.00024419,2.9942e-05,0.0028019,0.0013197,0.0033042,0.010268,0.010739,0.014466,0.0020088,0.0092526,0.028834,0.015599,0.0026456,0.0010195,0.0039312,0.0021279,-0.0023203,0.0029806,0.013127,0.0091822,0.24961,0.16234,0.26568,0.19436,-0.20812,0.10911,0.2828,0.18077,0.0024019,-0.0020987,0.018915,0.01212,-0.0033601,0.0028624,0.0092489,0.018469,0.31804,-0.1042,0.43537,0.21198,-0.30088,-0.094258,0.36763,0.20371,0.012722,0.0040098,0.020041,0.023472,0.001061,0.00089167,0.0022825,0.0015412,0.033222,0.0077627,0.044467,0.019285,-0.034438,0.021293,0.043113,0.038865,0.00098198,0.00099742,0.0036159,0.0013867
-6.2839e-05,0.00012207,0.0022968,0.00097479,-0.0022979,0.0042294,0.0091902,0.0057055,0.0076881,-0.001306,0.014263,0.007548,-7.6219e-05,-0.00010092,0.0015126,0.0013723,0.0032934,0.0021419,0.017853,0.0087182,0.26305,0.099036,0.32275,0.18396,-0.25108,0.14441,0.31989,0.17042,0.0054452,0.00056719,0.014159,0.0094078,-0.0052156,0.00014527,0.029573,0.010994,0.34056,-0.048788,0.37955,0.18007,-0.33076,-0.092032,0.34347,0.16829,0.014086,0.0010116,0.021133,0.0095719,-0.0008675,0.00078372,0.0060083,0.0012342,0.011098,0.0067623,0.069238,0.0090954,-0.0093839,-0.0045018,0.019805,0.010925,0.0010992,0.00077662,0.0065364,0.0018317
0.00011969,-0.00029241,0.0012057,0.00094782,0.0049865,0.0012713,0.0095023,0.0078892,0.00046603,0.0026367,0.009501,0.010959,0.00083632,0.00019254,0.0010726,0.0010629,-0.0045289,0.0020685,0.010698,0.010579,0.27338,0.10419,0.41988,0.28311,-0.2498,0.11066,0.29425,0.18948,0.0097155,0.00018727,0.025438,0.017569,0.0021395,0.0027507,0.0071076,0.0091665,0.22067,-0.068107,0.4058,0.26113,-0.23457,-0.12041,0.2754,0.16293,0.00081545,0.00062481,0.014186,0.018727,0.00037154,0.0017304,0.0030604,0.0025989,-0.0025878,-0.0027773,0.0089307,0.0082732,-0.00071382,0.0012124,0.0076885,0.0074306,0.00071856,-0.0017564,0.0022933,0.0024778
-0.00067002,-0.0012923,0.0033625,0.0020347,0.030678,-0.0085878,0.03179,0.017413,-0.013369,0.025376,0.048985,0.029668,0.0016131,-0.00231,0.0031935,0.0024289,-0.0017331,-0.0026956,0.01849,0.012718,0.28967,0.059561,0.31085,0.1694,-0.18029,-0.01543,0.31073,0.31263,-0.0061323,0.0049978,0.016413,0.019707,-0.016491,0.0069414,0.024222,0.0093412,0.30577,-0.15068,0.33058,0.18133,-0.16158,-0.18852,0.39404,0.26385,-0.038798,0.00019184,0.041915,0.04958,-0.0026706,0.0016428,0.0032242,0.0019382,-0.00025,-0.0038208,0.012531,0.0088072,0.0025906,-0.0035604,0.012639,0.019986,2.8645e-07,-2.382e-05,0.0029149,0.00164
-0.00034431,0.00023556,0.0018533,0.00082059,0.012147,0.020961,0.019201,0.026406,-0.0077098,0.010757,0.02065,0.012297,0.000531,0.00047557,0.001333,0.0016238,0.0050565,0.00017323,0.011904,0.010236,0.3034,0.057947,0.37332,0.14658,-0.24666,0.18865,0.30123,0.24013,-0.0068089,0.0063395,0.014278,0.019409,0.000399,-0.0041335,0.012602,0.010021,0.22683,-0.10424,0.34881,0.17623,-0.11687,-0.22063,0.36386,0.28488,-0.019233,-0.0051245,0.026252,0.01541,0.00044392,0.00040341,0.0008014,0.00072062,-0.0047752,-0.011259,0.010259,0.019945,0.014979,0.0018357,0.043174,0.016694,-9.0582e-05,-0.00099875,0.0019802,0.0013109
-0.0051127,0.00013076,0.0057685,0.0021667,0.0033416,0.0014888,0.019386,0.028492,0.010967,0.0051158,0.052795,0.025919,0.001514,0.012825,0.0061232,0.014831,-0.033271,0.0044045,0.035939,0.016198,0.26307,0.20339,0.31375,0.21143,-0.052311,0.17057,0.37114,0.33417,-0.048198,-0.037471,0.050725,0.043246,-0.057816,0.020234,0.065049,0.027701,0.28566,-0.13919,0.3384,0.24397,-0.17901,-0.14666,0.26472,0.17905,-0.042998,-0.014512,0.046969,0.01927,-0.005874,0.0039671,0.0077752,0.0053989,-0.0096533,0.0021372,0.03419,0.036512,-0.005544,-0.022389,0.013342,0.036652,-0.0020048,0.00056192,0.0031929,0.002113
-0.0012226,-0.00049862,0.0020956,0.00061462,-0.0035305,-0.055184,0.06051,0.058271,-0.011154,-0.0074872,0.035652,0.01401,0.0015846,-0.00010531,0.0018981,0.00043997,-0.0079859,-0.002748,0.01334,0.0035304,0.24675,0.15607,0.31844,0.19862,-0.21076,0.12668,0.3876,0.16438,-0.014597,0.0049677,0.041921,0.0085259,-0.017946,-0.0012421,0.021835,0.0021085,0.29593,-0.13616,0.36077,0.14866,-0.24471,-0.12456,0.39905,0.15817,-0.010856,0.0060817,0.048215,0.009366,-0.0029809,0.00030822,0.0042482,0.00052209,0.0038977,-0.0019159,0.01061,0.0089725,0.0011534,-0.00063481,0.015278,0.0038748,0.0031631,0.0016703,0.01304,0.0018367
-0.00056789,-0.0002962,0.0010294,0.00068178,0.0018662,-0.0094829,0.057647,0.024875,-0.016535,0.00051792,0.044173,0.010466,0.0017862,-0.00044253,0.0023478,0.00080758,-0.0087511,-0.002763,0.012978,0.0055716,0.22678,0.086989,0.34016,0.24826,-0.17141,0.13273,0.42257,0.18131,-0.030416,0.014202,0.047672,0.016338,-0.015149,-0.0011122,0.018922,0.0028405,0.25479,-0.14936,0.31887,0.16338,-0.16414,-0.16091,0.43673,0.16996,-0.01652,0.017208,0.063364,0.018114,-0.000794,-4.1111e-05,0.0012101,0.00046636,-0.0041555,0.00054741,0.017362,0.0054028,0.014449,-0.00029266,0.025122,0.0037601,0.0022013,0.00040279,0.010782,0.0014461
0.00016282,0.00029407,0.00078383,0.00067188,0.027328,0.0010646,0.042201,0.013136,-0.040956,0.0095834,0.048273,0.011201,0.0015486,-0.00031842,0.0018283,0.00055989,-0.00098588,-0.0027935,0.007936,0.0045402,0.33664,0.029847,0.46618,0.070113,-0.3763,0.055296,0.43972,0.07145,0.0026468,0.00047686,0.011469,0.0027728,-0.01198,-0.0048683,0.012039,0.0053221,0.12454,-0.14581,0.30694,0.16917,-0.13958,-0.167,0.238,0.19887,-0.014931,0.0035291,0.026435,0.0062425,-0.00089951,-0.00021072,0.0016032,0.00029165,0.032638,0.010109,0.041407,0.014604,-0.025777,0.035624,0.045442,0.040864,-0.00048551,0.00029134,0.0045686,0.0010546
-0.0034102,0.00011862,0.0035339,0.00038766,-0.0033334,-0.0003084,0.018059,0.0067159,0.018518,0.0037536,0.025476,0.0064948,-0.0061901,0.0010967,0.008934,0.0011613,-0.019628,0.0020071,0.02042,0.0034368,0.10717,0.14593,0.25433,0.17698,0.038288,0.18897,0.33272,0.19212,-0.05141,-0.0096568,0.066421,0.012718,-0.014599,0.0012617,0.014867,0.0042085,0.34679,-0.056579,0.41034,0.085836,-0.23676,-0.05856,0.54611,0.095632,-0.029151,-0.0064073,0.046625,0.0083723,-0.002037,0.00043928,0.0021513,0.00047102,0.025239,-0.005973,0.042662,0.010616,-0.024721,-0.010317,0.059479,0.013176,0.001773,5.5174e-06,0.0032772,0.00053574
-0.00059239,-0.0003796,0.00222,0.0016277,0.0024787,-0.00027359,0.058564,0.030307,0.017396,0.0031649,0.042719,0.022588,-0.0034448,-7.4094e-05,0.0052197,0.0019972,0.0094347,0.020392,0.029071,0.046203,-0.15332,-0.08697,0.28776,0.24599,0.23823,-0.024881,0.32874,0.23408,-0.02301,-0.015347,0.030466,0.031496,-0.016001,-0.014298,0.072074,0.049402,-0.074268,0.11295,0.42746,0.2814,0.18895,0.043352,0.39236,0.30054,-0.033021,0.012574,0.072783,0.023449,0.0016726,0.0038287,0.0044743,0.0090869,0.022648,-0.019338,0.086452,0.04939,-0.025427,0.017429,0.037858,0.038778,0.0031414,0.0016045,0.0094173,0.0027035
0.00046366,-0.011303,0.0042469,0.011958,0.0035087,-0.0057649,0.025293,0.04505,-0.010795,0.017882,0.039353,0.044382,-0.0013418,0.0028839,0.0052014,0.0087984,0.020217,-0.014102,0.052611,0.066424,-0.12025,-0.08289,0.49913,0.29134,0.15142,-0.07357,0.30046,0.28839,-0.00533,-0.0035197,0.022987,0.038856,-0.034063,0.0098656,0.044338,0.06059,-0.016227,0.10899,0.37928,0.27841,0.060537,0.11246,0.32816,0.21973,0.021289,0.015172,0.032369,0.024862,-0.0014983,0.0031037,0.0066044,0.0040214,-0.00067398,-0.029302,0.050243,0.059239,0.023488,-0.026684,0.038226,0.034671,0.00076842,0.00051222,0.0015061,0.0014217
-0.0021022,0.0047499,0.0022925,0.0049259,0.011579,0.012592,0.017689,0.023844,-0.019713,0.0089353,0.070344,0.013277,-0.0071435,0.0011751,0.0093922,0.0030854,-0.041142,0.015282,0.058068,0.067621,-0.0038086,-0.15414,0.4652,0.25719,0.067334,-0.082252,0.36707,0.21222,0.0062225,-0.023883,0.038204,0.043343,0.0041134,-0.013724,0.047363,0.049588,-0.10553,0.13455,0.36579,0.27286,0.08113,-0.027136,0.35074,0.30388,-0.02458,0.027574,0.046575,0.057823,-0.0090836,-0.0019703,0.010874,0.0047275,0.021627,0.0015539,0.037531,0.030346,-0.023703,0.016622,0.071364,0.025296,-0.0086583,-0.0026463,0.011412,0.0052527
-0.00044607,-0.0074118,0.0056887,0.012325,0.025562,0.0054914,0.045914,0.041774,-0.0070462,-0.0035092,0.039648,0.039859,-0.0075973,-0.0058268,0.0092436,0.0075627,0.0050145,0.014738,0.044704,0.045006,-0.063279,-0.16468,0.34265,0.31279,0.20871,-0.1129,0.32966,0.24342,-0.063539,0.017738,0.10447,0.043322,0.041205,0.010656,0.058427,0.042848,-0.081064,0.14869,0.27917,0.39601,0.19971,0.15669,0.31695,0.21133,-0.038515,-0.0011853,0.062026,0.069859,-0.0068418,-0.0010352,0.0099696,0.0019719,0.045283,-0.0095005,0.065779,0.047019,-0.0054883,0.0012246,0.013791,0.013481,-0.00023545,0.0037511,0.0095031,0.012372
0.00051734,-0.00079304,0.0022402,0.0014957,0.045007,-0.048567,0.053507,0.058894,-0.021551,-0.0018381,0.037628,0.035017,0.0024953,-0.0019648,0.0026598,0.0032415,0.0016011,0.00088076,0.0046667,0.0058872,0.45475,0.095449,0.48316,0.16369,-0.22031,0.035496,0.2558,0.093598,0.034871,0.010292,0.034871,0.014503,0.0069747,0.02011,0.0092543,0.02104,0.14674,-0.087026,0.23408,0.27006,0.12393,-0.12581,0.23806,0.36716,0.0072624,0.0030486,0.012832,0.016719,0.00041912,0.00026219,0.0010112,0.0011772,-0.0028201,0.0066753,0.016052,0.011227,-0.00583,-0.012112,0.025756,0.025551,0.00089597,-0.0087932,0.0066589,0.012339
-8.0081e-05,-0.00036046,0.00022728,0.00084099,0.00010001,0.0021622,0.0051833,0.0041096,0.021151,-0.0082153,0.021151,0.0089202,0.0027249,-0.0017892,0.0030355,0.00198,0.0012232,0.0035287,0.0047251,0.0051642,0.30444,0.20506,0.32602,0.23578,-0.1544,0.23545,0.3132,0.255,0.023242,0.0053075,0.032103,0.011704,0.0030736,-0.0051361,0.0073608,0.0071175,0.25435,-0.20536,0.28147,0.23698,-0.11169,-0.22337,0.29983,0.24574,0.01228,-0.0053878,0.028062,0.01102,-0.0007112,-1.4032e-05,0.0011808,0.00095349,0.008946,0.0026737,0.0090261,0.0071151,0.022944,0.015686,0.024005,0.018873,0.0013366,-0.00026583,0.0031668,0.00070262
-0.001464,-9.7663e-05,0.0022786,0.00089172,0.0069163,0.0073494,0.058821,0.02313,-0.017795,0.0074725,0.020974,0.010549,-3.4547e-05,0.00024264,0.00085632,0.00050325,0.0022559,-0.0055964,0.0063212,0.0084105,0.36114,0.036634,0.47819,0.13848,-0.32761,0.16139,0.34177,0.21641,-0.0075803,0.0033595,0.0098302,0.011074,0.0097337,0.016415,0.01233,0.019098,0.17406,-0.094704,0.25978,0.29649,-0.12123,-0.14212,0.15672,0.24786,-0.00084469,0.015476,0.0062824,0.020218,5.0985e-05,0.0023973,0.00062773,0.0029305,-0.0035163,0.0052712,0.010319,0.019429,-0.00085002,-0.0052316,0.010132,0.010522,0.00053426,0.00066253,0.003069,0.0020431
-0.00086782,-0.0005458,0.0011006,0.00061086,-0.004382,-0.013997,0.0094421,0.014399,0.0079481,0.013992,0.020277,0.024035,0.00067828,-0.0017879,0.0017367,0.002041,0.015282,-0.012865,0.02192,0.016303,-0.16409,0.044811,0.22302,0.1317,0.27034,-0.00082873,0.46827,0.17356,-0.029578,0.00042449,0.050459,0.021068,0.013879,0.016496,0.036112,0.035139,-0.056418,0.1349,0.34431,0.36332,0.13115,-0.036011,0.37114,0.35489,-0.023273,0.016083,0.045907,0.071138,-0.0013041,-0.0077991,0.0031748,0.0085263,0.0034353,-0.047291,0.01728,0.060786,0.0018517,-0.004885,0.025457,0.049872,0.00031048,0.0053683,0.001968,0.0056474
0.0024142,-0.003415,0.0038874,0.0082987,0.0071624,0.011606,0.03377,0.022261,-0.013423,-0.016075,0.038118,0.023592,0.0044393,0.0044849,0.0067198,0.0066296,0.02582,0.012738,0.027355,0.040966,-0.085617,-0.32013,0.26777,0.40989,0.23442,-0.042327,0.3118,0.17183,-0.0016549,0.010714,0.014013,0.018063,-0.0062561,-0.0084436,0.029545,0.050038,0.027027,0.28886,0.12772,0.48578,0.14549,0.05473,0.21226,0.20952,2.9362e-05,-0.012948,0.011466,0.025064,0.00036752,-0.00037502,0.0010968,0.0007185,0.041509,-0.009727,0.042612,0.016065,-0.010306,0.0094734,0.01895,0.011732,-0.00072325,0.0014314,0.00098168,0.002011
0.00026861,0.00021632,0.00089056,0.0010928,0.018501,0.0023516,0.079479,0.037255,-0.014602,0.0043615,0.071135,0.031829,-0.0063553,0.0088853,0.0065128,0.0090649,-0.030812,-0.025568,0.047766,0.031081,-0.12075,-0.1189,0.41871,0.27592,0.26026,-0.098799,0.41669,0.19628,-0.00037596,-0.001632,0.0085946,0.0077297,0.0093684,0.0074383,0.042297,0.0245,0.023136,0.0074604,0.24755,0.27549,0.13487,0.022906,0.4756,0.1484,0.0013785,-0.0031959,0.0044665,0.0079333,-0.0083018,0.0011943,0.0095549,0.0017956,0.012862,0.0078589,0.020919,0.015907,0.0080447,-0.00039776,0.044449,0.011397,0.001609,0.00083091,0.0019775,0.0012481
-0.0015938,0.0006725,0.0019088,0.0012138,0.0036553,-0.0095621,0.078593,0.019834,-0.018059,0.0021301,0.018913,0.0037299,-0.00013726,6.8904e-05,0.00024444,0.00025138,-0.011437,-0.0023617,0.013545,0.0071053,0.29846,0.011587,0.4207,0.063183,-0.31767,0.17411,0.32241,0.17888,0.00072022,0.0013524,0.003289,0.0030503,-0.009366,-0.00051858,0.011208,0.013283,0.31992,0.0077846,0.33327,0.064287,-0.31927,-0.076008,0.31992,0.141,0.001075,-0.00082627,0.0049921,0.0073007,-0.00024991,0.00011518,0.00033881,0.00051866,0.015644,-0.03379,0.019102,0.043231,-0.020652,-0.033281,0.023391,0.033702,0.00026838,-1.6812e-05,0.00038151,0.00046747
-0.00031685,0.0001024,0.00038218,0.00033919,-0.0027874,-0.0033176,0.075653,0.012176,0.0203,-0.0013973,0.055199,0.010123,-0.01065,0.0012142,0.010871,0.0014773,-0.00045153,0.00091185,0.0026196,0.0035442,0.20429,-0.007805,0.41555,0.078502,-0.088001,0.098879,0.42911,0.20161,-0.046951,0.01083,0.046974,0.011706,-0.0015605,-0.00018102,0.0043551,0.0029871,0.26126,0.067598,0.36323,0.10895,-0.1621,-0.064638,0.48944,0.16269,-0.026287,0.0083946,0.026304,0.018937,0.00081715,0.00052925,0.0012499,0.00094564,0.010956,-0.019772,0.0264,0.03598,-0.00048302,-0.0082315,0.06464,0.03034,-0.0049782,-0.0016745,0.0051292,0.0025215
2.7356e-05,0.00012781,0.00064049,0.0010665,-0.0011103,-8.6021e-06,0.0052261,0.0039142,0.020692,0.012083,0.022044,0.013688,-0.0022107,0.0042733,0.0073948,0.0042757,-0.0031198,0.0070368,0.016048,0.0084562,-0.062723,-0.060235,0.096708,0.10614,0.36692,0.029418,0.37385,0.17362,-0.0062307,0.0035926,0.0079268,0.0046013,0.0076015,0.036905,0.023737,0.04615,-0.11536,0.37758,0.13081,0.41557,0.21552,0.11503,0.46126,0.20558,-0.00018698,0.00047834,0.00024013,0.00047834,0.00011478,5.1535e-06,0.0001175,7.6193e-05,-0.00016828,0.00034559,0.00054501,0.00048013,0.00033339,0.00061214,0.0013565,0.00081054,-9.8578e-06,-5.2332e-06,2.1882e-05,2.7653e-05
-0.00064941,-0.00040919,0.001289,0.00083806,-0.0010783,0.0034247,0.011044,0.0090575,0.02612,-0.010891,0.032175,0.010917,0.00029209,-0.00060906,0.00086452,0.00091258,-1.3377e-06,0.0024767,0.0048964,0.005426,0.22467,0.17657,0.24351,0.20775,-0.072591,0.19107,0.32478,0.22913,0.0030106,0.0019184,0.0056218,0.0048299,-0.0033539,-0.00073491,0.0060864,0.0088893,0.42845,-0.10039,0.43997,0.13468,-0.26434,-0.053418,0.34622,0.095947,0.0014319,-0.0012935,0.0058535,0.0058776,-0.00018517,0.00044341,0.00063743,0.00086717,0.044512,0.001311,0.047411,0.0078772,-0.022005,-0.014283,0.034082,0.016995,-0.0014332,-0.0032262,0.00165,0.0037391
0.00051503,0.00090942,0.0022363,0.0011632,0.04276,0.00087964,0.04345,0.0092817,0.00049352,8.7072e-05,0.00093067,0.0004583,-0.00010452,0.00083728,0.0011424,0.00088886,-0.015002,-0.012963,0.015978,0.013385,0.38526,0.025216,0.45147,0.13072,-0.027917,-0.12855,0.20214,0.12971,0.0002293,-0.00077021,0.00081061,0.00089714,-0.0062059,-0.0055905,0.010294,0.0094561,0.15566,-0.17878,0.26419,0.25064,-0.075939,-0.30679,0.36956,0.34381,0.024214,-0.048251,0.030804,0.048411,0.00019532,0.0019639,0.0025657,0.0023316,-0.0010019,-0.0018015,0.015867,0.0047276,-0.0027456,-0.0030727,0.0071397,0.00848,-9.2748e-05,-0.0005282,0.0015141,0.0010729
0.00016231,-0.00032098,0.00072948,0.0016301,0.0061439,-0.0023141,0.0082614,0.0074005,0.042833,0.0095784,0.05296,0.019,-0.00023168,-0.00013037,0.0003828,0.00048471,0.0090331,0.028655,0.012209,0.03606,0.16851,0.2853,0.19336,0.29731,0.081157,0.040829,0.40731,0.21875,0.0064519,0.00050923,0.0080444,0.0031435,-0.0023065,-0.025991,0.01095,0.033578,0.10319,-0.30999,0.14132,0.39959,0.040354,-0.18145,0.3937,0.22973,0.018872,-0.0025211,0.020261,0.0042228,-0.00036466,-0.0013913,0.00085629,0.0046702,0.010664,0.013838,0.011009,0.021429,0.014716,-0.0098111,0.041596,0.015669,0.0049665,-0.0013257,0.0050269,0.0017205
0.0067569,0.0011982,0.0071595,0.0033334,-0.0057116,0.034004,0.010586,0.037212,-0.0037881,0.0040368,0.014407,0.040052,-0.00047224,-0.0024866,0.00068018,0.0058857,0.064271,-0.015756,0.064285,0.018149,-0.28119,-0.17025,0.37029,0.18027,0.19602,-0.06464,0.30098,0.18506,-0.0054278,0.011803,0.0061086,0.01474,0.014542,-0.0093769,0.024053,0.013784,-0.08205,0.1166,0.48043,0.26157,0.20801,0.18122,0.29102,0.21079,-0.023741,-0.027404,0.026104,0.040043,-0.00088037,-0.00036214,0.0023115,0.0011575,0.056246,-0.024552,0.057322,0.027549,-0.041379,-0.0072395,0.041452,0.013182,-0.0011754,-0.0016217,0.0028015,0.00274
0.00057618,6.1224e-05,0.00066237,0.00093888,-0.00032723,0.011981,0.0037081,0.012785,-0.0026444,0.02198,0.0074764,0.023472,0.001358,0.0028043,0.0018402,0.0038329,0.0057959,-0.016283,0.010607,0.072059,-0.060518,-0.35998,0.11603,0.42179,0.22232,-0.20811,0.22384,0.23004,0.0015151,0.006511,0.0033343,0.0071396,-0.013538,-0.012766,0.015825,0.015385,-0.1083,0.0061142,0.15052,0.20799,0.4316,0.077916,0.43203,0.086701,-0.0021068,-0.0053884,0.0092207,0.0054231,-0.0012602,0.0022284,0.0015843,0.0022932,-0.0021223,0.020468,0.025754,0.02212,0.052426,0.0084648,0.052698,0.0095494,-0.0011126,-0.00027528,0.0015656,0.00049707
-0.00025549,0.00031517,0.0010717,0.00064683,0.038068,-0.005924,0.038231,0.012601,0.052839,-0.0093612,0.052839,0.010304,0.00054896,-0.00056181,0.00054896,0.00071649,-0.0015977,-0.0035785,0.0062601,0.010113,0.42571,0.08034,0.43647,0.11657,0.00739,-0.022526,0.33913,0.27523,0.016561,-0.041667,0.01806,0.044396,0.001861,0.0054135,0.0052536,0.0092146,0.26027,-0.13994,0.27005,0.19873,-0.0589,-0.27093,0.18084,0.29592,0.0119,-0.030415,0.024394,0.040373,-0.0008996,-0.00041387,0.0011548,0.00070611,0.0058737,-0.0039632,0.011063,0.010503,0.022401,0.0039113,0.040094,0.027934,-0.0032727,0.002159,0.0036306,0.0024926
-0.00056152,-0.00038689,0.00075734,0.00096731,0.045881,-0.016089,0.05,0.019287,0.019352,-0.014955,0.077321,0.034593,0.001548,-0.0013238,0.0023449,0.0031006,-0.0013784,-0.0029132,0.016504,0.010286,0.24267,0.16484,0.28418,0.234,-0.021449,0.051612,0.36399,0.29222,0.012124,-0.031912,0.021454,0.040939,-0.00087828,0.0022243,0.0074576,0.010771,0.41852,-0.068382,0.43694,0.10048,-0.20573,-0.032808,0.25583,0.18863,0.010444,0.035618,0.015131,0.048062,0.0014354,0.0082504,0.0017579,0.0082504,0.019372,0.048717,0.030722,0.0527,0.02714,0.025709,0.047457,0.032603,-0.00021183,-0.0011435,0.00078029,0.0021366
-0.00010327,6.6126e-06,0.00032878,0.00029717,6.4279e-05,-0.00078544,0.0022672,0.0021702,0.032013,0.0056469,0.064778,0.022841,-0.0057817,0.0061183,0.0058745,0.0062997,-0.00070588,0.0018934,0.0020121,0.0045459,0.11515,0.10252,0.40881,0.16508,-0.053992,0.1289,0.26575,0.39855,-0.01044,-0.009633,0.012991,0.020051,0.0042588,0.001472,0.0053959,0.008727,0.14742,-0.039607,0.27939,0.42206,-0.099786,-0.21829,0.28462,0.29753,-0.012113,0.01526,0.034701,0.074129,0.0020715,-0.00010061,0.0020891,0.0013333,-0.010637,0.0039446,0.054731,0.03434,0.0083216,0.043497,0.045654,0.062215,-0.00109,-0.0027535,0.0045326,0.005673
4.1128e-05,-0.00019798,0.00013731,0.00024113,1.5449e-05,-0.00041516,0.0011739,0.0011957,-0.00013281,-0.0005313,0.0015794,0.0013752,7.6333e-05,-1.4381e-05,0.00016831,0.00043614,0.0021741,-0.00050952,0.0028528,0.0057611,0.17648,0.20797,0.20934,0.22089,0.03567,0.42677,0.062762,0.45868,-0.001393,0.061882,0.0057022,0.062224,0.0034852,0.00030048,0.003792,0.0017146,0.44117,-0.091703,0.4475,0.10235,0.01393,0.01804,0.064059,0.047614,0.0018502,-0.00093153,0.0050472,0.0052848,0.00027308,0.00014592,0.00070199,0.0004542,0.047941,-0.012822,0.049263,0.013957,0.023986,-0.01011,0.027178,0.014703,-0.00046667,3.9441e-05,0.00084391,0.0012928
0.00018102,-8.1837e-05,0.00054456,0.00052023,0.0010225,0.0013621,0.0019882,0.0031878,-0.00083285,0.00061988,0.002582,0.0035098,0.0012832,0.0028032,0.001343,0.0029258,0.00021893,0.00028083,0.0052081,0.0059037,0.21673,0.20209,0.22618,0.21679,0.13189,0.37907,0.13705,0.38782,0.013235,0.029494,0.015755,0.035993,0.0019077,-0.0014347,0.0053837,0.002633,0.47014,-0.10556,0.47549,0.11071,0.0060357,0.0020443,0.039039,0.038584,-0.0029503,0.00076926,0.0050017,0.0025403,-6.6644e-05,9.1068e-05,9.8297e-05,0.00014459,0.056125,-0.0091327,0.056356,0.010142,0.01699,-0.008724,0.020393,0.0096309,-0.0002193,-0.00073504,0.00092391,0.0008564
0.0016369,-0.00069629,0.0017824,0.00099314,-0.013832,0.0052766,0.046675,0.037451,0.015601,0.015717,0.062551,0.055959,0.0047332,-0.0047272,0.0086229,0.0080357,0.001675,8.5878e-05,0.0036477,0.0032059,0.12504,0.036323,0.29714,0.33803,0.086599,0.10978,0.36551,0.44919,-0.045963,0.0075488,0.066291,0.065887,-0.002552,0.0018998,0.0046197,0.0047516,0.20774,-0.059716,0.23815,0.25046,-0.15032,-0.22724,0.29204,0.27369,-0.024065,-0.022757,0.026734,0.025042,0.00015728,-0.00021754,0.0003703,0.000395,0.00079172,-0.00011125,0.0033988,0.0023905,-0.0004514,0.00095808,0.0030182,0.0016261,0.00026965,0.00024204,0.00056061,0.00057757
-0.00021423,-0.00030736,0.00028414,0.00042286,0.0014,-0.00035104,0.0030747,0.0015168,0.00054258,0.00052074,0.0016045,0.001716,-0.0008896,0.00038543,0.00094477,0.00056809,-0.0013679,0.00047149,0.0024595,0.0014716,-0.14482,-0.22289,0.15912,0.23545,0.16628,-0.16327,0.16957,0.1724,-0.0020471,0.0013668,0.0032884,0.0024626,-0.0098482,-0.0077282,0.010799,0.0085866,-0.38672,0.063144,0.42804,0.15967,0.42155,0.055597,0.42241,0.063457,-0.00033421,-0.0010324,0.0016037,0.0015263,-0.010428,-0.0033889,0.010676,0.0059409,-0.00054691,0.008597,0.072217,0.027754,0.038518,0.01605,0.039448,0.016394,-9.559e-05,0.0001186,0.00014214,0.0001605
-0.00019117,-2.4067e-05,0.0003308,0.0004894,-0.0003112,0.0023731,0.0026757,0.0040134,-0.00013463,-0.00031727,0.0012758,0.0020906,0.00052018,-0.00083388,0.00063615,0.0013815,0.0014716,-0.0073916,0.0047931,0.012588,-0.24584,-0.25795,0.25607,0.26545,0.25754,-0.2352,0.26509,0.2352,-0.00047779,0.00050285,0.0018514,0.0040105,0.0075828,0.0059035,0.010281,0.011408,-0.2277,0.26111,0.24657,0.27943,0.23458,0.2395,0.24314,0.2421,0.00054755,8.0925e-05,0.0017712,0.0062046,-0.00047917,-0.00049661,0.00060182,0.00076586,0.0028047,0.00058748,0.0031516,0.0015764,-0.0024478,-0.0026633,0.0033427,0.0035024,-0.00028202,5.1418e-05,0.00035788,0.00042278
-2.975e-05,2.0578e-05,2.975e-05,2.1626e-05,-0.012792,-0.017251,0.03389,0.021305,0.0064067,-0.0045031,0.075502,0.023536,0.00016725,0,0.00016725,0,-0.00073841,-0.0009649,0.0034459,0.0014127,-0.18555,-0.074909,0.43404,0.18976,0.23515,-0.051814,0.31089,0.15604,0.00087002,7.9244e-05,0.0013398,0.00023547,-0.039603,-0.0052046,0.041803,0.010631,-0.084495,0.042772,0.52589,0.31583,0.23951,0.12723,0.24633,0.12876,0.0009388,4.693e-05,0.0009388,0.0001093,-0.0016359,0.00063573,0.0016817,0.00077291,0.015372,-0.01974,0.075949,0.038269,0.014606,-0.010144,0.015834,0.013949,0.00029484,-8.571e-05,0.00029484,0.00015471
0.0028032,6.2021e-05,0.0030086,0.00040367,0.033038,-0.0075339,0.033276,0.0092584,-0.00047919,-0.0026161,0.0041565,0.003401,-0.00021516,-0.00049584,0.00042978,0.00058602,0.0011623,0.0039532,0.029566,0.010804,0.050066,-0.28529,0.37422,0.2894,0.29286,-0.17645,0.31439,0.21813,0.0013229,0.003225,0.002997,0.0082159,-0.039151,0.014967,0.043425,0.018986,0.0795,0.038008,0.27735,0.19438,0.31908,0.09273,0.37554,0.20172,0.011703,-0.0096942,0.012893,0.01114,-0.0031617,0.0020196,0.0092042,0.0078155,0.013953,-0.013198,0.038133,0.02503,0.01912,-0.02938,0.039324,0.02985,0.0045979,-0.0045131,0.005463,0.0052704
0.00021005,0.0001531,0.00064631,0.00058215,0.046016,0.0041314,0.050551,0.0073209,0.012442,0.00096071,0.032218,0.0090663,0.0004701,1.385e-05,0.0010875,0.0015025,-0.00074375,-0.00070823,0.004299,0.0034671,0.46535,0.12096,0.50629,0.13864,-0.087918,-0.0092542,0.14189,0.064167,0.0032591,-0.0024044,0.0082272,0.0086218,0.0016531,0.00015383,0.0037287,0.0049021,0.17591,-0.1999,0.20518,0.21477,0.047147,-0.33541,0.082317,0.41356,0.0076686,-0.03621,0.015272,0.039067,0.00015548,8.8079e-05,0.00053057,0.0010854,-0.0011112,0.0016401,0.0040005,0.0052103,-0.00012008,0.0058889,0.0041723,0.0069761,-7.7534e-05,-0.00033275,0.00068745,0.0013495
-0.0004092,-8.4077e-05,0.0015084,0.00092679,0.042538,0.0081395,0.043496,0.009387,0.018409,0.0041859,0.027607,0.01494,-0.00037031,-9.6736e-05,0.00080781,0.00029893,0.0021443,-0.00037939,0.0058052,0.0025384,0.42961,0.1141,0.44786,0.14304,-0.052946,0.045966,0.12066,0.09199,-0.0029722,-0.00052813,0.0047194,0.010641,0.0010858,-2.5875e-05,0.0042242,0.0039721,0.22543,-0.17052,0.24044,0.23651,-0.016188,-0.36519,0.062185,0.45946,0.0058155,-0.045159,0.011807,0.059397,-0.00023434,-9.7582e-05,0.00068026,0.00024216,0.00087865,-0.0012363,0.0040622,0.0027247,-2.9069e-05,0.00061511,0.0020534,0.0017739,0.00019989,-9.1339e-05,0.00029454,0.00050591
-0.0043305,0.0019306,0.0074115,0.0028136,0.0079528,-0.0046165,0.033784,0.033055,0.020783,0.0060672,0.033602,0.022466,-0.0032701,0.0010833,0.0040534,0.0035167,0.00072131,0.0044463,0.013805,0.011624,-0.18818,-0.12144,0.27422,0.33776,0.27191,-0.10293,0.37213,0.1502,-0.0094771,0.0010376,0.011204,0.018038,-0.013063,-0.016452,0.022716,0.024858,-0.19582,-0.091907,0.26478,0.18654,0.38262,0.094423,0.40852,0.15711,0.00013061,0.0042911,0.0078055,0.015172,-0.0041923,0.0025663,0.0062167,0.0043264,0.030566,0.040258,0.048238,0.049324,0.013401,0.0027934,0.031764,0.02217,0.00043205,-0.00042782,0.00054807,0.00084409
-0.0035944,-0.00028274,0.004268,0.00084892,0.014912,-0.024287,0.060651,0.025485,-0.01153,0.017599,0.02116,0.01812,-0.001529,0.0022197,0.0018438,0.0023815,-0.029376,-0.0028813,0.03106,0.0061667,0.25163,0.070493,0.44544,0.1105,-0.16869,0.089936,0.41322,0.29994,-0.0027887,0.0060149,0.013695,0.012085,-0.016468,-0.0034446,0.02282,0.010546,0.31067,-0.039767,0.32405,0.18738,-0.20726,0.037781,0.31437,0.16287,0.01479,-0.0063522,0.02647,0.017481,-0.0026222,0.0021196,0.0035411,0.0026389,0.010209,-0.012233,0.030143,0.039257,0.0077471,-0.021154,0.025462,0.031651,-0.0032759,0.0025613,0.010057,0.0041875
0.0042468,0.00010299,0.0063934,0.0003581,-0.052653,0.0041353,0.055677,0.0044113,0.058769,-0.0026505,0.061586,0.0035626,-0.00033433,0.00040385,0.0007771,0.00072658,0.031506,0.0029,0.041611,0.0060274,-0.39121,-0.0094418,0.40045,0.043069,0.41431,-0.013161,0.43925,0.028606,-0.00047474,0.00066713,0.0022074,0.0021885,0.022863,0.0063926,0.02582,0.0083348,-0.21792,0.14881,0.23424,0.16716,0.22078,0.10552,0.25346,0.1507,-0.0018136,-0.001005,0.0037652,0.0065427,0.00081332,0.00031082,0.00099232,0.00056172,0.0016618,0.0023295,0.0033786,0.0039786,-0.021912,-0.0096793,0.02489,0.030539,0.00092103,-0.008041,0.0022175,0.013491
-0.004524,-0.0047748,0.004795,0.0053187,0.018621,0.01374,0.036367,0.038405,-0.0087555,-0.015922,0.021206,0.027809,-0.0056292,0.0028825,0.0087266,0.0039659,-0.0069918,-0.0092335,0.055738,0.051817,0.074172,-0.010954,0.35356,0.44403,-0.098776,0.047972,0.25005,0.30794,0.010116,0.017636,0.063906,0.023064,-0.030734,0.024759,0.037552,0.048952,0.29255,-0.043856,0.4247,0.13808,-0.17974,0.041287,0.37839,0.083536,0.016151,0.0063313,0.024905,0.0076735,0.00020339,-0.0014361,0.0012174,0.0019624,0.013117,0.019793,0.070891,0.024979,-0.0081683,0.0091545,0.051258,0.016511,-0.00069375,1.6145e-05,0.00078002,0.00030614
0.00015544,7.8185e-05,0.00064209,0.00031231,0.0037485,0.0014219,0.0054008,0.0044358,-0.008164,0.0091094,0.042856,0.0093268,-0.00033587,5.2737e-05,0.0011135,0.00044758,0.00083145,0.0014438,0.0032275,0.0023279,-0.17363,-0.13679,0.21373,0.15839,0.17307,-0.13177,0.24412,0.17808,-0.0043859,-0.00072818,0.0066198,0.0023162,0.0042285,-0.00017774,0.0056168,0.001587,-0.37783,-0.093991,0.41209,0.11184,0.42041,0.098058,0.44429,0.10806,-0.0082328,-0.0097325,0.015441,0.019979,-6.9686e-05,0.0003005,0.00041205,0.00034514,-0.010398,0.00036006,0.081653,0.011949,0.031693,0.0056446,0.035614,0.0090603,-0.0024961,0.0014453,0.0026079,0.0020774
-0.0021034,-0.0020712,0.0022638,0.0022513,-0.0077546,-0.00076031,0.017468,0.0095145,0.0062903,0.011233,0.01301,0.019296,0.0010708,0.0052252,0.0016709,0.0052391,-0.018398,0.010653,0.027051,0.03597,0.20197,0.090938,0.27641,0.20606,0.028197,0.17726,0.12746,0.34068,0.0043325,-0.021068,0.025214,0.058484,-0.01498,0.033571,0.042372,0.034285,0.14249,-0.038523,0.41139,0.21523,-0.11557,-0.12752,0.32614,0.51733,0.011285,0.010702,0.018119,0.018585,-0.0017142,-0.0029551,0.0042415,0.0052582,0.0064954,0.031581,0.058001,0.07876,-0.018425,-0.015509,0.031565,0.02806,0.0046824,0.0040756,0.0049902,0.0047371
-0.0022461,-0.00026383,0.0023458,0.0011534,0.068959,0.0073916,0.069355,0.0096596,-0.0039323,-0.00019782,0.0046175,0.0023739,-0.0002592,0.00097609,0.00046178,0.0010483,-0.021093,0.00039385,0.021926,0.001796,0.45973,0.081868,0.46725,0.10342,-0.055072,0.0093948,0.058638,0.028718,-0.0037443,-0.010118,0.010786,0.029352,-0.011709,-0.0020573,0.014893,0.011475,0.24225,-0.17309,0.24922,0.18885,-0.074373,-0.36487,0.086553,0.44034,-0.013288,-0.04768,0.016204,0.05597,-0.0013696,-0.00091518,0.0018829,0.0017989,0.0050808,-0.0034976,0.0085106,0.0056686,0.0008512,-0.016087,0.0037003,0.022423,-0.00064011,-0.00086415,0.0013959,0.0023603
-0.00081216,-0.00046677,0.00082481,0.001261,-9.2646e-05,-0.0050526,0.0051124,0.013639,-0.0068719,-0.0027265,0.0070394,0.010706,-0.00022701,-0.00012804,0.00028479,0.00024326,-0.0012669,-0.0025472,0.0019053,0.010929,0.20534,0.16154,0.23377,0.2345,-0.1683,0.37563,0.17014,0.41434,-0.0022685,0.0099562,0.0026067,0.0099688,0.00097837,-0.0033558,0.0034747,0.0093535,0.44116,-0.094251,0.45996,0.1019,-0.03585,0.035804,0.051737,0.086282,-0.004056,0.052833,0.005108,0.059583,8.7092e-05,0.00081992,0.0005061,0.0011137,0.050182,-0.0047117,0.056013,0.020834,0.0104,-0.0090516,0.014612,0.0098481,-0.00029309,-0.00082462,0.00042634,0.00084688
0.00015628,-0.002085,0.00048392,0.002594,0.0014371,-0.00092608,0.0082184,0.010037,-0.0090977,0.00056142,0.0091515,0.014661,-4.697e-05,7.306e-05,0.00013854,0.00022933,0.00092738,-0.0066634,0.002864,0.011334,0.24316,0.12301,0.26976,0.21431,-0.20961,0.34589,0.21223,0.39673,-0.0025232,0.004903,0.0029058,0.0052971,0.0012905,0.0045938,0.0023838,0.0051059,0.43132,-0.051468,0.46148,0.070344,-0.045074,0.030524,0.050259,0.11528,-0.0057547,0.055642,0.010151,0.065486,0.0024563,0.0034819,0.0026956,0.0036799,0.031949,0.049497,0.032585,0.051028,-0.0019519,-0.0061231,0.003124,0.0061758,0.00040815,-0.00059157,0.00066691,0.0011919
-0.00048238,0.00037522,0.00059301,0.00053,-0.00031489,-0.0012544,0.0018072,0.0027323,0.00021552,-0.0029657,0.001833,0.0043945,-0.00012088,4.0044e-05,0.00050315,0.00097018,-0.00051586,-0.0034042,0.0037098,0.0082458,0.17878,0.19503,0.24921,0.22644,0.070161,0.39109,0.14726,0.40141,0.022294,0.040535,0.02241,0.040535,0.00029366,0.00068423,0.00040133,0.0013891,0.45185,-0.060964,0.46479,0.063922,-0.026567,0.007288,0.17746,0.027795,0.0021067,0.00012585,0.003887,0.0021866,1.1145e-05,-8.5056e-05,6.9387e-05,9.6625e-05,0.070235,-0.0060314,0.071798,0.0060314,-0.0014773,0.0011149,0.015999,0.0040415,-0.00098704,0.0002527,0.00099418,0.00054267
-0.0060925,0.0023388,0.00878,0.0043364,-0.00090513,-0.004931,0.022016,0.024594,0.0019988,-0.0090646,0.027698,0.015429,0.0064205,0.0021402,0.0069691,0.0040573,-0.07119,-0.012122,0.091759,0.035086,0.18519,0.15681,0.38167,0.21964,-0.040333,0.31397,0.16239,0.39393,0.02238,0.00069589,0.026708,0.02248,-0.024924,-0.0056151,0.03025,0.033556,0.18244,-0.15289,0.2658,0.40721,0.021131,-0.10428,0.30677,0.19739,0.0027896,-0.0035226,0.0090989,0.014356,-0.0025552,0.0026554,0.003264,0.0037206,-0.0075303,0.013072,0.02626,0.021571,0.02732,-0.029633,0.039703,0.035384,0.00097363,-0.00070558,0.0019386,0.0025852
0.0026702,-0.0017066,0.0060282,0.0052559,0.021317,-0.015469,0.058663,0.024157,0.0033472,-0.00074632,0.010082,0.012151,0.00070479,0.00082117,0.0013595,0.0020915,-0.01699,-0.0093791,0.025496,0.061479,0.30428,0.10172,0.46913,0.19981,-0.12316,0.079845,0.14608,0.13231,0.00017934,-0.0079865,0.0091823,0.013692,-0.0092226,0.014773,0.030453,0.063243,0.22308,-0.072603,0.40681,0.44028,-0.092759,-0.11645,0.25171,0.23282,-0.0008536,0.0040839,0.0096538,0.020856,0.0024866,0.0030447,0.0055114,0.0077546,0.0073885,-0.0034328,0.024036,0.052632,0.0021998,0.0073586,0.043976,0.032171,0.0027542,-0.00079972,0.0038458,0.0029756
-0.0022048,-0.0034132,0.0023659,0.0035841,0.0048222,0.00021426,0.010534,0.020039,0.0091691,0.022669,0.019495,0.038251,-0.0019582,-0.0016995,0.0034019,0.0040533,-0.011205,0.0015433,0.028649,0.04252,0.26049,0.095537,0.30121,0.29299,-0.2906,0.11103,0.34138,0.2304,0.00027916,0.0048356,0.012156,0.016693,-0.0077069,-0.0025995,0.014857,0.021183,0.336,-0.064274,0.34977,0.13448,-0.21666,6.9468e-05,0.38007,0.12643,0.023294,0.035638,0.036642,0.050014,0.00025533,-0.00025793,0.0016301,0.0022515,-0.00021773,0.0017671,0.015865,0.014535,0.0094307,-0.019794,0.029663,0.026469,0.0017578,-0.0033341,0.0036542,0.0042795
-0.00071493,-0.00026168,0.001446,0.00096293,-0.00083296,0.0012731,0.010714,0.013825,-0.020202,0.0049233,0.029336,0.023607,-0.0012837,0.00080693,0.0024994,0.0031285,0.0041323,-0.0013979,0.016724,0.021732,0.16857,0.097139,0.22102,0.16734,-0.19119,0.27893,0.38981,0.36402,-0.013846,0.039616,0.042352,0.045062,0.013693,-0.018007,0.030092,0.033737,0.17052,-0.14177,0.2709,0.22399,0.033259,-0.2072,0.38734,0.31035,-0.044317,0.0033071,0.068304,0.026916,0.0023381,-0.0043879,0.0033754,0.0051478,0.0084067,-0.020391,0.027829,0.028765,0.029886,-0.0040708,0.035455,0.022697,-0.0027686,0.00085653,0.0071416,0.0035875
-0.00074582,0.00045589,0.0020367,0.0006563,-0.0068861,-0.0177,0.029378,0.022169,0.017168,-0.0092385,0.054258,0.011136,0.005252,-0.00053356,0.0063223,0.0023098,-0.00023948,-0.002512,0.012155,0.0048083,0.17543,0.11484,0.26009,0.16881,-0.13529,0.17931,0.34469,0.26504,0.033327,-0.0059469,0.036317,0.018814,-0.0050845,-0.0011328,0.014355,0.0040021,0.33175,-0.022482,0.37681,0.16765,-0.33024,-0.16979,0.33418,0.27806,0.01758,-0.0018173,0.03388,0.012527,0.0031654,0.00074761,0.0069781,0.00092364,0.0058674,0.016511,0.019037,0.017615,-0.015452,0.010664,0.030457,0.012872,0.0087706,0.006513,0.0091096,0.0066002
0.00018048,-0.00096462,0.010074,0.0053523,0.017709,0.0094834,0.051305,0.029993,0.00059255,-0.010323,0.0048086,0.015013,-0.00163,-0.001982,0.0039663,0.0030044,0.017037,0.019377,0.02817,0.027099,-0.18819,-0.16422,0.27369,0.25831,0.18599,-0.074601,0.27668,0.30667,0.0031889,0.010147,0.013789,0.010604,0.0085649,0.00016481,0.012753,0.018583,-0.25663,0.24048,0.30296,0.2716,0.23979,0.10278,0.41108,0.22554,0.0008536,-0.0018205,0.004181,0.0052276,0.001188,-0.0008792,0.0023237,0.0014045,0.0073178,-0.0017212,0.0099835,0.0065334,-0.0061533,-0.00099563,0.0099418,0.0038921,-0.00062443,-0.00038147,0.0010089,0.00079947
0.00018949,-1.7901e-06,0.00057824,0.00043646,-0.0050041,-0.0045198,0.01122,0.0068948,0.0060595,-0.0036535,0.0094152,0.010598,-0.0011545,0.00036123,0.0014957,0.00061776,-0.0029812,-0.0022257,0.0059001,0.0035557,0.27548,0.11991,0.31384,0.15461,-0.28194,0.09691,0.44647,0.14109,-0.0053586,0.0025921,0.0088064,0.0049879,-0.008641,-0.0012349,0.0088961,0.0029738,0.06259,-0.1827,0.40145,0.19941,-0.11178,-0.25532,0.27953,0.28404,0.00073835,-0.0020471,0.0082408,0.0029314,-0.0019509,-0.0002483,0.0020707,0.00051537,-0.02448,-0.0011656,0.046296,0.010395,0.015565,-0.0032294,0.020393,0.0054337,0.00077012,-0.00049313,0.0017872,0.00063446
0.00060098,6.3639e-05,0.00083792,0.00035465,-0.0025868,0.00091905,0.0055807,0.0048248,0.00088854,0.0063607,0.0074623,0.006923,-0.00082268,-7.1214e-05,0.0010993,0.00074799,-0.00044677,0.0010767,0.0055906,0.0035298,0.28017,0.11526,0.34161,0.14927,-0.25842,0.1061,0.4169,0.15585,-0.010759,0.0044518,0.013768,0.0053291,-0.01075,-0.0035494,0.012207,0.0044636,0.068339,-0.18193,0.38787,0.21737,-0.07244,-0.25676,0.33082,0.26524,-0.009347,-0.0016771,0.010638,0.0043105,-0.0022697,-0.00036549,0.0023885,0.00089435,-0.02812,0.0049245,0.054206,0.01142,0.027906,-0.0001349,0.028948,0.0059316,-0.00074385,-0.00065362,0.0013593,0.00081899
0.0008813,0.0014078,0.0034336,0.0046956,0.02405,0.0049037,0.041147,0.0523,0.0099972,-0.032904,0.025077,0.047566,-0.00092916,0.00047691,0.0017638,0.0033505,0.033326,-0.0048079,0.038437,0.0068664,-0.088866,-0.1146,0.42152,0.24145,0.22532,-0.12743,0.31879,0.30178,-0.010164,-0.0042421,0.018923,0.038299,0.05467,0.0083938,0.054973,0.010705,-0.095728,0.18353,0.38805,0.19102,0.15194,0.2099,0.30016,0.24059,-0.015078,-0.0020602,0.043761,0.077389,0.013036,0.0013229,0.013036,0.0016925,-0.020083,-0.026595,0.044935,0.04678,0.024131,-0.023753,0.041292,0.039358,0.00010331,-0.0059279,0.0022468,0.0073264
-0.0069398,-0.0020736,0.0073305,0.0027473,0.036504,-0.021796,0.059128,0.054206,-0.0095721,0.0064154,0.013187,0.013304,0.002492,0.0036575,0.0033552,0.0060097,0.0053343,0.010588,0.024368,0.024035,-0.19484,-0.090135,0.30134,0.31112,0.2213,-0.18709,0.24157,0.19112,0.0021037,0.00060657,0.006202,0.0070843,-0.055565,-0.038041,0.074898,0.068581,-0.043132,0.11821,0.47126,0.33533,0.25903,0.18469,0.26829,0.19317,-0.00045892,0.001575,0.0036657,0.0031916,8.9642e-06,0.0065453,0.0055392,0.0074196,0.0072264,0.0029851,0.017093,0.025532,0.00072206,-0.005007,0.011316,0.010636,-0.00038491,-0.0007542,0.00079709,0.001027
0.0086226,0.0050892,0.0096724,0.00661,-0.0086108,0.032487,0.033298,0.05301,-0.0066323,0.030144,0.03967,0.051387,0.0056485,0.0047935,0.0058322,0.0082954,-0.0081627,-0.037661,0.021553,0.043832,-0.048461,-0.18981,0.46351,0.23659,0.12514,-0.16396,0.4091,0.19758,0.036569,-0.024845,0.038371,0.042594,-0.00065168,0.053471,0.034385,0.07182,-0.10116,0.2054,0.28582,0.29388,0.16056,0.18029,0.2841,0.1972,0.022795,0.035798,0.024563,0.038732,0.00020263,-0.00020155,0.0017673,0.0055134,-0.013702,-0.026542,0.038588,0.06643,0.025534,-0.018756,0.030758,0.043406,0.0014081,-0.00017299,0.0017917,0.0012712
-0.0012834,-0.0020818,0.0041279,0.0079603,0.0018159,-0.0067456,0.024835,0.024502,-0.0041909,-0.013451,0.011186,0.025267,-0.0012706,-0.0027595,0.0018288,0.0029799,0.00123,-0.01096,0.013744,0.019926,0.18713,0.16543,0.22291,0.32082,-0.11934,0.11512,0.32697,0.28635,-0.0028114,0.0073744,0.0098632,0.011199,-0.0019555,0.0027546,0.010433,0.0095147,0.36215,-0.14069,0.38428,0.19231,-0.28257,-0.033991,0.35257,0.10575,-0.008961,0.00023241,0.0093384,0.0029144,0.001314,-2.1401e-05,0.0018164,0.0013156,0.049852,0.026778,0.054321,0.029009,-0.04659,-0.0046833,0.058777,0.011942,-0.00018901,7.7573e-06,0.0012501,0.00069891
-0.00019737,0.00019287,0.00065114,0.00038805,-0.0027543,-0.00031181,0.0082088,0.0039426,0.0022352,-0.00025847,0.0058935,0.0037117,-9.4056e-05,-0.00013428,0.00097903,0.00053048,-0.00059082,0.00011529,0.0036775,0.0026667,0.21154,0.12401,0.31202,0.13551,-0.214,0.18259,0.28287,0.19165,-0.00040112,-0.0014092,0.019599,0.0034098,0.0021938,-0.00067546,0.0054404,0.0033153,0.34846,-0.11242,0.38156,0.12449,-0.34623,-0.15564,0.39524,0.17724,-0.0042608,-1.3835e-05,0.019459,0.0033604,-6.5504e-05,0.00018023,0.0010008,0.00061628,0.0033603,0.0021687,0.0061401,0.0072275,-0.0026913,0.0065462,0.0065458,0.012438,-0.00054169,-0.00015636,0.0043209,0.00091231
0.00070477,6.3442e-05,0.0018968,0.0005068,-0.0059683,0.00022096,0.012089,0.0034883,0.0037351,0.001181,0.0087584,0.0042588,-0.00050357,-8.0458e-05,0.001053,0.00079765,0.0053508,0.0012293,0.0087672,0.0026808,0.19379,0.17404,0.29507,0.20873,-0.18641,0.20896,0.2091,0.25616,-0.0025626,0.00018761,0.0061247,0.001901,0.003861,-0.0010766,0.01179,0.0063386,0.27217,-0.1256,0.47725,0.16968,-0.3005,-0.20021,0.30536,0.20684,0.001757,-0.0016586,0.0029067,0.0029718,0.00041915,-0.0003103,0.0014913,0.00080863,0.00070354,-0.00044949,0.014284,0.0027133,-0.00076265,-0.0021975,0.0044525,0.0041831,-0.0002279,6.4029e-05,0.00048016,0.0003042
0.00012604,-0.00011818,0.00066099,0.0002874,0.008086,-0.0042959,0.011717,0.0051788,0.0057142,-0.0059553,0.010782,0.0099617,-0.0052274,-1.3427e-05,0.0053247,0.0012879,0.0027425,-0.0011867,0.0036783,0.001589,0.22617,0.18945,0.23559,0.21781,-0.13902,0.25693,0.25937,0.28913,-0.029139,-0.0029139,0.029578,0.010061,0.004271,-0.00088848,0.0058777,0.0014242,0.4392,-0.08686,0.44317,0.089348,-0.23272,0.095134,0.25977,0.16508,-0.017427,0.0044818,0.017678,0.012073,0.00037294,0.00063494,0.0004361,0.00083778,0.055345,-0.0072089,0.05616,0.013863,-0.0057463,-0.019176,0.019243,0.019926,-0.0079185,-0.00095773,0.0079286,0.0012604
-9.9071e-05,-7.446e-05,0.00031235,0.00018778,0.049161,0.0039707,0.050365,0.018484,-0.014607,0.0062483,0.02918,0.038965,-0.0025043,0.0031063,0.0030088,0.0034483,-0.00048738,-0.00097281,0.0022436,0.0021799,0.43106,0.099947,0.43906,0.11792,-0.12795,0.0064247,0.21212,0.13896,-0.019338,0.020608,0.039726,0.024339,-0.00085282,0.0022232,0.0022668,0.0044127,0.23825,-0.18421,0.24077,0.19638,-0.11136,-0.32427,0.3,0.32695,-0.0087145,-0.038728,0.031661,0.039468,8.4115e-05,0.00014836,0.00015707,0.00018561,0.00014661,-0.00019337,0.00068324,0.00098532,-0.00013317,-0.00017747,0.00085678,0.00076431,-6.4149e-06,5.3374e-05,9.5966e-05,0.00011004
0.00014721,-3.0173e-05,0.0002222,0.00013801,-2.4562e-05,-0.00025698,0.011695,0.0044366,0.0022293,-0.00033387,0.010667,0.016943,0.00030448,0.00040491,0.0022448,0.0020757,-0.0042247,-0.0027256,0.0047249,0.0034534,0.28577,0.1706,0.32392,0.20053,-0.24071,0.22995,0.29229,0.25175,-0.0020494,-0.00091953,0.0031031,0.0025296,-0.0041531,0.0010361,0.0075053,0.0047188,0.20485,-0.19632,0.25976,0.27249,-0.16711,-0.27159,0.25435,0.30521,-0.00029637,-0.00088893,0.0037618,0.0024491,-0.0011427,-0.00018461,0.0014656,0.0005366,0.011016,0.0038968,0.013066,0.012661,-0.005833,0.021188,0.019267,0.024478,4.4804e-05,-7.0056e-05,0.00046972,0.00017525
0.0001349,0.00020174,0.00038569,0.00057889,0.00018408,-6.4571e-05,0.0014927,0.00083185,-0.00031198,-0.00013937,0.0025031,0.0014899,-2.7418e-05,0.00042553,0.00019585,0.00047591,-0.0053815,0.00479,0.010183,0.0082471,0.24752,0.18563,0.25653,0.20377,-0.22906,0.2289,0.2956,0.27186,-0.0079747,0.0021398,0.011863,0.0079483,-0.0028624,-0.0073497,0.011306,0.0094624,0.21516,-0.15944,0.45058,0.17164,-0.18811,-0.23515,0.27102,0.24617,-0.017059,0.0003826,0.021808,0.0095808,-0.00048081,-9.9656e-05,0.0006809,0.0012853,-2.1435e-05,-0.0010588,0.0047201,0.0097557,0.0037753,-0.00054519,0.0055304,0.0069576,-0.0006083,-0.00018199,0.0011111,0.0010226
0.0010357,-0.00092167,0.0014878,0.00156,0.0041911,-0.015662,0.010889,0.033034,-0.0086806,-0.0097114,0.013378,0.031593,0.00014028,-9.4512e-05,0.00069135,0.00037776,-0.0045157,-0.003817,0.0082508,0.005724,0.25259,0.20926,0.28023,0.23937,-0.24671,0.2296,0.29059,0.27954,0.00079618,0.00046966,0.0065981,0.0054213,-0.0022077,0.0024836,0.0045277,0.0028555,0.24011,-0.18875,0.2751,0.22001,-0.23157,-0.19939,0.2886,0.28693,-0.0019777,0.0047796,0.010528,0.0081855,-6.2634e-05,0.0012251,0.002719,0.0013973,-4.5722e-05,-0.0056039,0.0085439,0.013629,0.0021427,-0.0047152,0.018196,0.010329,-0.00085596,-0.00079891,0.0018085,0.0018569
-3.9705e-05,1.3433e-05,4.7616e-05,3.785e-05,0.019627,0.012347,0.020722,0.01298,-0.012728,0.023581,0.04452,0.043877,-0.00059876,0.0014122,0.0015653,0.0026368,-0.0041324,-0.00083742,0.0046861,0.0016282,0.29047,0.1308,0.31886,0.20603,-0.2434,0.094232,0.32419,0.30548,-0.0090748,-0.0047949,0.025571,0.017026,-0.0045485,0.00058772,0.0049725,0.0017597,0.29652,-0.13429,0.30396,0.19633,-0.23662,-0.13891,0.335,0.23252,-0.019059,0.002886,0.028046,0.0079664,-0.00037978,-5.4043e-05,0.00064889,0.00033779,0.013425,-0.0016518,0.01414,0.01216,-0.0043107,0.0026682,0.021742,0.015002,-0.000692,-0.00061971,0.0016301,0.0010089
0.0032322,0.00072654,0.0057299,0.003983,-0.032994,0.015133,0.052995,0.039056,0.032402,-0.0063491,0.036469,0.044384,-0.0031191,-1.872e-05,0.0064699,0.0049596,-0.0084954,-0.037567,0.017195,0.047491,0.13779,-0.021025,0.25921,0.37837,-0.01342,0.12583,0.38091,0.42993,-0.012672,-0.0048538,0.02619,0.054622,0.0051771,0.0021587,0.0055845,0.0090399,0.25428,-0.10014,0.33069,0.19324,-0.10562,-0.16061,0.25824,0.27478,0.0052713,0.00090887,0.018238,0.041964,0.0046847,0.004312,0.0055447,0.0049492,0.012928,0.0023015,0.025195,0.025207,-0.014884,0.0031212,0.02789,0.028289,0.0036947,-0.00099106,0.0052831,0.0031022
-0.0090704,0.0015524,0.0097555,0.0040437,0.013412,0.035636,0.040087,0.044558,0.024936,0.014879,0.040414,0.063376,-0.0051662,-0.003347,0.0057777,0.0047884,-0.041579,-0.03278,0.042424,0.033048,0.33055,0.056478,0.42271,0.13965,-0.22962,0.041917,0.26856,0.1945,0.020701,0.0097867,0.033132,0.037231,-0.0093466,-0.0085242,0.01163,0.012052,0.28136,-0.19649,0.28783,0.21263,-0.18468,-0.27223,0.26927,0.27223,0.023658,-0.017095,0.037608,0.030611,0.0002671,-0.00028786,0.00031133,0.00049439,0.0025978,-0.0014202,0.0048421,0.0028768,-0.0015787,-0.0014214,0.0050874,0.0042061,0.0009528,-0.00040438,0.0017533,0.00070025
-0.0003742,0.00036617,0.00049082,0.00037091,0.0014372,0.001308,0.0028291,0.0025186,0.047837,0.010895,0.066921,0.019607,0.0012906,0.0036377,0.0073191,0.0045653,-0.0022975,0.002647,0.0033443,0.0033481,0.19915,0.13609,0.29915,0.1736,0.081036,0.025237,0.41365,0.3557,-0.035524,-0.030456,0.045746,0.038146,0.012446,0.017546,0.031054,0.024655,0.094493,0.035334,0.35282,0.37766,-0.058834,-0.049095,0.27578,0.36685,-0.0055398,-0.00077968,0.023285,0.032944,0.0026729,-0.00025382,0.0054632,0.0042721,-0.0089106,-0.02314,0.037334,0.036348,0.0034545,-0.0093761,0.036612,0.042361,-0.00089807,0.0037397,0.005391,0.0067861
-0.0006191,0.0041297,0.0016246,0.0041438,0.0082195,0.013591,0.012803,0.014707,0.015152,0.04123,0.025215,0.041245,7.4309e-05,0.0036349,0.0022523,0.004553,0.046507,0.0078319,0.072781,0.017408,0.19836,0.14116,0.50476,0.16754,-0.098994,0.18571,0.30284,0.36146,-0.0018671,0.025771,0.019996,0.050627,-0.016785,-0.011572,0.027414,0.026331,0.23923,-0.15535,0.33905,0.18329,-0.022185,-0.23962,0.10607,0.25589,-0.011931,-0.039135,0.016248,0.047938,-0.0004002,0.0041676,0.0022205,0.0067938,0.0024448,0.015038,0.035043,0.028137,0.0089049,0.015986,0.026874,0.027166,6.512e-05,0.0025298,0.0023344,0.0044819
7.4566e-05,-0.00017127,0.00020482,0.00036989,0.0089217,0.0042702,0.033649,0.0068929,0.010086,-0.0045144,0.021623,0.007955,0.0058904,-0.0010115,0.0123,0.0026937,-0.00127,0.001685,0.0028467,0.0022786,0.36223,0.11586,0.37334,0.1274,-0.2747,0.14895,0.36475,0.21094,0.056225,0.0048037,0.10777,0.015289,-0.00073792,-0.00027145,0.0016175,0.0021534,0.27156,-0.15573,0.27443,0.17232,-0.17577,-0.090686,0.30652,0.22772,0.052044,-0.0031642,0.092356,0.024074,2.9152e-06,-0.00012239,0.00018895,0.00017192,0.024632,0.00087507,0.02605,0.0023528,-0.00057627,0.0048116,0.076512,0.014181,0.010611,0.00081626,0.011306,0.0031817
0.00032198,0.003221,0.00071989,0.0045277,0.0058906,0.012993,0.0088477,0.022747,-0.0034966,0.0050687,0.0087298,0.022623,-0.0020288,-0.0033184,0.0037547,0.0050419,-0.023598,-0.030936,0.024267,0.036976,0.23548,-0.01752,0.27354,0.23036,-0.20632,0.10539,0.32745,0.29971,0.028139,0.004538,0.056336,0.030683,0.0073347,0.016384,0.022412,0.030961,0.17526,-0.059397,0.28119,0.34929,-0.049527,-0.14252,0.44067,0.27334,0.044868,0.0096871,0.062137,0.060095,0.012831,-0.00082552,0.014547,0.0037155,-0.052608,0.032611,0.070376,0.05384,0.019798,0.032844,0.045098,0.04131,-0.00094846,0.0007243,0.0030714,0.0086029
-0.00035378,5.1205e-05,0.0010871,0.0030423,-0.006063,-0.021521,0.027475,0.027317,0.013179,0.017306,0.060383,0.025088,0.0024219,0.004351,0.0044763,0.0056296,-0.025804,-0.0046342,0.031776,0.051705,0.13061,0.1381,0.27315,0.29942,-0.040742,0.14811,0.27843,0.37023,-0.010431,0.012288,0.030855,0.060469,0.011226,-0.0013175,0.021592,0.027966,0.23366,-0.036163,0.45929,0.20932,-0.13682,-0.19671,0.33514,0.23745,0.010102,-0.014575,0.022335,0.052072,-0.00057695,-0.00058977,0.00080451,0.0010906,-0.0039735,0.0020375,0.011695,0.020392,0.0040002,0.022292,0.018488,0.04615,0.00058931,0.0024244,0.0037638,0.0088133
-0.00099278,-0.0009626,0.0016658,0.0012501,0.034909,0.0070258,0.055517,0.012126,-0.04386,-0.0052342,0.048803,0.01062,-0.00062228,-0.00011325,0.00067324,0.00036369,-0.029955,-0.0076084,0.037075,0.008311,0.30749,0.053539,0.39241,0.12517,-0.3086,0.096934,0.31323,0.16637,-0.0093206,-0.0015572,0.010208,0.0028677,0.015235,-0.0093897,0.03963,0.020333,0.15179,-0.11867,0.38335,0.2387,-0.22662,-0.18006,0.35441,0.18402,-0.0046068,-0.0013719,0.0053061,0.0029282,-0.0024954,0.00096616,0.0034813,0.0030696,-0.0059215,0.0015061,0.030664,0.03866,0.0075669,-0.0038949,0.041285,0.0045542,-0.00073814,-0.00027578,0.00076942,0.0003326
0.0018351,6.8959e-05,0.002997,0.00034532,0.0035597,-0.0090413,0.019022,0.011007,0.0016766,-0.043453,0.031246,0.050236,0.0020339,0.00042507,0.0043597,0.00089272,0.012769,0.00010996,0.020745,0.0026462,0.18912,0.12798,0.30488,0.13708,-0.051919,0.19285,0.43048,0.39312,-0.057012,0.00067808,0.057593,0.017024,0.013362,-9.2403e-05,0.023281,0.0029055,0.12208,-0.02659,0.34415,0.24636,-0.17162,-0.24178,0.18224,0.33134,0.013506,-0.0118,0.025383,0.015328,0.0021068,-0.00016115,0.0028795,0.00046281,0.034062,0.00082919,0.047115,0.019897,-0.03144,0.031699,0.07263,0.064509,-0.0054172,0.0029165,0.0060579,0.0054231
0.0012734,-0.00030394,0.0017269,0.00064551,0.022744,-0.0071039,0.049883,0.027512,-0.032262,-0.038077,0.042493,0.058072,0.00020585,-0.00065165,0.0020779,0.0012525,0.018847,-0.0052107,0.022025,0.0062899,0.15073,0.048476,0.33182,0.21752,-0.13175,0.22384,0.30381,0.37642,-0.022891,0.0037184,0.032312,0.029277,0.0041185,0.0020008,0.011838,0.007897,0.15523,-0.14432,0.21069,0.18142,-0.076326,-0.14977,0.24494,0.52972,0.0044793,0.0094809,0.023859,0.081539,-0.000161,0.0021935,0.0017427,0.0085709,-9.8519e-05,-0.006142,0.017267,0.012266,0.0066337,0.0082964,0.025968,0.03413,-0.0022613,-0.0020912,0.0051271,0.0042984
0.00049101,-0.0014649,0.0012141,0.0027786,0.0045233,-0.0031063,0.011212,0.011083,0.013783,0.019376,0.035622,0.067325,-0.0027775,0.0036274,0.0058332,0.010497,0.0029722,-0.0023426,0.00412,0.0028247,0.31378,0.09174,0.35847,0.12795,-0.20676,0.071182,0.43558,0.25242,-0.015255,-0.0094269,0.031197,0.06363,-0.0065843,-0.00036071,0.0082213,0.001992,0.19504,-0.15802,0.2864,0.22063,-0.15714,-0.16153,0.29338,0.31277,0.024798,-0.014162,0.064728,0.018223,-0.00087122,0.00060936,0.0015786,0.0016097,-0.0022604,-0.0040341,0.019711,0.00732,0.0071472,0.00019666,0.016845,0.010573,-0.0021075,-0.0016697,0.0022204,0.0020257
0.0014766,0.00020101,0.0021994,0.00074743,0.010493,0.0035954,0.011448,0.0039866,0.021172,-0.034576,0.055932,0.048462,-0.0027135,-0.00033069,0.0030048,0.00085205,0.0071604,0.00086805,0.010682,0.0034476,0.32798,0.13471,0.33494,0.13796,-0.23663,0.0096549,0.38972,0.20011,-0.014693,-0.0017959,0.018589,0.005134,0.003596,0.00047585,0.0074916,0.0030236,0.14524,-0.20025,0.25524,0.29413,-0.097364,-0.066047,0.33252,0.36246,-0.0051564,0.00058661,0.0093559,0.0025744,0.00096114,0.00039946,0.001296,0.00058346,-0.020372,0.035822,0.074199,0.047818,0.017509,-0.019009,0.084356,0.027275,0.00039492,0.00013304,0.0011472,0.00028411
0.002673,-0.004996,0.0072242,0.0077002,-0.025324,-0.02756,0.080696,0.046066,0.0038824,0.0052844,0.012404,0.011263,0.003433,0.0056882,0.0036415,0.0059724,-0.0092324,0.015309,0.027749,0.024876,0.21905,0.16367,0.3036,0.28196,-0.16527,0.18623,0.31467,0.23297,0.051952,0.026232,0.056011,0.041956,-0.0049417,-0.0096607,0.041759,0.02629,0.23434,-0.17639,0.32933,0.22396,-0.078765,-0.098868,0.42732,0.25679,0.039117,-0.0050145,0.048062,0.012077,0.0020186,0.00030434,0.0085766,0.0027336,-0.018896,0.0013564,0.021531,0.010592,0.017962,-0.0036563,0.019451,0.010651,0.0048483,-0.0045725,0.00526,0.0045725
-0.00059829,-0.0020875,0.0010024,0.0022617,-0.0011061,0.013005,0.0091614,0.022143,0.046716,0.0046586,0.059201,0.037457,-0.0059012,-0.00049654,0.0064727,0.0085488,0.013538,0.028377,0.022145,0.03588,0.16585,0.13132,0.22886,0.25933,-0.12836,0.1375,0.37126,0.4033,-0.012565,-0.011088,0.022786,0.059013,-0.041621,0.01011,0.045155,0.032729,0.26119,-0.0066603,0.35211,0.29253,-0.17171,0.064508,0.20409,0.3345,-0.0047303,0.027655,0.0079275,0.058725,-0.0030482,-9.9627e-05,0.0039064,0.0065488,0.046541,-0.010794,0.050449,0.040265,-0.02288,-0.031902,0.024831,0.037585,-0.0040657,-0.011494,0.0046952,0.013349
-0.0037215,-0.0012016,0.0057688,0.0022595,0.035956,-0.0057767,0.060536,0.026598,-0.022434,0.014118,0.032168,0.019908,-0.0037607,0.0004969,0.0048226,0.0012796,-0.040968,-0.01689,0.056675,0.017237,0.2958,0.081581,0.34793,0.1708,-0.24293,-0.01362,0.34665,0.25612,-0.022611,0.002375,0.029491,0.012961,-0.015199,-0.0034917,0.048857,0.004332,0.25668,-0.057314,0.35346,0.089576,-0.24025,-0.062503,0.3896,0.25571,-0.034092,-0.0041893,0.039559,0.0085548,-0.0037352,0.00015203,0.0048254,0.00058948,0.047384,-0.01692,0.049534,0.029048,-0.029891,-0.0080761,0.036775,0.033035,-0.0029882,0.001303,0.0051675,0.0014794
-0.0070827,-0.0025083,0.010922,0.0036018,0.032507,0.0039338,0.039058,0.011585,0.0041592,0.0075061,0.068479,0.017618,0.0026302,-0.0047433,0.0063276,0.0055578,-0.035628,-0.0094085,0.044116,0.011278,0.38205,0.082207,0.39129,0.10975,-0.2371,0.078278,0.29879,0.3624,-0.0062989,0.00073892,0.038451,0.016593,-0.018134,-0.001419,0.032216,0.009464,0.24015,-0.05909,0.25838,0.275,-0.08134,-0.21229,0.18464,0.2867,-0.030723,-0.0034652,0.03748,0.011741,-0.0054469,0.0030857,0.0062063,0.0040991,0.003922,-0.046229,0.026084,0.057352,0.013687,-0.0096133,0.04259,0.044319,-9.5825e-05,0.0055236,0.0052814,0.0070536
-0.00050011,9.5264e-06,0.001045,0.0006425,0.025072,0.005567,0.030144,0.008907,0.056821,0.0046773,0.057583,0.012871,-0.0006281,-0.0011949,0.002301,0.0012479,-0.0047355,-0.0027755,0.0060137,0.0032614,0.46452,0.1382,0.48062,0.15176,0.049127,0.0097455,0.094039,0.062118,0.0051011,-0.0037934,0.016635,0.0074424,-0.0059226,-0.00040229,0.007156,0.0039061,0.32716,-0.21152,0.33921,0.21585,0.14089,-0.23258,0.20296,0.23597,0.013279,-0.019871,0.019327,0.021673,-0.00068319,-4.487e-05,0.00089467,0.00048061,0.0032815,0.0069625,0.0061469,0.0081911,0.015602,-0.0087408,0.017057,0.021381,-0.00091579,-0.0050744,0.0011174,0.0051537
0.00022489,-0.00019314,0.0018421,0.0017627,0.045457,-0.0089681,0.046128,0.020746,-0.048258,0.013467,0.048447,0.016379,0.0036929,-0.0013083,0.0037753,0.0015387,-0.0080854,-0.00031374,0.027862,0.010228,0.35849,0.079381,0.35849,0.17497,-0.29219,0.079847,0.33129,0.17554,0.00048637,0.0029712,0.015718,0.01925,-0.02618,0.0062561,0.029791,0.014985,0.23614,-0.2013,0.30919,0.2709,-0.09866,-0.23394,0.20475,0.29303,-0.022118,0.0009507,0.027008,0.018865,0.00041241,0.00055553,0.0028854,0.0015505,0.0060548,-0.0069154,0.019487,0.011058,-0.0034831,-0.00035983,0.017127,0.021123,0.00016675,0.00063571,0.002194,0.0034875
-0.00050812,0.00054558,0.00058231,0.00063424,0.0076881,-0.0020986,0.0095227,0.0051444,0.02082,0.036737,0.021322,0.05903,0.0027295,0.013742,0.0028325,0.015546,-0.0027185,-0.0018622,0.0047251,0.0031278,0.013082,0.0080672,0.031433,0.03123,0.48785,-0.035379,0.48785,0.1648,0.00055876,-0.0033513,0.0043422,0.0048616,0.017725,0.026171,0.020572,0.026741,0.078346,0.30276,0.13252,0.32297,0.27185,0.16804,0.35165,0.18963,0.0024026,-0.0029985,0.0067979,0.0039755,0.0050207,0.0028883,0.0051969,0.0032276,-0.01293,0.0017704,0.033236,0.0079,0.014183,-0.0059734,0.039778,0.0083814,0.00050241,0.00011217,0.00069505,0.00052466
0.00042693,-0.00079371,0.0008573,0.001139,0.0045333,0.0017934,0.014435,0.0084084,0.049518,0.015089,0.051722,0.018798,0.00015397,0.0011716,0.0027394,0.0029604,0.007814,-0.00081265,0.01483,0.01124,0.12325,-0.040898,0.16878,0.10493,0.30279,-0.059006,0.33248,0.26185,0.013651,0.01228,0.02433,0.026242,0.0024167,-0.00099224,0.01185,0.0053783,-0.0044551,0.01412,0.050985,0.032369,0.55162,0.12171,0.55526,0.12938,-0.0015257,0.0083499,0.012938,0.011377,-0.0013457,0.0001663,0.0013856,0.00032213,0.0032362,0.0016921,0.0083204,0.0047374,0.078666,-0.011164,0.078666,0.011758,-0.00047063,0.00010984,0.00068113,0.00050038
0.00049875,0.00049479,0.0010983,0.00074317,-0.000725,0.0043911,0.011946,0.0089138,0.012437,0.024509,0.014177,0.024778,0.00057549,0.0030353,0.0012421,0.0031609,0.020195,-0.0023754,0.023924,0.014993,-0.12863,-0.026841,0.26636,0.24142,0.25123,-0.087733,0.26628,0.1903,-0.00025554,0.0011202,0.0023798,0.0046242,0.063087,-0.0074161,0.064189,0.017848,-0.35517,0.058707,0.42676,0.095069,0.39327,0.02766,0.40514,0.1059,0.0011627,-0.0011733,0.0035791,0.004727,0.0015576,-4.983e-05,0.0017905,0.0010247,-0.0082171,-0.0080388,0.051547,0.040089,0.013327,-0.017443,0.059032,0.063572,0.00031811,-0.003991,0.0015173,0.0045961
-6.6166e-05,0.00038312,0.00072293,0.00052804,-0.0035248,-0.00054532,0.0091887,0.0049918,-0.038363,-0.051485,0.044038,0.057984,0.00090285,0.00063494,0.0031591,0.0019984,-0.0027247,-0.0054672,0.0085771,0.0072797,-0.03843,-0.069686,0.42487,0.4291,-0.16526,0.1438,0.25445,0.27275,0.0050786,-0.011481,0.010336,0.016265,-0.041644,-0.035389,0.061416,0.049415,0.27915,-0.0982,0.42957,0.18332,-0.21356,0.01825,0.23717,0.088324,-0.010841,0.014083,0.021588,0.026379,0.0016522,0.0013884,0.0032972,0.0027596,0.012756,-0.0043132,0.057743,0.015527,0.003293,0.0052012,0.031262,0.021402,-3.7899e-05,0.0020858,0.001782,0.0030075
-0.00044512,0.0051667,0.0023369,0.0064633,-0.00060667,0.081554,0.020175,0.08756,-0.013102,0.077742,0.015834,0.085397,0.00095078,0.0043249,0.0027108,0.0070522,-0.007155,0.0014067,0.016404,0.0078604,0.017149,-0.19775,0.1729,0.22319,0.22223,-0.095499,0.25596,0.2624,-0.0018118,0.022237,0.0070197,0.026215,-0.016035,0.016548,0.023382,0.020766,-0.23105,0.028081,0.27635,0.094649,0.48109,0.10749,0.4981,0.11979,-0.00061156,-7.5546e-05,0.0052337,0.0031326,0.0017146,-0.0015669,0.0040742,0.0024262,-0.018161,-0.0051541,0.075272,0.014794,0.047982,0.0029233,0.051133,0.0082397,-0.0001039,-0.00054352,0.00040094,0.00098929
-0.00043985,-2.144e-05,0.00076245,0.0009238,-0.032737,-0.002847,0.034445,0.0094573,-0.005872,0.034053,0.061721,0.046184,0.00037878,0.00083199,0.00061266,0.0011531,-0.004911,0.0021861,0.0071057,0.0056582,-0.38487,-0.092174,0.39191,0.095287,0.39939,-0.021802,0.44115,0.074049,-0.015145,0.0386,0.034144,0.038639,-0.0031984,-0.0071509,0.0066769,0.0089134,-0.18202,0.15882,0.22452,0.18815,0.23081,0.13001,0.25189,0.1636,-0.00034661,-0.00040965,0.0050019,0.0050999,0.0011631,-0.0051043,0.002014,0.0057922,0.0093254,-0.024135,0.009366,0.024247,0.0090423,-0.0081891,0.010501,0.01331,-8.2326e-05,0.0003804,0.00049525,0.00084279
6.4043e-05,3.6287e-05,0.00013255,9.2996e-05,0.023067,0.010715,0.023393,0.010744,-0.01435,0.026086,0.058352,0.026429,7.8148e-06,-3.7986e-05,6.2497e-05,6.9708e-05,0.00025896,-0.0004913,0.0010403,0.0010422,0.41292,0.073989,0.41528,0.077988,-0.37738,-0.051931,0.38954,0.067091,0.00029826,0.00082047,0.0013251,0.0010482,-0.00017471,0.00060622,0.0010557,0.001344,0.2518,-0.12682,0.25669,0.14814,-0.24576,-0.13266,0.26445,0.14956,-0.0031797,8.5838e-05,0.0040835,0.0048732,1.2898e-06,-7.42e-05,9.4096e-05,0.00020937,0.0013656,-0.0012207,0.0092781,0.0052261,-0.0013713,0.000277,0.0031018,0.0032405,0.00031824,0.00036076,0.00082379,0.00044571
7.9608e-05,5.5199e-07,0.00019051,0.00017678,-6.0914e-05,-5.1919e-05,0.0010097,0.0013053,4.2248e-05,0.00014251,0.00099207,0.0011269,-4.295e-05,-9.7715e-05,0.00010598,0.00032411,-0.00010213,-0.00016565,0.0012133,0.0013236,0.2413,0.17084,0.26175,0.17373,-0.24264,0.24488,0.24592,0.24838,0.00042336,-0.00018673,0.001388,0.0013972,0.00024907,0.00037854,0.00087211,0.0011671,0.42748,-0.058761,0.42892,0.064323,-0.24414,0.16247,0.2655,0.18479,-0.014203,0.0084892,0.015793,0.0093038,4.1072e-05,-0.00013542,0.00022736,0.0002476,0.055827,-0.011504,0.05615,0.011761,0.0068203,-0.0033586,0.017884,0.010083,-0.011119,0.0040245,0.011336,0.0043067
-0.00015726,-2.204e-05,0.00028834,0.00024632,0.066153,0.012618,0.066294,0.013235,0.0042397,0.0011274,0.016107,0.0081719,-0.0058254,-0.0031166,0.0062679,0.0039905,-0.0005735,-0.00015441,0.0017558,0.0028536,0.43993,0.053616,0.44124,0.059238,-0.14705,-0.13453,0.18697,0.1683,-0.041914,-0.031658,0.042111,0.031843,0.00081441,-0.00018696,0.0016795,0.001081,0.21318,-0.19734,0.24827,0.20038,-0.20549,-0.32649,0.20796,0.33015,-0.00030118,3.4513e-05,0.0018721,0.0019783,6.3761e-05,9.2799e-05,0.00028723,0.00016261,0.00042508,0.00092561,0.0012131,0.0018412,-0.00021404,-0.00086427,0.00098719,0.0015073,-9.6807e-05,-3.0653e-05,0.00020262,0.00019791
-9.9343e-06,0.0001613,8.3816e-05,0.00028454,0.050228,0.015852,0.052878,0.01844,-0.023965,0.012364,0.048071,0.017037,8.475e-05,-5.6433e-05,0.00058115,0.00030989,-0.00013649,-0.00083861,0.003622,0.0029646,0.41788,0.044054,0.4204,0.049523,-0.34116,-0.15601,0.35943,0.16542,-9.3428e-06,-0.00015477,0.0014818,0.00056647,-0.00050672,0.00024779,0.00088855,0.00084431,0.20527,-0.16157,0.28773,0.16294,-0.22245,-0.1727,0.22426,0.17465,0.00034968,6.1494e-05,0.0018081,0.0016292,-3.8236e-06,1.204e-05,0.00010145,0.00010064,3.6955e-05,0.00030745,0.00084289,0.00090418,-8.1519e-06,-0.00014779,0.00068308,0.00082696,-5.3357e-05,-1.0486e-05,0.00016378,8.6242e-05
-0.0018614,-0.0033446,0.0025932,0.0041665,-0.009073,-0.014251,0.019196,0.068339,0.008022,0.013154,0.019702,0.089198,-0.0013413,-0.0048274,0.0024003,0.0056361,-0.034918,0.015609,0.044202,0.051051,-0.073075,-0.056485,0.38953,0.34262,0.18278,-0.12919,0.31022,0.29965,0.00089312,0.023045,0.015515,0.036551,0.019688,-0.020337,0.03833,0.051326,-0.16917,0.056679,0.25317,0.40406,0.19439,0.14961,0.27116,0.23571,0.0027165,-0.0062484,0.014058,0.027994,0.006299,0.006187,0.0073075,0.0071011,-0.022165,-0.025816,0.041898,0.038461,0.02528,-0.021282,0.051181,0.036567,0.0020381,-0.0052364,0.0029836,0.0066543
-0.0013238,0.00088141,0.0015832,0.0011051,0.0078732,-0.011669,0.010055,0.01231,0.032665,-0.012775,0.036454,0.021439,-0.0062467,0.0028654,0.0070573,0.0031478,-0.019923,0.016765,0.020505,0.021197,0.22999,0.20741,0.25846,0.22031,0.051948,0.1973,0.35381,0.25362,-0.023263,0.012334,0.025698,0.015166,-0.025199,-0.012681,0.027512,0.015492,0.4582,-0.06424,0.4846,0.074053,-0.10551,0.027641,0.18542,0.196,0.0010555,0.002745,0.012505,0.011148,-0.0051624,0.0058715,0.0053508,0.0059259,0.049,0.0036492,0.054661,0.013025,-0.0195,0.0010518,0.050312,0.032305,0.0037517,-0.0037609,0.0048586,0.0047099
-0.00090405,0.0009043,0.0021927,0.001469,0.00077491,-0.015668,0.014111,0.016801,-0.00064354,0.0024591,0.014048,0.01535,0.0010756,-0.001104,0.0026937,0.0024636,-0.02927,0.0071142,0.049374,0.01765,-0.20516,-0.14213,0.28531,0.26477,0.30462,-0.16225,0.34094,0.18851,-0.01819,-0.0055114,0.020187,0.007396,-0.002319,-0.0025101,0.010322,0.0055608,-0.32359,0.19198,0.32359,0.21825,0.27731,0.10294,0.31373,0.15804,-0.026947,-0.0065867,0.02792,0.016285,0.0013438,-0.00083161,0.0017882,0.002354,-0.019817,0.013684,0.021241,0.014562,-0.0042863,-0.0014925,0.025289,0.029465,0.0015972,-0.0052854,0.0020465,0.0061239
-0.00060585,-0.0019761,0.0029988,0.0038452,-0.0078812,-0.005397,0.0093148,0.0089288,0.0043407,0.0064903,0.0056739,0.0087565,0.0040964,0.0023846,0.0041801,0.0028796,-0.0054355,-0.0066385,0.0078708,0.0098857,0.24017,0.22328,0.25192,0.26162,-0.074353,0.32951,0.21083,0.33647,0.0040179,0.0098567,0.023031,0.015682,-0.00012052,0.0073555,0.0088999,0.010605,0.42113,-0.018207,0.42636,0.15206,-0.18935,-0.077493,0.19838,0.12646,-0.010933,-0.005891,0.01533,0.015237,-0.001241,0.004679,0.0057485,0.0058805,0.011394,0.01729,0.039403,0.040732,-0.016462,-0.025516,0.029607,0.03111,0.00046683,-0.00044209,0.0012376,0.0015435
-7.5158e-05,0.00078023,0.0005168,0.0014171,0.053876,-0.0010382,0.058926,0.015642,-0.0098137,-0.013363,0.020331,0.024808,0.00038616,0.0011854,0.0025523,0.0032743,-0.00067223,-0.0073714,0.0054367,0.0082985,0.39457,0.045918,0.42022,0.18315,-0.027499,0.090891,0.14616,0.25696,-0.011118,-0.0076036,0.021349,0.026065,0.0063157,0.00958,0.011908,0.015515,0.38679,-0.04053,0.41129,0.29688,-0.054009,-0.069146,0.12916,0.28901,-0.010335,0.015693,0.01704,0.022825,0.00044931,-0.00049815,0.0012095,0.00083467,0.057913,-0.0084379,0.062274,0.015807,0.0011747,-0.00076963,0.01138,0.020503,-0.0002969,0.0004622,0.0018614,0.0024298
-0.0013475,-0.0002107,0.0016242,0.0012347,0.010288,-0.0093049,0.013075,0.012886,-0.0037588,-0.0016707,0.013916,0.0067816,-0.00091883,-0.00015788,0.0022746,0.0012363,-0.0088687,3.8953e-05,0.010322,0.0057257,0.26526,0.14932,0.32146,0.18262,-0.064725,0.30985,0.20202,0.31869,0.014554,0.047224,0.021805,0.048718,-0.0033192,0.0038553,0.0060968,0.0038924,0.45009,-0.081025,0.4837,0.098956,-0.1048,-0.02122,0.21279,0.076847,0.002532,-0.0078441,0.014338,0.017788,0.00055619,0.00071307,0.0019169,0.0010756,0.039687,-0.00012407,0.051454,0.0070976,0.017263,0.0071134,0.026495,0.015773,-6.4572e-05,0.0013483,0.0023487,0.0018197
-0.00012784,-0.00043549,0.0011955,0.0013967,0.027478,0.00026144,0.047816,0.019187,-0.001704,0.0040457,0.023503,0.012485,-0.0078789,0.001001,0.0084705,0.0016528,-0.0036095,-0.0025706,0.01095,0.0084113,0.38979,0.081763,0.40171,0.14792,-0.18588,0.12279,0.23963,0.33679,-0.056511,0.00576,0.061212,0.018362,0.0031038,0.0010046,0.0088558,0.0075925,0.3259,-0.12074,0.37396,0.1901,-0.12378,-0.096527,0.22006,0.21128,-0.038521,0.014468,0.053186,0.020628,-0.00043226,0.00062364,0.001553,0.0021345,0.048987,0.0007394,0.051271,0.010853,-0.0061442,0.0026834,0.028366,0.014941,-0.0027731,0.0010826,0.0058309,0.0029248
0.00087791,0.00099342,0.00123,0.0013648,0.032803,-0.0027694,0.053317,0.012184,0.003799,0.014018,0.046515,0.016116,0.00096151,-0.00048992,0.0023987,0.0014406,-0.0016291,-0.0065152,0.010327,0.0072419,0.42182,0.060574,0.46393,0.11092,-0.056536,0.042331,0.17586,0.11991,-0.0018824,0.021153,0.010528,0.021165,-0.0045036,0.0031392,0.0059333,0.0068868,0.45145,-0.074539,0.48611,0.096428,-0.018678,-0.0077151,0.22862,0.12114,-0.0050424,0.001226,0.01827,0.022059,1.6089e-05,-0.00044611,0.00035942,0.00049151,0.045062,-0.0061258,0.061584,0.012672,0.0062506,-0.028888,0.027427,0.040479,0.003209,-0.0040391,0.005283,0.0047636
