-0.00010372,9.5432e-05,0.00035491,0.00032375,0.0010026,0.001066,0.002249,0.003415,0.0017921,-0.0024072,0.0029005,0.0039645,-0.00023369,-0.00027095,0.00033375,0.00045229,-0.00025814,-0.0013878,0.00079329,0.0017981,0.30093,0.20339,0.30431,0.20554,-0.30375,0.20819,0.30811,0.21448,-0.001374,-0.0010344,0.0026709,0.0028784,-0.0017104,-0.0020839,0.003626,0.0029362,0.26577,-0.2335,0.2671,0.23911,-0.2277,-0.20026,0.25644,0.21234,-0.00091622,0.0032465,0.0025535,0.005387,0.00015041,3.4445e-05,0.00035518,0.00023421,0.0018707,-0.0037044,0.002254,0.0040501,0.001443,-0.0018374,0.0020308,0.0030913,9.2455e-05,-0.0003611,0.00035085,0.00036408
0.0006089,-0.00063054,0.00087888,0.00074868,-0.0024059,-0.0037973,0.0084809,0.010615,-0.0013569,0.00037008,0.007502,0.0044401,-0.00044856,6.5989e-05,0.0006317,0.00067072,0.0029441,-0.00017507,0.0056332,0.0058505,0.25306,0.23983,0.26251,0.24933,-0.23086,0.25182,0.2403,0.2556,-0.0053783,0.0035149,0.0068761,0.0044435,0.0058207,0.0041281,0.0066085,0.0078877,0.27422,-0.21003,0.29598,0.22988,-0.26181,-0.22902,0.26998,0.23038,-0.0054277,0.00076814,0.0055634,0.0039478,0.00040769,-0.00043861,0.0010299,0.00090161,6.8536e-05,0.00028491,0.0085827,0.0044372,-0.002105,-0.0027866,0.0047887,0.0053048,-0.00062998,-0.00051048,0.00070825,0.00061867
-0.00036049,-0.00030472,0.00048325,0.00047572,-0.00092865,0.00011527,0.0023992,0.0061832,0.0068317,0.0030293,0.0077361,0.012743,-0.00066039,0.00067947,0.00078344,0.0017879,-0.0033218,0.014457,0.011956,0.019667,0.24674,0.2084,0.24719,0.23188,-0.19441,0.22952,0.26117,0.29365,-0.0031437,-0.0074641,0.011416,0.015356,-0.0061051,-0.013535,0.029589,0.024269,0.24775,-0.15832,0.35862,0.21988,-0.25965,-0.22784,0.29662,0.24706,0.00030088,-0.0011644,0.014763,0.010297,-0.0003907,-3.9935e-05,0.00052099,0.00054859,-0.00012835,-0.0076596,0.010586,0.010226,0.0037331,-0.0086733,0.0096016,0.013466,0.00012607,9.1852e-05,0.00099645,0.00057719
0.0003713,0.00018876,0.00052816,0.00048668,0.006798,0.0019494,0.025921,0.018761,-0.0026811,-0.0081779,0.0063041,0.013557,3.1633e-06,-0.0030142,0.0024415,0.0034797,0.0055183,-0.0024772,0.011432,0.0059696,0.24292,0.17314,0.31718,0.2905,-0.2476,0.20687,0.25885,0.22935,0.004364,0.0043791,0.0069941,0.0067088,-0.0046057,7.2255e-05,0.004834,0.0037639,0.27047,-0.25885,0.27222,0.2708,-0.20383,-0.203,0.25117,0.25796,-0.0041931,-0.0065816,0.0078965,0.0077653,-0.00086845,0.00047592,0.0015026,0.00093541,0.0050399,-0.0026444,0.0084041,0.0063272,0.0023128,-0.0021318,0.011469,0.0075739,-0.00061492,0.00027688,0.00096785,0.00056426
7.5168e-05,-0.00036217,0.0015666,0.00086239,0.00084508,0.0019387,0.012666,0.0107,-0.0037705,-0.0038543,0.012047,0.016769,-8.9059e-05,0.00045965,0.0014812,0.0015867,0.0020482,-0.0032318,0.0039157,0.0072995,0.24953,0.19736,0.27724,0.2366,-0.26705,0.19165,0.28343,0.24449,0.011717,-0.0033345,0.020966,0.021584,-8.6058e-05,0.0027912,0.0065783,0.010406,0.25517,-0.19326,0.30147,0.26343,-0.2618,-0.1872,0.30252,0.23495,0.014343,0.01515,0.024983,0.022033,0.0008092,-0.00051354,0.0011437,0.00099554,-0.0055286,-0.0023688,0.028685,0.014983,0.0024315,-0.0011494,0.0041731,0.0043028,0.0016436,-0.0026503,0.0030239,0.0035557
-0.00072521,-4.4072e-05,0.0013195,0.0013357,0.00059443,-0.0013554,0.008608,0.0066069,0.001617,-0.0039712,0.0090859,0.0070526,0.00058519,-0.00059521,0.0021965,0.0014068,-0.0036966,-0.00095813,0.01537,0.010119,0.29623,0.17225,0.37067,0.20565,-0.30002,0.19331,0.33133,0.22017,0.0021377,-0.003025,0.004922,0.0065038,0.0022761,-0.0029805,0.010902,0.0097874,0.23202,-0.18487,0.27597,0.20257,-0.21989,-0.20592,0.25824,0.23085,0.00037854,0.0040891,0.0086182,0.0073417,0.00092643,0.00027739,0.0022048,0.0013772,-0.0033007,-0.00019609,0.008455,0.0074364,0.002938,-0.0020584,0.0072807,0.0049642,0.00044041,-0.00047644,0.001036,0.00090715
-0.001097,0.0028007,0.0030338,0.0033529,0.022921,-0.037211,0.044896,0.049448,-0.022842,-0.01533,0.025565,0.020806,0.0046446,-0.0042716,0.00779,0.0062979,-0.016008,-0.012107,0.036645,0.0377,0.23348,0.20245,0.26627,0.25153,-0.23949,0.18058,0.26833,0.2736,-0.00055323,-0.0039626,0.010136,0.011998,-0.007729,-0.0059159,0.014373,0.012738,0.27329,-0.20408,0.29588,0.2437,-0.27208,-0.20831,0.30201,0.22029,0.0080369,0.004737,0.014211,0.012783,0.00055669,0.0011502,0.0024044,0.0014763,-0.0068665,-0.0013368,0.012211,0.0074985,0.0025832,0.00057455,0.0068626,0.0050013,0.00069982,0.00044052,0.0020248,0.001927
0.0018544,-0.0003643,0.0020125,0.0010374,-0.013859,0.0039565,0.026965,0.01079,0.0062797,0.002186,0.013667,0.0049678,-0.0017044,-0.0002935,0.0021227,0.00080694,-0.0066324,0.0020847,0.020162,0.0064681,0.23773,0.13321,0.35449,0.20228,-0.25131,0.2262,0.3113,0.27672,-0.0053061,-0.0011231,0.008068,0.0035958,-0.004587,-0.00051094,0.015695,0.0041664,0.22463,-0.14598,0.33291,0.23217,-0.23397,-0.21575,0.27385,0.23142,-0.0036354,0.00081253,0.0075174,0.0055929,0.00026648,0.0002689,0.0022414,0.00080076,-0.010189,-0.00057063,0.018157,0.0075346,0.021848,0.017697,0.024696,0.025434,-0.0056121,0.0058412,0.0058924,0.0073235
-0.0028525,0.0028274,0.0084558,0.0038283,0.016361,0.015761,0.033625,0.016299,-0.023692,0.002193,0.026537,0.012472,0.00052405,-0.00073579,0.0016864,0.00086319,-0.017423,-0.019551,0.036331,0.023332,0.17452,0.037143,0.3443,0.14525,-0.16098,0.20849,0.25764,0.28955,-0.0021578,0.0079728,0.022449,0.012979,-0.036625,0.010817,0.04723,0.017231,0.3404,-0.02876,0.35037,0.098246,-0.18156,-0.17541,0.48074,0.1909,-0.05894,0.0056606,0.067835,0.013559,-0.0020115,-0.0013695,0.0096827,0.0042335,0.030437,-0.0083644,0.049699,0.030373,-0.03392,0.0065076,0.056233,0.023907,-0.0014895,1.9655e-07,0.0062725,0.0052932
-0.00097445,0.00076576,0.0016934,0.0020843,0.0082115,-0.0028294,0.03829,0.017893,-0.0015472,-0.00029072,0.044404,0.01673,-0.0022072,-0.00016883,0.0030533,0.0033533,-0.0012569,0.00065869,0.006275,0.011996,0.19489,0.17751,0.27003,0.2775,-0.15024,0.14807,0.34601,0.36088,0.014447,-0.0053548,0.01911,0.013703,-0.006101,0.005747,0.015815,0.008598,0.24959,-0.1972,0.3128,0.22304,-0.24994,-0.18409,0.27893,0.2166,0.024093,0.01232,0.032358,0.020108,0.0053253,0.0013812,0.0066449,0.0045503,-0.012159,0.028731,0.019373,0.032909,0.01284,0.029568,0.050763,0.045311,0.0063053,0.0022125,0.016241,0.0088763
0.001138,-0.0015128,0.0053041,0.0031879,-0.02009,-0.0099245,0.027198,0.013576,-0.00054189,-0.002866,0.0083684,0.0049382,0.0083529,-0.001939,0.0095672,0.0029487,-0.013963,0.0036139,0.022868,0.017274,0.13516,0.13269,0.19287,0.2158,-0.08844,0.20113,0.3261,0.26501,0.017017,0.0090768,0.051136,0.02805,-0.021875,0.018479,0.054284,0.03114,0.34811,-0.083202,0.43338,0.13208,-0.30135,-0.016723,0.35908,0.25907,0.038692,-0.005332,0.076768,0.029593,0.0067902,-0.001109,0.0097475,0.0022905,0.031815,0.019955,0.083552,0.020555,-0.049674,-0.0045155,0.059594,0.019321,0.0039214,-0.0015283,0.0046989,0.0026691
0.0038713,0.001018,0.0067021,0.0038676,-0.019054,-0.0097542,0.03638,0.029905,0.014347,-0.0079762,0.044449,0.015742,-0.0014892,0.0019476,0.0027683,0.0025885,0.033509,-0.0047221,0.052367,0.01786,0.17339,0.027643,0.4472,0.14046,-0.13302,0.21716,0.37976,0.26942,0.030919,-0.0048024,0.046686,0.015118,0.0014339,-0.0088729,0.039977,0.012501,0.14637,-0.07655,0.37396,0.19226,0.12978,-0.086812,0.3604,0.29203,-0.027553,-0.0084761,0.048801,0.022968,-9.3566e-08,-2.1725e-05,0.0050021,0.0018991,-0.0097787,-0.0094723,0.021262,0.012252,0.039925,-0.010792,0.053769,0.015945,-0.0013506,0.0026334,0.0057473,0.0029506
0.0037533,-0.0016861,0.0038548,0.0019431,0.0038369,0.00080854,0.0057593,0.0094416,0.0014532,-0.0065267,0.0065347,0.0093765,-0.00082627,0.0006155,0.00091697,0.00098339,0.00017444,-0.0074015,0.0082611,0.0084762,0.27652,0.093062,0.28154,0.19806,-0.050637,0.26075,0.11035,0.34094,0.0074087,0.043199,0.018414,0.049872,-0.0013883,-0.0011537,0.0045292,0.0047277,0.30612,-0.12221,0.36699,0.1434,-0.14909,-0.36157,0.18334,0.36231,0.018629,-0.037843,0.020359,0.069732,0.00018899,0.0003254,0.00040959,0.00041382,0.013693,-0.018081,0.029982,0.021274,0.00073828,-0.00047113,0.033348,0.014838,0.0054046,-0.00074893,0.0064087,0.0045567
-3.0194e-07,0.00033908,0.00084026,0.00041053,-0.011406,3.8894e-05,0.015466,0.0041371,0.0078962,0.00046808,0.0084744,0.0044332,-0.00087246,0.00088628,0.00099392,0.00095661,-0.0078093,-0.0037361,0.014586,0.0068198,0.13506,0.18399,0.50158,0.21243,-0.14853,0.12116,0.25396,0.14413,-0.0043404,0.00042758,0.012441,0.0044464,-0.0055725,0.00163,0.010238,0.0045704,0.15253,-0.17345,0.53328,0.20438,-0.16108,-0.087537,0.31411,0.12365,0.0045023,0.00088531,0.010576,0.0036554,-0.00017242,0.00017676,0.0015277,0.00084668,-0.0054225,-0.0046747,0.018909,0.008497,0.0079472,0.0038368,0.011889,0.0041448,0.00092076,4.9292e-05,0.0020781,0.00076692
-0.0055716,0.0029356,0.010145,0.0038871,6.2748e-05,0.00066093,0.0053435,0.0062768,0.0033477,0.0034022,0.0086011,0.0087749,0.00073843,-0.00021907,0.0030038,0.0028252,-0.0045112,-0.010766,0.030859,0.019359,0.24915,0.15092,0.30061,0.19635,-0.23748,0.19501,0.25831,0.20858,-0.0011511,0.00061564,0.011069,0.015234,0.0045059,-0.0005567,0.0058399,0.0063245,0.37534,-0.12143,0.40991,0.15164,-0.29924,-0.098662,0.32953,0.15298,-0.0092775,0.0073759,0.022133,0.013008,0.00015787,-0.00066551,0.00043003,0.0008456,0.007025,-0.0029072,0.0084933,0.0054238,0.0054557,-0.0056943,0.0104,0.011751,0.0027034,0.0031071,0.0036633,0.0043755
-0.0023231,-0.0015853,0.0044047,0.001868,0.0018629,-0.0068709,0.018353,0.011991,-0.00093438,-0.0054579,0.023435,0.011306,0.0020541,-0.0011968,0.0031553,0.003315,-0.035629,0.0041923,0.050271,0.015591,0.20382,0.12031,0.24667,0.22743,-0.11806,0.28236,0.39874,0.35949,0.035736,0.015722,0.062455,0.051789,-0.035865,0.015505,0.051627,0.018918,0.20208,-0.0054053,0.38924,0.20011,-0.034338,-0.14264,0.26392,0.32253,-0.0014778,-0.0046393,0.032152,0.017135,-0.0036864,-0.0016995,0.0049303,0.0025476,0.012705,-0.0082541,0.026758,0.014157,-0.0019956,0.0069943,0.023385,0.026821,-0.00021608,0.0015442,0.002482,0.0026757
-0.004737,0.006464,0.0053314,0.0085339,0.0076689,-0.015927,0.020675,0.043398,0.010394,-0.02023,0.016329,0.022172,-0.00018007,-0.00024456,0.00053968,0.0015358,-0.063646,-0.023454,0.066843,0.041457,0.17354,0.17145,0.40032,0.30861,-0.16387,0.20191,0.27872,0.32288,0.032198,-0.012758,0.034592,0.017898,-0.016056,-0.0094094,0.018263,0.015319,0.31226,-0.13494,0.37114,0.18163,-0.18004,-0.095674,0.24995,0.15504,-0.0065443,0.0009687,0.034524,0.016731,-0.00043368,0.00061659,0.0016409,0.0010584,-0.0028396,0.0079812,0.0047519,0.008587,0.0082524,-0.011937,0.013044,0.018164,-0.0020508,0.00020319,0.0030018,0.0011511
-0.00062106,-0.0013615,0.001539,0.0017794,-0.0057641,-0.0050423,0.016217,0.01059,-0.0038889,-0.0015324,0.017116,0.016699,0.00051574,-0.00039426,0.0015393,0.0013432,0.0020674,0.00062015,0.008115,0.01415,0.20944,0.14112,0.24188,0.30433,-0.24402,0.25272,0.28794,0.28439,0.00695,0.00069881,0.01912,0.0083024,-0.0026844,-0.005907,0.0069052,0.0077763,0.25978,-0.21145,0.29252,0.24282,-0.19517,-0.19869,0.29646,0.27077,-0.0033254,0.00022024,0.0081614,0.0049113,-0.00045527,-0.00072158,0.0011602,0.0012209,0.0055272,0.0024822,0.0094767,0.0069406,0.0075503,-0.0008034,0.0088941,0.0050739,-0.0014208,-5.0384e-05,0.0015338,0.0010052
8.2869e-06,0.00015842,0.00084379,0.00096933,0.006182,-0.0011542,0.019037,0.0053824,0.0047917,-0.0027125,0.013493,0.01216,0.0001721,-0.0014241,0.00045993,0.0014839,-0.0066533,0.0015291,0.0085349,0.01036,0.23172,0.22993,0.26726,0.25875,-0.16393,0.25113,0.28458,0.37506,0.0061994,0.0019102,0.0070778,0.0065898,-0.0018856,0.0051923,0.0055921,0.0070821,0.31246,-0.16034,0.35778,0.18079,-0.21892,-0.1383,0.23637,0.1835,-0.0035183,0.0028393,0.012671,0.0085509,0.00080497,-0.0014,0.00090289,0.0016872,0.0097881,-0.010682,0.0136,0.012994,0.0032033,-0.0082477,0.023011,0.010993,-0.0017121,-1.036e-05,0.0026861,0.0010382
0.0016079,-0.001974,0.0023409,0.0022158,-0.00052371,-0.027268,0.014982,0.040771,0.0029031,-0.011324,0.010942,0.023578,-0.0008012,0.000289,0.0012554,0.0029328,0.0082757,0.015382,0.015665,0.02732,-0.24983,-0.074034,0.32753,0.24384,0.31634,-0.11147,0.35488,0.16128,-0.0043697,0.0034406,0.007673,0.01585,0.007964,-0.0067959,0.018022,0.015912,-0.262,0.24135,0.2903,0.28904,0.21633,0.15984,0.28859,0.2086,-0.0036957,-0.0095312,0.010765,0.014374,0.001326,0.00014376,0.0027538,0.0025262,0.0023444,-0.0056161,0.016224,0.011468,-0.0072709,-0.001983,0.01004,0.015085,0.00076518,0.0011102,0.001173,0.0019107
0.0013262,-0.0059723,0.0016101,0.0064707,0.0072899,-0.01799,0.0080263,0.030565,0.0042351,-0.014369,0.005984,0.014716,-8.6102e-05,0.00030405,0.00055371,0.00044021,-0.014834,0.022702,0.049352,0.031334,0.25975,0.021991,0.33878,0.2294,-0.09173,0.20115,0.13449,0.34763,0.0062669,-0.011529,0.015093,0.024955,-0.011746,0.0046713,0.029026,0.089742,0.14257,0.024611,0.23294,0.50234,-0.027084,-0.20611,0.057055,0.4216,-0.019161,-0.0040103,0.025386,0.069437,-0.00056184,0.001444,0.00081761,0.0038132,-0.0017801,-0.00011588,0.0062912,0.024159,-0.0072903,-0.012643,0.008734,0.046082,6.7114e-05,0.0016767,0.00055242,0.0027564
4.8898e-05,-0.0015732,0.00038553,0.00269,0.0061211,-0.016329,0.0066918,0.017523,-0.00070276,-0.0039062,0.0036863,0.005241,0.00011468,-0.00014336,0.00049909,0.0010024,0.011689,0.010673,0.015874,0.04354,0.19964,-0.0012986,0.25553,0.24955,-0.06558,0.14322,0.13788,0.32621,0.0064425,-0.017678,0.010115,0.019905,0.0031115,0.0082764,0.021049,0.080721,0.13051,0.011788,0.24086,0.52094,-0.078485,-0.21252,0.096833,0.50839,-0.0026698,-0.0015762,0.011557,0.042677,-0.00044465,-0.00077279,0.00093703,0.0052407,-0.0049829,0.007449,0.0059001,0.03664,-0.0031473,0.014692,0.0057236,0.043135,0.00013423,0.00051315,0.00054562,0.0047282
0.0047718,-0.00049915,0.010507,0.0019511,-0.018768,-0.00838,0.047519,0.021186,0.0056051,0.0068994,0.028094,0.02184,0.0040078,0.00098313,0.0040746,0.0010218,0.024411,-0.0020563,0.074037,0.0078864,0.070183,0.10484,0.4936,0.18376,-0.035199,0.10408,0.3163,0.22432,0.019126,0.0056022,0.022019,0.0075251,0.019686,0.0030172,0.066,0.005621,0.10978,-0.098479,0.56635,0.13996,-0.067296,-0.11668,0.3166,0.20468,0.0027661,0.0018399,0.0056253,0.0028816,-0.0033927,-0.00024709,0.0033937,0.0011243,-0.0017299,-0.0017662,0.05452,0.012598,0.026021,0.017601,0.026561,0.021607,0.00014147,-0.00020843,0.00076779,0.00029632
-0.00098196,-0.00053806,0.0014784,0.0010176,0.0035776,0.0011279,0.080237,0.029787,-0.0037066,0.008398,0.068629,0.014783,0.0069826,0.00020202,0.012125,0.0035987,-0.014921,-0.042225,0.027617,0.04224,0.28619,0.017676,0.55328,0.10097,-0.26301,-0.044834,0.33967,0.069293,0.060908,-0.0032862,0.06639,0.033757,-0.00036897,-0.022965,0.0098803,0.026052,0.17199,-0.18919,0.22959,0.21284,-0.14971,-0.28397,0.17103,0.287,0.028256,-0.034046,0.032893,0.034712,-0.00060459,-0.00054229,0.0011071,0.0011155,0.0017028,0.00023223,0.0040257,0.003648,5.3934e-06,0.0016201,0.0070427,0.004851,-0.00075773,0.00064144,0.0012091,0.00093771
0.0010737,-0.00040674,0.003396,0.0029451,0.0081274,-0.010969,0.052006,0.028836,-0.014053,-0.0020936,0.021485,0.015215,-0.00010985,0.00016779,0.0012805,0.00099029,-0.0060485,0.0070911,0.015333,0.01042,0.32482,0.085081,0.36674,0.16751,-0.32468,0.14527,0.38979,0.20481,0.0016397,0.00052701,0.0099498,0.014211,-0.0069315,-0.0047458,0.016668,0.015093,0.26737,-0.11574,0.29291,0.16846,-0.25366,-0.14563,0.2809,0.18443,-0.00031395,0.0024038,0.010711,0.0080641,-0.0024888,0.00025368,0.0037192,0.0012343,-0.0028577,-0.0028895,0.013695,0.0093408,0.0037351,-0.0024722,0.013819,0.0099379,-6.0933e-05,-0.00089765,0.001253,0.0012926
-0.00023882,-0.00047732,0.00098828,0.0011722,0.0025348,-0.0014494,0.010085,0.0082517,0.010426,-0.0023405,0.013661,0.0087198,-0.00039689,0.0017403,0.0017592,0.0027455,-0.0016819,-0.0017895,0.011634,0.0090684,0.25306,0.16125,0.27526,0.20631,-0.191,0.11652,0.24089,0.17745,0.0067369,-0.010491,0.0099675,0.01213,0.010456,0.0097623,0.014051,0.020647,0.28699,-0.17888,0.36606,0.27403,-0.29702,-0.16914,0.37305,0.26173,0.0031797,-0.003996,0.021289,0.014521,-0.0025171,-0.0049937,0.0038313,0.0066709,0.0002253,0.0068664,0.011969,0.02777,0.0011391,-0.0044218,0.009488,0.014656,0.0006537,-0.0004995,0.0012517,0.0017715
0.00017857,-0.00041308,0.0025461,0.0018967,-0.0043575,-0.0044746,0.011287,0.0065537,-3.5746e-05,-0.0004052,0.010441,0.0047049,0.0014324,0.0013032,0.0028528,0.0016635,-0.0031932,-0.0057329,0.010303,0.0072117,0.25433,0.13842,0.29565,0.20603,-0.20276,0.18069,0.26487,0.19363,0.0061694,-0.0013089,0.010196,0.0064615,0.00016127,0.00094009,0.010484,0.0073261,0.32121,-0.097871,0.47326,0.16301,-0.2538,-0.16421,0.3224,0.19787,0.0074503,0.0063862,0.013684,0.0075485,-0.00067258,0.00013437,0.0010736,0.00080485,-0.012186,0.001089,0.067987,0.012414,0.016351,-0.0065032,0.021222,0.011466,0.0022236,0.0013628,0.0048919,0.0024094
-0.00062753,-0.0011723,0.0018781,0.0024071,0.0014945,0.0027462,0.0095113,0.0088189,-0.0016688,0.0039533,0.01475,0.017109,0.00091261,-0.00095684,0.0013331,0.0026741,-0.0052429,0.0010684,0.021627,0.011866,0.30145,0.12901,0.31966,0.17955,-0.28399,0.16567,0.31898,0.21973,0.0025646,0.00063342,0.012894,0.0079196,-0.017941,0.010136,0.03366,0.014763,0.30873,-0.10535,0.31396,0.18098,-0.28848,-0.16215,0.34039,0.17507,-0.001585,0.0043049,0.01429,0.0077904,-0.0012575,0.0025084,0.0034391,0.0031685,0.0085204,0.004058,0.027736,0.012377,-0.013377,-0.0028573,0.03516,0.0064703,-0.0012798,0.00074578,0.0024233,0.001034
-0.00018498,3.8591e-05,0.0012096,0.000801,0.002661,0.00072576,0.0065993,0.0078666,0.0053257,0.003155,0.01283,0.013834,0.00045743,-7.7571e-05,0.00071867,0.0010039,-0.0019653,0.00048166,0.0086348,0.0081953,0.28137,0.10846,0.42916,0.2662,-0.2359,0.11093,0.28603,0.18865,0.0077476,0.0022267,0.02466,0.02408,0.0024504,0.0077007,0.0065448,0.010672,0.2107,-0.057851,0.41318,0.27598,-0.22606,-0.12429,0.26991,0.17748,0.0011169,-0.0028964,0.011566,0.022005,-0.00048144,0.00052585,0.0022589,0.0011367,-0.002148,-0.0055341,0.0097436,0.0096425,-7.8939e-06,0.000919,0.0066784,0.0084679,0.00064181,0.0014264,0.0026797,0.0043931
-0.0060058,-0.0011909,0.0061124,0.0014311,0.032452,0.0090476,0.034909,0.016419,0.010852,0.031285,0.033085,0.031585,0.0012196,0.0010498,0.0030928,0.0038426,-0.027722,-0.0004194,0.038073,0.0097669,0.41257,0.062514,0.41257,0.12804,-0.11924,-0.023442,0.28898,0.16959,-0.019754,-0.0062102,0.03439,0.012813,-0.014832,-0.0015067,0.025659,0.0075862,0.18369,-0.13671,0.34324,0.16695,-0.0080185,-0.26011,0.33933,0.34223,-0.023612,-0.0016253,0.02732,0.018444,-0.0014358,-0.00049322,0.0028139,0.0015693,-0.0042353,-0.0020136,0.013116,0.0072438,0.012644,-0.014493,0.01853,0.023384,0.0011429,-0.0022815,0.0029069,0.0030556
0.00086003,-0.0034369,0.0048279,0.0079978,-0.012507,0.0081015,0.036026,0.043973,0.009381,-0.020544,0.010087,0.020544,0.0014828,-0.001205,0.001856,0.0013611,-0.0083944,0.0027419,0.02706,0.034543,0.34337,-0.029562,0.45885,0.21926,-0.25711,0.12,0.2755,0.15677,0.019418,-0.02038,0.019473,0.020511,-0.016975,0.015894,0.025465,0.04572,0.1641,-0.059653,0.23533,0.42572,-0.13316,-0.14,0.16869,0.30405,-0.0050786,0.0061847,0.015881,0.01644,0.002192,-0.0040341,0.0027122,0.0049688,-0.0076704,0.0087779,0.014739,0.025342,-0.0029652,-0.018317,0.0097506,0.051828,-8.472e-05,-0.0032232,0.0011278,0.0061435
-0.0054301,-0.001576,0.005923,0.0020316,0.021611,0.0021721,0.0814,0.023257,0.012285,0.021843,0.038664,0.021951,-0.00070743,0.00079435,0.0019881,0.0013756,0.017639,0.001681,0.049234,0.012549,0.15336,0.013069,0.49318,0.19257,0.052014,-0.095112,0.37649,0.30567,-0.016236,0.0028838,0.018477,0.008781,-0.0090364,-0.0018648,0.057517,0.011218,0.073766,-0.11971,0.379,0.26294,0.11875,-0.11983,0.3582,0.18947,-0.018005,0.00073392,0.0369,0.0071452,-0.0073093,-0.0020158,0.011384,0.0025841,0.0059096,-0.00029682,0.012327,0.014684,0.036945,0.0032371,0.049972,0.011485,-0.0058018,-0.00077474,0.0067325,0.00089572
-0.0029179,-0.0011242,0.0032912,0.0011621,0.0020052,-0.051899,0.061944,0.055296,-0.013788,-0.015533,0.040199,0.02117,0.0014936,0.00015877,0.0020245,0.00052392,-0.0184,-0.0066531,0.019458,0.0066531,0.25285,0.14604,0.32745,0.19743,-0.19035,0.11989,0.38999,0.19595,-0.012041,0.0060364,0.038907,0.0071991,-0.023937,-0.0014759,0.025008,0.0022668,0.29556,-0.13983,0.3408,0.15395,-0.21717,-0.12811,0.41638,0.1584,-0.012113,0.0060276,0.03907,0.0085016,-0.0033886,9.6959e-05,0.0041195,0.00064677,0.00062757,-0.0025652,0.01017,0.0090038,0.013395,-0.00026081,0.022391,0.0054842,-0.002253,0.0009634,0.0074004,0.0014746
-0.00097003,-0.00083211,0.0010613,0.00091336,0.0005922,-0.02394,0.050545,0.031726,-0.015286,-0.0045821,0.052572,0.013558,0.0018135,-0.00080941,0.0036844,0.00094825,-0.014495,-0.0057259,0.015965,0.0067638,0.19244,0.095734,0.33792,0.24583,-0.11792,0.12182,0.4508,0.1772,-0.036332,0.013487,0.059824,0.01636,-0.026377,-0.0024862,0.029831,0.0039972,0.24538,-0.14975,0.33179,0.16745,-0.13962,-0.16108,0.4449,0.17179,-0.010229,0.016442,0.066742,0.018662,-0.0034913,-0.00010812,0.003706,0.00035451,-0.0037918,0.00038302,0.024273,0.0054483,0.021476,0.001058,0.029285,0.006389,0.00091937,0.0013182,0.010299,0.0019656
0.00012051,0.00036401,0.0011548,0.00080162,0.016658,0.0018577,0.044683,0.015792,-0.035976,0.0061279,0.043648,0.0086202,0.001849,-0.00025268,0.0022038,0.00049803,-0.0047429,-0.0042378,0.0076251,0.006375,0.29647,0.017832,0.47857,0.06789,-0.36432,0.06135,0.43212,0.084494,0.0051794,0.00041141,0.013361,0.0028708,-0.022029,-0.0071545,0.022029,0.0076066,0.10822,-0.16076,0.31522,0.17558,-0.13605,-0.18304,0.25287,0.21572,-0.010969,0.0053892,0.025115,0.0059441,-0.0025194,-0.00086996,0.0025359,0.00086996,0.031259,0.0085945,0.041631,0.014837,-0.023515,0.037289,0.050374,0.043948,0.00096378,0.0002978,0.0052608,0.00097323
-0.0045874,6.3238e-05,0.0046771,0.00039304,-0.0070357,0.00043944,0.017867,0.0066374,0.017176,0.0041871,0.023678,0.0059178,-0.0023747,0.0014449,0.0087751,0.0014558,-0.025474,0.0034405,0.025938,0.0044818,0.078658,0.15737,0.25569,0.17658,0.054952,0.20671,0.35411,0.21255,-0.040924,-0.006966,0.063163,0.0080601,-0.017308,0.0034111,0.017361,0.0050818,0.30208,-0.037209,0.40327,0.075353,-0.19308,-0.037612,0.57053,0.090664,-0.03197,-0.0087277,0.053712,0.011577,-0.0020851,0.00024802,0.0021097,0.00036331,0.022859,-0.0046725,0.049672,0.008405,-0.023008,-0.011852,0.073252,0.018084,0.0021247,0.00022409,0.0038052,0.00095857
-0.0023903,0.0023122,0.0071086,0.010362,0.01975,0.0021623,0.044287,0.038387,-0.002584,-0.011012,0.029374,0.035015,0.0039912,-0.0025469,0.0086679,0.0055006,0.043106,-0.0081051,0.066955,0.031788,-0.1348,-0.20009,0.33694,0.3717,0.22114,-0.13992,0.2654,0.26767,-0.06786,-0.0079444,0.085183,0.026686,0.018806,0.023297,0.04959,0.047098,-0.10449,0.1839,0.28323,0.36734,0.17494,0.16694,0.26858,0.20874,-0.034309,0.00040018,0.047591,0.054495,-0.0080776,-0.00055489,0.0094238,0.0040488,0.040557,0.007682,0.054137,0.036397,-0.01417,-0.0027392,0.017868,0.013597,-0.0023193,0.0080266,0.0063853,0.011142
0.001808,-0.0012676,0.0047098,0.0079257,0.021389,0.0042784,0.036278,0.062173,-0.012447,0.0032472,0.025401,0.035539,0.00021756,-0.00042243,0.0025828,0.0086014,-0.0014637,0.020065,0.05189,0.06729,-0.068285,-0.07451,0.47473,0.35378,0.16456,-0.083925,0.30033,0.26318,0.0038404,-0.0038896,0.025683,0.038368,-0.031379,-0.036935,0.044768,0.046949,-0.011269,0.15628,0.32204,0.29057,0.098815,0.1188,0.31431,0.26903,0.0009502,0.016044,0.020144,0.034934,0.00092467,0.0079574,0.0057015,0.0089452,0.0041336,-0.054243,0.038788,0.071611,0.025242,-0.0035711,0.032196,0.01807,-0.0014712,-0.00075192,0.001861,0.0043895
0.0022939,0.00041507,0.009105,0.0018348,-0.018245,0.012471,0.054681,0.042701,0.033006,0.012604,0.076924,0.029203,0.00053994,-0.0021568,0.0045461,0.0041048,0.0092543,0.0030108,0.016155,0.015262,-0.21214,-0.14814,0.24131,0.34,0.20769,-0.146,0.25563,0.21293,-0.01673,-0.0060628,0.032458,0.048516,-0.014775,-0.028133,0.039433,0.062342,-0.15717,0.10277,0.37962,0.35748,0.25481,0.088583,0.32931,0.22968,-0.019138,-0.01485,0.036082,0.056695,0.0001518,0.0034807,0.0050154,0.0072773,-0.025897,6.7316e-05,0.056961,0.047752,0.024516,-0.016221,0.064105,0.047242,-0.001645,0.0033488,0.0049499,0.0096505
0.0050463,0.0021551,0.0055824,0.0022599,0.024697,0.038877,0.032696,0.04078,-0.026268,-0.011211,0.028249,0.015158,0.0072568,-0.0019976,0.0076177,0.0041452,-0.016528,-0.013145,0.042208,0.019593,-0.036802,-0.10135,0.45954,0.22498,0.18461,-0.08743,0.3735,0.21974,0.022755,0.015535,0.047458,0.036129,-0.023151,0.034473,0.055408,0.044453,-0.056687,0.078309,0.35447,0.32961,0.038846,0.091765,0.37116,0.25383,0.055831,-0.017855,0.071779,0.028945,-0.0019057,-0.0049021,0.0076109,0.0060881,-0.013312,-0.0064746,0.058643,0.02963,0.035843,-0.017219,0.061714,0.034104,0.00098494,0.0029336,0.0055916,0.0065373
-0.0014467,0.0078687,0.0066887,0.008211,0.0078559,-0.00018053,0.016246,0.011208,0.045916,-0.0078545,0.061155,0.016577,-0.0090823,0.0046843,0.011635,0.0048592,0.0013146,0.012763,0.03972,0.022044,-0.26361,0.15753,0.27954,0.18,0.43485,-0.056671,0.43649,0.072282,-0.021253,0.011817,0.022605,0.020521,0.043514,-0.017333,0.044159,0.017333,-0.18649,0.24536,0.23165,0.26363,0.17761,0.19215,0.22873,0.22523,-0.01829,-0.0037037,0.018741,0.006131,0.012657,-0.0032215,0.012713,0.0055169,0.0070875,-0.0058613,0.023897,0.0066181,-0.012571,-0.0028833,0.012584,0.0067609,-0.00072619,-0.00057348,0.00095691,0.00087862
-5.2778e-05,-0.00043097,0.00065152,0.00050926,-0.00081522,-0.0019863,0.002335,0.0028826,0.0007277,0.0017738,0.0041691,0.0042541,0.005059,0.0054527,0.0064492,0.0057112,0.000109,-0.00089191,0.0035605,0.0051721,0.246,0.15607,0.26165,0.17191,-0.1521,0.14097,0.32589,0.15351,0.025914,0.0056664,0.031697,0.006857,0.0092512,0.022637,0.012523,0.025046,0.36519,-0.07275,0.43305,0.11305,-0.28011,0.07047,0.43923,0.095783,0.044437,-0.0034407,0.046316,0.0086268,0.0046972,0.0012158,0.0081258,0.002809,0.027019,0.015672,0.089421,0.018139,-0.019102,0.021166,0.038082,0.024432,0.00082629,-0.00081433,0.0029858,0.0014937
7.1632e-05,1.0207e-05,0.00039452,0.00052223,0.0012874,-0.00057348,0.0041847,0.0024676,0.018873,-0.0016655,0.02462,0.009579,-0.0017299,0.0021095,0.006778,0.0037108,-0.0014204,-0.0012856,0.0021054,0.0019447,0.25179,0.17144,0.25543,0.18556,-0.19121,0.17616,0.28531,0.20323,0.065139,-0.0030346,0.094558,0.014449,-0.00037158,0.00042764,0.0015076,0.002391,0.4191,-0.08959,0.42427,0.10217,-0.24287,0.16923,0.2932,0.18886,0.072846,0.011409,0.079117,0.016902,-0.00085659,0.0010244,0.00097556,0.0012634,0.053188,0.00033691,0.054869,0.022423,0.0093908,-0.0043145,0.027049,0.01046,-0.0018288,-0.0013364,0.0018466,0.0016039
-0.0009683,-0.00011463,0.0010625,0.00030912,0.019314,-0.0024886,0.068422,0.015565,-0.026641,0.0097561,0.028155,0.013889,-0.00025024,-1.6445e-05,0.00080872,0.00046352,0.001014,-0.0073673,0.0053369,0.0080462,0.42224,0.024221,0.46135,0.11029,-0.36028,0.10824,0.36028,0.14608,-0.0071016,0.0032398,0.011803,0.01162,0.0036922,0.02303,0.0071118,0.02303,0.18407,-0.061825,0.2303,0.2739,-0.14724,-0.13269,0.19011,0.22553,0.0024518,0.012558,0.0054277,0.016406,-0.0010846,0.0026952,0.0011882,0.0043319,-0.0090195,0.014609,0.012638,0.033764,0.0037187,0.0084911,0.0065881,0.021203,-0.00067966,0.0028969,0.0023395,0.0039651
0.0024074,0.0026623,0.0036516,0.0061544,0.0046271,0.017131,0.03744,0.021406,-0.014404,-0.010716,0.045631,0.023591,0.0071958,0.005087,0.0075866,0.0065544,0.012679,-0.0033649,0.016721,0.037241,-0.076141,-0.27877,0.26805,0.39195,0.23466,-0.041309,0.30862,0.18164,0.0013517,0.0117,0.0109,0.017705,0.0022571,0.0015857,0.037895,0.042304,0.010676,0.25079,0.15376,0.53047,0.14299,0.062295,0.21387,0.22731,1.1892e-05,-0.019746,0.010532,0.028097,-0.00043894,-0.00027598,0.0010535,0.00065468,0.037494,-0.008876,0.038001,0.014414,-0.0051166,0.011111,0.014845,0.01933,-0.00083022,0.0028577,0.0012953,0.0029057
0.004825,0.00075639,0.0048267,0.0021818,0.0032958,-0.003183,0.072837,0.026158,0.0012527,0.02275,0.025723,0.028329,-0.0044869,-0.0026733,0.0048612,0.0035171,0.0051032,-0.0098917,0.026674,0.014345,0.1888,0.088657,0.48836,0.18583,-0.20456,-0.087483,0.35725,0.15234,0.0069549,0.001327,0.0074566,0.0049618,0.028625,0.00022339,0.03697,0.0099653,0.1132,-0.10693,0.44046,0.19749,-0.18177,-0.0099045,0.4094,0.070615,0.0047629,-0.002193,0.006092,0.0053922,0.0077834,-0.00061711,0.0077941,0.0012407,-0.0079104,-0.0029546,0.059611,0.0084323,-0.0058831,0.00094962,0.067654,0.0071891,0.0005268,-7.8393e-05,0.00059427,0.00034811
0.00027432,-0.00048175,0.00084045,0.00088311,0.00073637,0.00071947,0.0048873,0.00334,0.0011683,-0.0039384,0.0065809,0.0057761,0.0033413,-0.00055491,0.0040705,0.00064754,-0.0022505,-0.00098808,0.0041158,0.0034913,0.17024,0.25846,0.19318,0.27183,-0.10698,0.35595,0.19134,0.36715,0.0075014,-0.0021627,0.011797,0.011829,-0.0017376,0.0011149,0.0031576,0.0037082,0.42948,-0.093078,0.44303,0.13192,-0.090121,0.071767,0.16174,0.14014,-0.0091363,0.057937,0.011,0.058438,-0.0001861,0.00014586,0.00055791,0.00050316,0.061423,-0.020241,0.064794,0.021449,0.0039643,-0.012866,0.020517,0.023493,0.0026975,-0.00079253,0.0050716,0.0031265
-0.0019023,0.001013,0.0026631,0.0012171,0.0088131,-0.0088302,0.081312,0.021228,-0.019143,0.0029905,0.019791,0.0042983,8.0663e-05,0.00036698,0.00018446,0.00050153,-0.014115,-0.0019552,0.017765,0.0083517,0.32628,0.023461,0.41473,0.076339,-0.32121,0.17223,0.32694,0.1789,0.0018335,0.0029992,0.0040751,0.0055396,-0.0090029,-0.003107,0.01525,0.017628,0.32914,-0.012626,0.33756,0.076465,-0.29816,-0.082857,0.29816,0.12065,0.0027695,-0.0029938,0.0073544,0.011028,0.00032629,0.00032402,0.00044005,0.00077775,0.018094,-0.02281,0.023917,0.03924,-0.025568,-0.031533,0.0279,0.032452,0.00091976,-0.00017677,0.00093214,0.0012982
0.00086902,0.00030136,0.0014491,0.0012565,-0.00070028,0.0024869,0.0038961,0.0040051,0.003767,0.0053629,0.0096967,0.010034,0.0023378,0.0050386,0.007197,0.0050748,0.0047061,0.0088348,0.021195,0.012059,-0.10713,-0.16144,0.11586,0.16785,0.30404,0.0026326,0.32716,0.16788,-0.0065487,0.0030123,0.0075825,0.0036639,0.0083065,0.025108,0.013177,0.040916,-0.17107,0.37503,0.17307,0.37629,0.23643,0.11371,0.50195,0.16491,-0.00060933,0.00076984,0.00098371,0.0010987,5.6305e-05,-4.8145e-05,0.00011869,7.6498e-05,-7.6262e-05,-0.00016788,0.00041525,0.00028703,0.00040104,0.00031521,0.0010801,0.00066953,-1.7468e-05,5.3903e-06,3.4981e-05,4.0962e-05
-0.00089928,-0.00061922,0.0010613,0.0012099,-0.015662,0.0092738,0.023122,0.013919,0.020391,-0.0088738,0.028126,0.009128,0.00042885,-0.00072992,0.0010154,0.00096522,-0.0011159,0.0042808,0.0049068,0.0072284,0.1644,0.14524,0.225,0.18093,-0.15809,0.18563,0.3552,0.22496,0.0032825,0.0018601,0.0056437,0.0049416,-0.00443,-0.0012861,0.0066075,0.0087753,0.35866,-0.071952,0.40035,0.13821,-0.33917,-0.047563,0.4265,0.091794,0.0021932,-0.00063162,0.0057641,0.0062225,-0.00053336,0.00030867,0.00083919,0.00073126,0.040104,0.0005051,0.048717,0.0077342,-0.037043,-0.016222,0.050928,0.018678,-0.0016026,-0.0029263,0.002253,0.0033875
-0.00053651,-0.00039471,0.00096776,0.0011356,0.021153,-0.013719,0.036802,0.024933,0.041528,-0.022462,0.042657,0.023974,6.4181e-05,-6.6053e-05,0.00012062,0.00019165,-0.023865,0.057516,0.025002,0.062034,-0.099828,0.045459,0.13024,0.16538,0.4519,-0.075134,0.47019,0.089448,0.00068782,-0.00029635,0.00084288,0.00070975,0.001145,-0.0050722,0.0050692,0.023688,-0.11344,0.33683,0.18253,0.39892,0.20753,0.20348,0.2089,0.20403,0.00074667,0.00084241,0.00095824,0.0010043,0.000171,3.2672e-05,0.0002613,0.00020971,-0.00013038,-9.8865e-05,0.00087611,0.0003017,-0.00011113,-0.00032236,0.00081552,0.0006043,-8.6089e-06,-1.3517e-05,2.1043e-05,1.5429e-05
0.00032167,-0.001345,0.00061809,0.0013973,0.0050524,-0.0070802,0.006359,0.009569,-0.012227,0.011513,0.014864,0.016271,0.0073083,0.011711,0.01518,0.01236,-0.0027706,-0.021396,0.014774,0.041456,0.18444,0.13175,0.24251,0.32714,-0.046392,0.12435,0.24939,0.20287,0.050633,0.016769,0.050857,0.01738,0.0079242,0.018351,0.012406,0.056983,0.15456,-0.18418,0.2083,0.35754,0.078237,-0.14352,0.51755,0.33242,0.010025,0.0046501,0.01148,0.0058713,0.0004733,-0.00045911,0.001056,0.0018816,-0.020491,-0.0039487,0.022208,0.020817,0.072526,0.031741,0.072569,0.032231,0.00034366,-0.00013079,0.00045673,0.00049799
0.0042027,0.00098497,0.0043802,0.0019716,0.014213,0.022746,0.025951,0.023839,-0.019255,0.048388,0.021368,0.053087,-0.0015742,0.009225,0.0026967,0.010176,0.032478,-7.5774e-05,0.0327,0.010977,-0.16754,-0.1971,0.41857,0.20884,0.27138,-0.15342,0.28642,0.17808,-0.0039458,0.0067546,0.0043129,0.0071506,0.0094014,-0.0056652,0.01797,0.011423,-0.088209,0.19018,0.43192,0.21502,0.24036,0.15178,0.27884,0.21027,-0.0019806,-0.013412,0.0074682,0.013412,-8.3704e-05,-0.00034914,0.0017515,0.0017871,0.028186,-0.0034971,0.037764,0.0044201,-0.047812,-0.049251,0.051098,0.050168,0.0020298,-0.0085212,0.0024986,0.0089661
0.00022949,0.00083215,0.00041212,0.0010994,-0.00248,0.016181,0.0033017,0.016181,-0.00038831,0.023887,0.0062645,0.0258,0.00093337,0.0028831,0.0014207,0.0036046,0.0045252,-0.0074248,0.010816,0.070228,-0.084647,-0.34719,0.11965,0.39603,0.20981,-0.20317,0.21388,0.21749,-0.0039941,0.00085403,0.0044007,0.0034979,-0.010311,0.0040393,0.010789,0.0080548,-0.23202,0.13333,0.23202,0.21246,0.39136,0.073721,0.41679,0.078683,-0.012821,-0.0043715,0.015999,0.0053579,-0.0011242,-2.756e-05,0.0013167,0.00072572,-0.022957,0.0070005,0.028281,0.017709,0.045259,0.0063927,0.045396,0.0078043,-0.0026737,6.0613e-05,0.0029309,0.00038161
-0.00069548,-0.0002639,0.0012315,0.0013097,0.042316,-0.013149,0.049015,0.016809,0.029054,-0.01866,0.086244,0.032241,0.00038237,-0.00042548,0.0019114,0.0024426,-0.00071218,-0.0060172,0.014159,0.012566,0.23949,0.18151,0.27285,0.23852,-0.0080106,0.047016,0.39855,0.29999,0.012473,-0.036866,0.023196,0.0428,-0.00097622,0.0050544,0.0058665,0.0087675,0.38845,-0.068717,0.42813,0.11142,-0.17952,-0.036933,0.2477,0.22236,0.007674,0.034857,0.013429,0.050095,0.0002411,0.0054833,0.0017194,0.005817,0.019215,0.019179,0.028465,0.028507,0.042532,0.035504,0.044339,0.03676,-0.00029876,-0.00034519,0.0010182,0.0018602
-0.00030832,0.00028884,0.00090662,0.0006464,0.034035,-9.4403e-05,0.034094,0.0071422,0.055879,-0.0080143,0.055879,0.0096314,0.00078826,-0.00039422,0.00086144,0.00069473,-0.000532,-0.0026214,0.0046349,0.0087102,0.43602,0.093519,0.44241,0.10185,0.00095694,-0.0035725,0.34271,0.25234,0.018193,-0.036755,0.018439,0.03815,0.0018605,0.0042968,0.0050895,0.0089083,0.25537,-0.14075,0.25903,0.20321,-0.063155,-0.28103,0.17845,0.29422,0.018832,-0.037218,0.025936,0.038477,-0.00035301,-0.00032674,0.00075094,0.00068282,0.0024325,-0.0052281,0.0077632,0.01256,0.020718,0.0070763,0.031583,0.031225,-0.0017812,0.0024579,0.0024956,0.0026617
-0.00022859,-0.00010978,0.00041702,0.00046705,8.1375e-05,0.0005132,0.0021866,0.0026052,0.028928,0.0058399,0.037128,0.016522,-0.008485,0.0037866,0.0085231,0.0049719,-0.00059928,-0.0001469,0.0023704,0.0061091,0.23422,0.11927,0.27991,0.13597,-0.14411,0.18623,0.36144,0.36526,-0.013129,-0.021423,0.019835,0.033186,0.017201,0.0081698,0.021514,0.012384,0.097432,-0.065752,0.27804,0.36584,-0.097482,-0.2349,0.27988,0.35568,-0.0057001,0.021396,0.030019,0.054904,0.006586,0.0012193,0.0065995,0.0067703,-0.0046569,0.014143,0.054024,0.043026,-0.0056453,0.02481,0.035124,0.052471,9.8807e-05,-0.0031605,0.0049026,0.004772
-0.00018442,2.825e-05,0.00043131,0.00018487,0.06809,0.009855,0.068706,0.010851,0.0061193,0.0022731,0.0077488,0.006392,-0.00085175,0.00021708,0.0015227,0.0011426,-0.00044135,0.00033561,0.0012383,0.0012029,0.45961,0.077495,0.46086,0.07953,0.014452,-0.029102,0.05076,0.060358,-0.0017323,-0.00072189,0.0053003,0.006338,0.00086765,-0.00054335,0.0016592,0.0012486,0.20903,-0.18802,0.21456,0.245,-0.0056941,-0.4043,0.055616,0.4325,-0.001728,-0.063635,0.0045242,0.063635,0.00049982,1.9487e-05,0.00054454,0.00014282,0.00023931,-0.0035186,0.0042372,0.0045319,-0.00054491,-0.0038137,0.0026567,0.0042871,-0.00022237,-3.5823e-05,0.00047571,0.00021966
0.00013951,-0.00024317,0.00049859,0.00050595,0.00068323,0.0013016,0.0017259,0.0033279,-0.00051388,0.0012318,0.0022787,0.0036051,0.0010939,0.0027288,0.001157,0.0028432,0.00044651,0.00050637,0.0048741,0.00428,0.2178,0.20336,0.22644,0.21704,0.13384,0.38291,0.13929,0.38684,0.013502,0.031194,0.015628,0.035136,0.0022466,-0.0013172,0.0048363,0.0025848,0.46674,-0.1061,0.47382,0.11248,0.015624,-0.0013156,0.033538,0.035914,-0.0020822,0.00033929,0.0038115,0.0023068,-1.2727e-05,8.3491e-05,0.00020457,0.00025908,0.057662,-0.0083274,0.058078,0.0091106,0.015439,-0.0075905,0.017769,0.0084197,5.5097e-05,-0.00062256,0.0004633,0.00071969
-0.000337,0.00013031,0.0011642,0.00024736,1.3985e-05,0.0018128,0.0028868,0.0028181,0.00010354,-0.00062514,0.0019099,0.0013659,-2.864e-05,7.057e-06,0.00043246,0.00024058,0.00061917,-0.00072536,0.001667,0.0022423,0.1947,0.17738,0.21014,0.19032,0.10848,0.34772,0.16021,0.40383,-0.074759,0.017133,0.083293,0.018178,-0.00043942,-0.00047877,0.001573,0.0012226,0.47982,-0.079904,0.48439,0.084064,-0.024125,0.014701,0.076463,0.03174,-0.10019,0.015262,0.10177,0.016022,-0.00012308,3.213e-05,0.00032115,0.00014402,0.063833,-0.0088633,0.064203,0.009406,0.0071137,-0.00071671,0.011566,0.0085514,-0.0086975,0.0021931,0.0088239,0.0022892
0.0011699,-0.00019633,0.0029208,0.00041789,0.038316,-0.0058606,0.038396,0.0089655,0.00036825,-0.0021071,0.0024321,0.0031708,2.0657e-05,-0.00040584,0.00026414,0.00052234,-0.01319,0.0041443,0.028475,0.0084653,0.078034,-0.27067,0.39138,0.27746,0.28267,-0.18071,0.30789,0.21481,-0.00067644,0.0043753,0.0014443,0.0049774,-0.03625,0.014116,0.041322,0.016762,0.087403,0.074507,0.25716,0.18281,0.3283,0.13175,0.37522,0.20966,0.0046731,-0.00507,0.0058299,0.006441,-0.008205,8.6382e-05,0.014208,0.0062645,0.035026,-0.019178,0.043179,0.023129,0.010492,-0.020701,0.031703,0.023976,0.0066895,-0.0028808,0.0068415,0.0035986
-0.00026264,-0.00033228,0.00032516,0.00042332,0.0010565,-0.00080437,0.0029007,0.0016985,-0.00021433,2.8178e-05,0.0019496,0.0019638,-0.00081231,0.00034568,0.00087272,0.00055104,-0.0016633,0.00058465,0.002913,0.0017646,-0.145,-0.21765,0.15921,0.23286,0.15696,-0.15832,0.16109,0.17076,-0.0017743,0.0013898,0.0028193,0.0020863,-0.0077827,-0.0055815,0.0091921,0.00719,-0.39691,0.065684,0.43283,0.16646,0.4201,0.045974,0.4215,0.052143,-0.00018832,0.00050871,0.0014819,0.0012294,-0.011085,-0.0037368,0.01132,0.006037,-0.0067698,0.0039009,0.073119,0.027906,0.044142,0.016083,0.045665,0.016547,-2.3072e-05,-0.00016079,9.9501e-05,0.00016833
-3.6583e-05,5.0743e-07,3.6583e-05,5.1486e-06,-0.0099913,-0.017625,0.030875,0.020699,0.0046983,-0.004227,0.075236,0.023912,0.00020307,1.0753e-05,0.00020307,1.0753e-05,-0.0019424,-0.0012033,0.0042088,0.0016237,-0.16984,-0.082838,0.42993,0.19497,0.22871,-0.050202,0.30905,0.15494,0.0011061,0.00015536,0.0015699,0.00015536,-0.045053,-0.0051378,0.046662,0.0096216,-0.066036,0.059328,0.54649,0.29516,0.24009,0.12819,0.24954,0.12923,0.0013748,-0.00023427,0.0013748,0.00042857,-0.0026332,0.0010198,0.0028064,0.0010812,0.017224,-0.021011,0.071879,0.037579,0.014099,-0.0075616,0.016371,0.010772,0.00041033,-5.8704e-05,0.00041033,0.00010795
0.00046743,-0.0018569,0.00062407,0.0018865,0.0013303,-0.0025955,0.0034945,0.0027726,-0.0011378,0.00049931,0.0027618,0.0020814,-0.00067155,0.00035345,0.0011615,0.0011775,0.0048025,0.010697,0.0076839,0.0186,-0.20817,-0.24202,0.23854,0.29045,0.2484,-0.22355,0.26066,0.22556,0.00022972,-0.0028364,0.0025187,0.0045277,0.002697,-0.0016433,0.0057461,0.0072934,-0.26517,0.26656,0.26824,0.28049,0.24868,0.22214,0.26312,0.23042,-0.00076798,0.00056471,0.0023834,0.0047153,0.00035726,0.00019731,0.00059386,0.00041241,-0.00030818,-0.0017359,0.0013847,0.0033681,-0.0016058,-0.0030007,0.0028966,0.0049753,-0.00024901,0.00067217,0.00046591,0.0011411
0.00017606,0.00013088,0.00083947,0.0004162,0.0011874,-0.00028659,0.0040499,0.002898,-0.0011377,-0.00036846,0.003143,0.0019808,-4.7087e-05,-0.0006973,0.00091757,0.001287,-0.0011701,-0.00077689,0.0035217,0.0055717,0.1893,0.16106,0.21128,0.2569,0.069267,0.38439,0.086284,0.50326,0.0096979,0.047348,0.012616,0.057307,-0.0028464,0.001901,0.0058339,0.0046314,0.42932,-0.057831,0.44251,0.10973,0.012365,-0.0020734,0.046571,0.033118,-0.0044163,0.0024698,0.0066667,0.0043866,0.00020522,-3.952e-05,0.00040983,0.0005412,0.066469,-0.0025963,0.069148,0.0053198,-0.00045569,-0.00075777,0.0070866,0.008581,0.00015985,-0.0002985,0.0007043,0.0016221
0.00022796,-8.9009e-05,0.0010758,0.00044609,0.032531,0.001124,0.036774,0.0075749,0.028424,0.0016831,0.039849,0.0069965,-0.00033449,0.00032538,0.0010085,0.00054872,0.00032199,0.0010968,0.0041844,0.0035017,0.40851,0.11783,0.4323,0.12737,0.0018723,0.040993,0.061082,0.059315,-0.0015512,0.0081236,0.005352,0.010576,-0.0019002,-0.00037298,0.006792,0.0031016,0.23004,-0.17133,0.2493,0.20319,-0.10983,-0.41952,0.16675,0.4365,-4.179e-05,-0.066771,0.0072028,0.07301,0.00014173,0.000171,0.00032032,0.0006028,-0.0015676,0.00022139,0.002928,0.0034589,0.00074874,-0.00023239,0.0013316,0.0015486,6.3199e-05,7.9883e-05,0.00024759,0.00033517
-0.0044157,0.0019798,0.0068679,0.0038354,0.00024338,0.0004954,0.037941,0.042655,0.025186,0.01624,0.033017,0.028351,-0.0015394,0.001507,0.0023827,0.003813,-0.007957,0.0055912,0.013649,0.013687,-0.18699,-0.095392,0.31497,0.3695,0.26967,-0.12277,0.32481,0.13791,-0.0093379,0.0037001,0.011466,0.015325,-0.010009,-0.012586,0.017103,0.016043,-0.22033,-0.086287,0.26614,0.20436,0.36756,0.11149,0.38063,0.17295,0.0035621,0.003196,0.0050683,0.011961,-0.002733,0.0023566,0.0034088,0.0031063,0.018973,0.041658,0.055151,0.047559,0.013901,0.0018465,0.02901,0.019722,0.0013869,-0.00043535,0.0013869,0.0011124
-4.9416e-06,-0.00040383,0.00066894,0.0011817,0.013503,-0.0097865,0.021119,0.020178,0.051844,-0.011348,0.055174,0.012881,0.00032397,-0.00012225,0.00076202,0.00039451,0.0020856,0.0020995,0.0030737,0.0037604,-0.0056561,-0.0058782,0.035716,0.025102,0.43376,-0.090981,0.44099,0.098717,0.00062309,-5.8619e-05,0.0039209,0.0023264,0.011623,0.052006,0.013057,0.060874,0.042417,0.40309,0.067481,0.49704,0.1732,0.19298,0.20808,0.23839,0.0014034,0.00040355,0.0029575,0.0049937,0.00019224,-4.5942e-05,0.00033459,0.00053327,8.1286e-05,0.00073163,0.0071049,0.0025435,-0.0023967,-0.0019834,0.0050794,0.0087197,0.00099565,-0.00060926,0.0011568,0.0016703
-0.0019026,-0.0019704,0.0019805,0.0023082,-0.0082074,0.0055266,0.014462,0.01117,0.0046091,0.0074547,0.013512,0.015383,0.0010086,0.0053661,0.0012238,0.0055981,-0.0202,0.016435,0.030449,0.035163,0.21575,0.072191,0.29175,0.18805,0.023944,0.20957,0.10671,0.31793,-0.00081312,-0.019494,0.017306,0.056703,-0.026511,0.028176,0.044774,0.028786,0.15157,-0.033902,0.40677,0.21639,-0.13292,-0.18209,0.26882,0.53632,0.012252,0.0079158,0.017558,0.016719,-0.003025,-0.0041502,0.0052393,0.0084159,0.003436,0.027544,0.043951,0.073894,-0.015876,-0.01459,0.031472,0.031002,0.0046606,0.0042225,0.0049387,0.0045124
1.1155e-05,0.00011209,0.00050522,0.00032657,0.0013268,0.00064984,0.0046962,0.0036544,-0.0089026,0.010591,0.041525,0.010591,0.00020174,0.00030987,0.00092584,0.00046598,-2.4098e-07,0.00089121,0.0037449,0.002177,-0.16367,-0.13048,0.18645,0.14431,0.15109,-0.14182,0.23627,0.18281,-0.003798,-0.00053328,0.0065551,0.0026312,0.0029635,0.00015688,0.0044305,0.0015271,-0.37991,-0.10957,0.41844,0.13231,0.41819,0.10971,0.45285,0.12304,-0.0054841,-0.01042,0.012571,0.021771,-0.00036149,0.00046135,0.00039342,0.00047891,-0.0073348,0.001035,0.084674,0.015767,0.027632,0.0069505,0.031563,0.0096151,-0.0025602,0.0013671,0.0026918,0.0020654
-0.0051123,-0.004714,0.0054556,0.0050163,0.016766,0.004801,0.039072,0.036238,-0.013561,-0.030301,0.021242,0.043462,-0.0039089,0.002873,0.0070931,0.0037882,2.3254e-05,-0.0058102,0.055406,0.042903,0.058172,-0.019723,0.38725,0.43022,-0.10312,0.078517,0.24017,0.29051,0.02455,0.017016,0.056417,0.020359,-0.036745,0.01697,0.047676,0.050188,0.313,-0.058861,0.42345,0.16374,-0.16809,0.059162,0.35026,0.081149,0.028223,0.010551,0.030559,0.010774,-0.00027817,-0.00052778,0.0009366,0.0016189,0.0010488,0.025639,0.064165,0.031486,0.0031476,0.0071536,0.055496,0.014381,0.00049959,-1.2025e-05,0.00079558,0.00026851
0.00058817,0.0019704,0.0010271,0.0046514,-0.041163,0.027193,0.060045,0.031209,0.019102,0.0013429,0.025139,0.014114,-0.0015948,0.00023835,0.0021661,0.00085207,-0.0084185,-0.019596,0.038526,0.05355,0.18521,-0.075608,0.39531,0.34074,-0.11608,0.12015,0.27738,0.24305,-0.0017796,-0.0033807,0.0022866,0.003734,-0.03754,0.031243,0.066279,0.055678,0.18994,0.0043015,0.33303,0.40529,-0.0027453,-0.0013263,0.24584,0.33673,-0.0066005,0.010946,0.029255,0.02814,0.0066246,-0.0043048,0.0068483,0.0043608,-0.036735,-0.01963,0.042453,0.044486,0.0088425,-0.053108,0.034677,0.062366,-0.0011075,-0.0080027,0.003811,0.0099633
-0.00047396,-0.00085009,0.00047955,0.0012038,0.0026544,-0.0089328,0.0042705,0.01741,-0.0041011,-0.0016924,0.0047514,0.0094159,-0.00051887,-0.00019042,0.00064262,0.00078997,-0.0028636,-0.0080431,0.004956,0.015666,0.22099,0.12347,0.2996,0.22379,-0.15114,0.31712,0.15904,0.35969,-0.0012505,0.00070283,0.0019576,0.0029717,0.0055547,-0.0019506,0.0091317,0.022478,0.45204,-0.0546,0.51333,0.10138,-0.03651,0.062928,0.054867,0.099806,-0.011181,0.056104,0.012545,0.061653,0.00023037,0.0016768,0.00064576,0.0020174,0.060975,-0.0036659,0.075703,0.018613,0.0015363,-0.0044391,0.0036893,0.0045382,-2.8804e-05,-0.00054171,0.00013644,0.00063843
-0.00018814,-0.00074408,0.0004551,0.0011618,0.00076696,0.002538,0.010079,0.011804,-0.0049662,0.0037095,0.0054523,0.015165,4.5214e-05,0.00034561,0.00022933,0.00072892,0.0019624,-0.016773,0.0075451,0.019153,0.23979,0.084212,0.31381,0.22109,-0.17033,0.32272,0.17581,0.36393,-0.0033901,0.011328,0.0044387,0.011925,0.003059,0.010644,0.0071529,0.013223,0.43771,-0.054343,0.51347,0.084103,-0.022245,0.024503,0.03731,0.090787,-0.0030731,0.043996,0.0060608,0.054458,0.0025335,0.0029056,0.0030267,0.0030617,0.035275,0.0528,0.040594,0.054142,-0.001429,-0.0039282,0.0017642,0.0040372,0.00050333,-2.8216e-05,0.00067421,0.00068892
-0.00076483,-0.0021795,0.0016691,0.0022658,0.0011269,-0.0097978,0.017761,0.012045,0.069135,0.0058423,0.078144,0.026534,-0.0034796,0.0083549,0.0035024,0.0083906,0.006696,0.0060588,0.010085,0.012252,-0.085348,0.033589,0.10006,0.089677,0.51838,-0.087053,0.52075,0.10033,-0.0024297,-0.0066217,0.0025946,0.0066217,0.013357,0.015032,0.020545,0.015779,0.098469,0.31825,0.16462,0.31825,0.20706,0.16207,0.22564,0.20563,-0.0012153,-0.0024986,0.0024423,0.0028264,0.0044016,0.0039488,0.0061101,0.004799,0.0054174,-0.0050148,0.010311,0.0096483,-0.003066,-0.0029569,0.004256,0.0034042,-0.0001945,-0.0008344,0.00059042,0.00090073
0.00051425,-0.00079456,0.0005906,0.0008518,0.061398,-0.0025129,0.064865,0.0077546,0.0022392,0.0014986,0.0057411,0.0030005,-0.0091342,-0.0024053,0.0099998,0.0029245,-0.0036255,0.0078056,0.012016,0.014205,0.4,0.063712,0.44177,0.099794,0.043798,0.027888,0.059317,0.079252,-0.095094,-0.012792,0.095124,0.013294,0.0053174,0.0099463,0.013227,0.011227,0.14843,-0.15989,0.29923,0.22328,-0.029231,-0.43465,0.079142,0.45023,-0.042393,-0.019642,0.04288,0.025005,0.0013398,-0.00014377,0.0018624,0.00063372,-0.0097271,-0.0022323,0.015213,0.0040001,0.00072285,-0.00030577,0.0019025,0.0016462,0.00058169,0.00052561,0.0018154,0.001194
0.0012598,-0.00096182,0.0025991,0.010531,-0.0065368,-0.0031112,0.018924,0.017062,0.028697,-0.0071612,0.037145,0.027659,-0.0037455,-0.00017482,0.0053079,0.0049417,-0.01578,0.0058822,0.020218,0.018492,0.21158,0.21447,0.22856,0.29609,-0.030297,0.13355,0.28477,0.22271,0.0039747,0.013495,0.0076028,0.021331,-0.041944,0.039799,0.043973,0.049909,0.18563,-0.10525,0.36416,0.31763,-0.10673,-0.25326,0.21137,0.44636,-0.0057727,-0.02964,0.012843,0.042256,-0.0034074,0.0013239,0.0039815,0.0025175,-0.031482,0.0065259,0.035066,0.029297,0.0050677,0.023508,0.018896,0.030334,-0.0036758,0.0042605,0.0046153,0.0064498
0.0013417,4.8792e-05,0.0045414,0.0029668,0.042691,0.0036691,0.042994,0.0094679,-0.010941,0.0065224,0.017002,0.0072667,-0.0043463,0.00053255,0.0044727,0.0012539,0.033374,0.0092543,0.048521,0.024457,-0.07903,-0.15618,0.3598,0.26595,0.17851,-0.21571,0.3088,0.24203,-0.0051703,0.0067227,0.013278,0.0089817,0.036368,0.0058886,0.059802,0.02137,-0.069299,0.0099286,0.37715,0.2729,0.23083,0.19515,0.36955,0.24201,-0.00043841,0.0040957,0.021417,0.012254,-0.0070212,-0.00032004,0.0071584,0.0017129,0.042617,0.0064077,0.092886,0.020962,-0.0031804,-0.019737,0.038224,0.027735,-0.0025275,-0.0053169,0.012698,0.0054096
0.00083874,8.0181e-05,0.003265,0.00072523,-0.046094,0.01345,0.058186,0.017342,0.057898,0.0064664,0.059342,0.0087278,4.2534e-05,0.0003224,0.00050898,0.0005165,0.0037967,-0.0023366,0.021789,0.010133,-0.34284,-0.061228,0.43434,0.11978,0.36135,-0.10341,0.38912,0.11665,-0.014799,-0.014767,0.020451,0.016047,0.0003979,0.0018027,0.015777,0.011034,-0.18183,0.17082,0.27372,0.20402,0.19214,0.14885,0.27228,0.1961,-0.016735,0.00014098,0.039488,0.0259,0.0013845,-0.00060399,0.0023075,0.0012299,-0.0077152,-0.0023878,0.01319,0.010927,0.006678,-0.012487,0.02217,0.017552,-0.0012347,0.0019224,0.0019296,0.0024182
7.7016e-05,-0.0024675,0.00067692,0.0027417,0.00088512,-0.0077947,0.0058248,0.0081188,0.0014745,0.0021901,0.0068748,0.0096749,7.4015e-05,0.0012388,0.00069957,0.0013075,0.010406,-0.044162,0.045311,0.058956,-0.1617,-0.14653,0.34829,0.25019,0.20306,-0.19031,0.24077,0.23283,-0.0010247,-0.0053826,0.0070797,0.008839,0.033795,0.029242,0.059558,0.046199,-0.25203,0.14687,0.37915,0.23714,0.29706,0.10941,0.37673,0.18217,-0.007946,0.0016436,0.0108,0.010785,0.0059592,2.2235e-05,0.0092422,0.0043501,-0.0019834,-0.0024712,0.0076596,0.03359,0.0027911,0.014024,0.017232,0.023249,-0.00165,-0.0024199,0.0020789,0.002884
0.0029388,-0.00012096,0.0065066,0.0046699,0.014742,-0.0021117,0.035334,0.02051,-0.0023021,-0.012169,0.0071171,0.014086,-0.0012378,0.00048346,0.0044939,0.0016956,0.021166,0.014485,0.036009,0.020333,-0.22499,-0.14501,0.28529,0.25654,0.23076,-0.074506,0.33157,0.23978,0.001997,0.0058916,0.0069263,0.0084674,0.011105,0.0015123,0.015009,0.018869,-0.24738,0.2391,0.27518,0.25861,0.2019,0.11899,0.36522,0.31587,0.0013211,-0.0016173,0.0036609,0.0045679,0.0022466,0.0013005,0.0045082,0.0026466,0.0028651,-0.0046864,0.0059047,0.0053801,-0.0025923,0.00019282,0.0075329,0.0031639,9.616e-08,1.6396e-05,0.00078138,0.00064969
-0.00023341,-0.00029719,0.00085808,0.00090179,-0.0096009,0.010433,0.031857,0.039316,0.021601,-0.027567,0.050532,0.047397,-0.0005418,0.0015622,0.0017848,0.0040003,0.0010444,0.00029782,0.011116,0.013716,-0.25375,-0.12407,0.28623,0.22207,0.36236,0.03449,0.39817,0.13456,-0.00040258,0.0012459,0.0031002,0.0027057,-0.015977,-0.014107,0.041701,0.047148,0.044657,0.25104,0.17921,0.47122,0.1341,0.11077,0.23509,0.24726,0.0011299,-0.0051956,0.0037125,0.0060494,0.004467,0.0034028,0.0052173,0.0039407,0.0017627,-0.0026178,0.0090626,0.004152,-0.0068841,0.0052682,0.0070648,0.0063666,0.00079183,0.00032731,0.0011618,0.0028242
-2.8674e-05,0.00010275,0.0011051,0.0010751,-0.02222,-0.022318,0.025868,0.02577,0.037147,-0.0083426,0.03866,0.012982,0.00021854,-0.00027527,0.00047647,0.0005952,0.0026259,-0.047792,0.029112,0.04918,-0.13436,-0.16189,0.26765,0.23948,0.33777,-0.065434,0.39872,0.1853,0.0036807,-0.00013763,0.004269,0.0020005,0.0068248,0.048465,0.042127,0.050538,-0.00023509,0.37548,0.11455,0.41257,0.16067,0.17978,0.27195,0.20071,0.001185,-0.0094907,0.0052917,0.010304,0.0011557,0.0005832,0.0015022,0.0011315,0.00092561,0.00020683,0.0016748,0.0014811,-0.0086102,0.0028339,0.013618,0.0083788,0.00090976,0.0039357,0.0012491,0.003938
0.0048083,-0.0070672,0.005331,0.0081751,0.0061086,-0.0015922,0.0099559,0.013372,0.0058739,-0.0015384,0.0060416,0.0088005,0.00014756,-8.3558e-05,0.00058883,0.00053968,-0.015403,0.030375,0.018728,0.033515,0.39336,0.081013,0.44565,0.23077,-0.13714,0.17525,0.18805,0.21133,0.0043466,-0.0030137,0.004802,0.0045786,-0.0095126,0.019436,0.012697,0.022518,0.12165,0.00078159,0.25169,0.3429,-0.059337,-0.17706,0.19365,0.42904,0.012722,-0.0026627,0.013239,0.010423,0.00068264,-0.00056524,0.00081764,0.00093877,0.001437,-0.0062515,0.0024544,0.0071179,-0.0025524,-0.00026876,0.0046223,0.0081398,-0.00047663,0.00045137,0.0006561,0.0011043
-0.0024691,0.00051281,0.0040095,0.0038458,0.028984,0.04395,0.05852,0.045833,-0.015628,0.052067,0.039805,0.065892,0.0008349,0.0013655,0.0079043,0.0078241,0.039448,0.027521,0.073937,0.039731,-0.15099,-0.18381,0.35661,0.30272,0.25258,-0.19616,0.29379,0.29412,-0.023007,0.026359,0.02579,0.031404,0.032248,0.0015317,0.039697,0.03806,-0.18841,0.23198,0.23122,0.26501,0.22201,0.20396,0.24289,0.22817,-0.0021827,0.00083027,0.0051329,0.0050329,0.0080609,0.0023831,0.010415,0.0049578,0.0083675,-0.0071643,0.01388,0.0081489,-0.0056901,0.0017283,0.0099841,0.010794,0.00074941,-0.0013294,0.0029263,0.0029937
-0.00043109,0.00073569,0.0034936,0.0048855,0.023126,0.0014876,0.039441,0.051958,0.01003,-0.037097,0.024452,0.049966,-0.00067254,-0.00018111,0.0016576,0.0024628,0.023527,-0.0055958,0.033558,0.0078359,-0.078177,-0.10951,0.42239,0.24271,0.2068,-0.13117,0.31044,0.31786,-0.0045883,-0.021411,0.017847,0.051637,0.035335,0.0063398,0.036928,0.0094988,-0.067993,0.17549,0.39796,0.18513,0.15555,0.22066,0.30626,0.23893,-0.010333,0.019728,0.042637,0.068476,0.012165,0.0008754,0.012173,0.0015067,-0.022208,-0.028161,0.046832,0.047147,0.024338,-0.025279,0.04505,0.039374,0.00038153,-0.007441,0.0032809,0.0090668
0.0073962,0.0073943,0.0083774,0.0093917,-0.011271,0.033217,0.033313,0.051907,-0.0043047,0.028363,0.047392,0.052678,0.0054884,0.004948,0.0058273,0.0077492,-0.019707,-0.04348,0.028172,0.048222,-0.043881,-0.19569,0.45075,0.23702,0.12781,-0.16701,0.39762,0.21236,0.035089,-0.026812,0.038107,0.044971,-0.011371,0.05471,0.031184,0.070389,-0.098969,0.20208,0.29929,0.29175,0.14385,0.16573,0.30045,0.20592,0.026913,0.03242,0.029299,0.038149,0.00014355,-0.00018408,0.0018613,0.003941,-0.015047,-0.027674,0.034537,0.072835,0.021442,-0.017584,0.034491,0.04595,0.001732,9.7197e-06,0.0019744,0.001681
-0.0008981,-0.0028008,0.0031951,0.0031499,0.0040677,-0.0033127,0.020387,0.015463,0.0036816,-0.023021,0.015794,0.025662,-0.0068273,-0.001557,0.0071534,0.0032626,0.035372,0.026986,0.05582,0.050801,-0.26965,-0.18155,0.31439,0.21123,0.25956,-0.15303,0.30586,0.20199,-0.017348,0.0081516,0.018226,0.016871,0.010605,-0.0045221,0.016,0.015693,-0.20156,0.15116,0.29315,0.32141,0.18046,0.24118,0.25948,0.28421,-0.053881,-0.030296,0.073387,0.06574,-0.0048848,-0.00017836,0.006289,0.0038439,0.032616,0.011266,0.063994,0.041829,-0.010674,-0.020883,0.023705,0.027925,-7.6572e-05,0.0051555,0.0029351,0.0056775
0.00059412,-0.00016666,0.001075,0.00059186,-0.026326,0.0010467,0.026582,0.0066094,0.022142,0.00087635,0.023431,0.0045835,-0.00032384,-0.00060199,0.0017064,0.00078655,-0.00141,0.00053393,0.0049661,0.0028644,0.10667,0.10964,0.30192,0.24238,-0.13231,0.22597,0.34652,0.24297,-0.0031107,-0.0020729,0.022753,0.0041278,0.0021686,-0.0026733,0.0051676,0.0031593,0.31439,-0.069026,0.3712,0.093916,-0.32282,-0.14418,0.41355,0.16805,-0.0082148,-0.0010549,0.021716,0.0036236,-0.00010441,0.00033719,0.0009104,0.00062235,0.0017105,0.008006,0.0066524,0.010391,-0.0017649,0.013457,0.011019,0.016757,-0.0013289,-0.00061421,0.0050521,0.0010473
0.0014949,0.00045696,0.0025136,0.00068078,-0.025849,-0.0058202,0.030054,0.0085831,-0.00083115,-0.00042478,0.019114,0.0075195,0.0030842,0.00078891,0.0032953,0.0014115,0.011536,0.0017003,0.012865,0.0033594,0.076556,0.15237,0.32425,0.21729,-0.11326,0.29773,0.20536,0.34505,0.0010731,0.001886,0.0044609,0.0028648,0.0020022,-0.0049671,0.012112,0.0073594,0.22141,-0.13444,0.48885,0.19727,-0.23132,-0.18118,0.28537,0.19954,0.0037984,-0.0028801,0.0050893,0.0038482,-0.0010199,-0.00090281,0.0023094,0.0009981,0.0048987,0.0087492,0.015574,0.010866,0.0024826,-0.0038493,0.0034555,0.0045816,-0.00014193,-0.00036769,0.00042614,0.00038556
0.00014789,-0.00054216,0.00045217,0.00067624,-0.011266,0.00061387,0.07209,0.01587,0.027089,0.010703,0.028952,0.014127,-0.0066078,-0.0016778,0.0067672,0.0033447,0.013189,-0.04604,0.019599,0.056705,0.22943,-0.043635,0.54118,0.18648,-0.14794,-0.056741,0.34282,0.30094,-0.05695,-0.029001,0.061083,0.031324,-0.033411,-0.0021031,0.033585,0.009636,0.20439,-0.12187,0.27178,0.20357,-0.10442,-0.23063,0.14939,0.31084,-0.011186,-0.010934,0.024647,0.015062,-0.0036052,0.00028478,0.0039664,0.0020207,0.017031,0.024139,0.032279,0.027515,-0.018447,0.012183,0.022903,0.015393,0.0010472,0.0016635,0.0038033,0.0022059
-0.0010633,0.0012939,0.0028418,0.001394,-0.013029,0.032165,0.044898,0.039629,0.053982,0.0056448,0.054723,0.010281,-0.00035689,1.8106e-05,0.00057604,0.00037338,0.005617,0.0077002,0.0068234,0.010007,-0.14145,-0.1492,0.24025,0.22391,0.31353,-0.075969,0.43755,0.08348,4.8392e-05,0.0013867,0.0032553,0.0028984,-0.037551,-0.015324,0.041446,0.039439,0.071249,0.15163,0.22816,0.36936,0.21293,0.024984,0.49873,0.12185,0.0025654,-0.0021245,0.0036999,0.0030128,-0.0024892,0.0023936,0.0067247,0.0028686,0.0025968,0.0052141,0.02533,0.010136,-0.0076049,-0.017044,0.056691,0.02679,0.0012534,-0.0068205,0.0034285,0.0080565
-0.0018095,0.0024907,0.0020096,0.0032079,0.0047049,-0.0055361,0.0075564,0.011411,0.015579,-0.013699,0.015613,0.013735,-0.00054993,-0.00055991,0.00065325,0.00060863,-0.0039885,-0.011099,0.011284,0.019323,0.29236,0.058962,0.39465,0.17925,-0.15385,0.10106,0.32525,0.22688,-0.0082049,-0.015977,0.015433,0.015977,-0.010683,0.018404,0.019504,0.033799,0.17171,-0.046991,0.25646,0.44886,-0.18455,-0.15815,0.25843,0.31621,-0.015884,-0.018558,0.016845,0.019238,0.00085557,0.00029065,0.0020458,0.0036501,0.0037191,0.0090618,0.0075876,0.013078,-0.019668,-0.0036572,0.024311,0.0094518,-0.00017973,-3.6134e-05,0.00043701,0.00019012
-0.0003714,-0.0049707,0.00046639,0.0049707,0.0087417,-0.030754,0.0092098,0.030803,0.004581,-0.012534,0.0056515,0.013723,-0.00041033,9.8894e-05,0.00041033,0.00038835,-0.0095231,-0.014373,0.016816,0.033563,0.24865,0.10083,0.36091,0.30967,-0.10578,0.15852,0.24639,0.30568,0.0068769,-0.0054483,0.013083,0.0055545,-0.012291,0.02469,0.014083,0.032256,0.19736,-0.095575,0.25941,0.38758,-0.1231,-0.22134,0.16936,0.38009,0.0055377,-0.011183,0.016866,0.013433,0.0015129,-0.0020786,0.0027851,0.0060451,-0.0038811,0.0014537,0.0090126,0.030856,0.00017548,0.00021934,0.0058304,0.015139,0.0010902,0.001198,0.00175,0.0035328
-0.00057015,0.0019747,0.00083363,0.0020343,-0.0012593,-0.0089372,0.010438,0.013019,-0.0093962,-0.0041745,0.031697,0.017299,0.0011695,-0.0042558,0.002074,0.0046042,-0.024796,-0.010023,0.026223,0.015387,0.29011,0.15516,0.32495,0.27255,-0.26336,0.19289,0.28523,0.31227,0.0070418,0.0089369,0.011014,0.022625,0.011699,-0.0040288,0.038551,0.021453,0.20318,-0.21091,0.27613,0.25589,-0.15414,-0.16797,0.27941,0.24757,0.0010273,0.00023239,0.0054275,0.0033462,-0.0037215,0.0049505,0.005845,0.0053975,0.0012656,0.001566,0.017033,0.016985,0.0077965,0.011696,0.011669,0.015855,8.7585e-05,-0.0003664,0.00030501,0.00056004
-0.002968,-0.0014676,0.0032701,0.0036783,0.0023803,-0.0058426,0.027528,0.032079,0.0032099,0.0043161,0.012773,0.013838,-0.00054697,-0.0006499,0.0008801,0.00095116,-0.014811,0.0072683,0.024237,0.027062,0.25559,0.10328,0.42688,0.20405,-0.25794,0.089607,0.33797,0.21867,-0.005362,-0.012575,0.0076788,0.014808,-0.014532,-0.014239,0.025961,0.026914,0.22314,-0.11798,0.28947,0.34689,-0.21242,-0.16357,0.24101,0.23782,-0.0037278,0.0036112,0.0078035,0.01407,-0.0036792,0.0025932,0.0067137,0.0076353,0.00039231,-0.017012,0.013368,0.03483,-0.0072239,0.0066983,0.015492,0.025136,7.2678e-05,-2.7895e-05,0.0018291,0.0018976
0.0011931,-0.0028356,0.0024416,0.0033027,-0.01749,-0.03039,0.034599,0.032945,0.032185,-0.012816,0.040398,0.030333,0.0021435,-0.0017688,0.0030386,0.0067212,0.013696,-0.031559,0.022981,0.053515,0.16524,0.10504,0.39284,0.2546,-0.0036802,0.22025,0.13273,0.29771,-0.0019767,0.0093014,0.016995,0.026839,0.0013103,-0.0044455,0.0023562,0.0048643,0.24014,-0.16385,0.3329,0.16718,-0.059071,-0.36797,0.18684,0.41208,0.016723,-0.026658,0.057655,0.028893,-0.00073556,0.00093696,0.00090127,0.0012258,0.0085368,0.016273,0.014116,0.016295,0.011224,0.017788,0.0202,0.030403,0.001191,0.0046908,0.0017734,0.0046908
-0.0098811,0.0034037,0.010371,0.0040781,0.011919,0.0296,0.037059,0.040877,0.03053,-0.0035937,0.043553,0.054912,-0.0052247,-0.0025685,0.0060395,0.0038248,-0.04451,-0.027453,0.045336,0.027864,0.32356,0.078327,0.42655,0.14991,-0.21639,0.081137,0.26114,0.19704,0.019045,0.017197,0.034191,0.038646,-0.012952,-0.012233,0.014569,0.014259,0.28071,-0.19144,0.28541,0.21132,-0.18452,-0.27848,0.26634,0.27848,0.015139,-0.025558,0.031592,0.0294,0.00025069,-0.00032624,0.00035706,0.00048531,0.002777,-0.0030947,0.0035242,0.0043267,-0.0013614,-0.00024485,0.0043529,0.0031561,0.00097432,-1.0385e-05,0.0014508,0.00045163
0.0019051,0.0027648,0.0048279,0.0041029,-0.029262,0.01605,0.05307,0.030235,0.030245,-0.0025667,0.036891,0.046564,-0.0029313,-2.6613e-05,0.005882,0.006563,-0.0059071,-0.039247,0.015048,0.041845,0.17753,-0.030887,0.23602,0.36678,-0.025635,0.13388,0.39936,0.44505,-0.012468,-0.0053276,0.023359,0.064897,0.00616,0.008271,0.0072454,0.013639,0.24506,-0.074332,0.30741,0.1825,-0.076376,-0.16472,0.30203,0.24585,-0.0033506,0.0027563,0.012855,0.025801,0.0013627,0.0027736,0.0042894,0.0046445,0.018182,0.00045735,0.021037,0.026171,-0.01703,0.0060922,0.03969,0.024026,0.002994,-0.00077924,0.0042009,0.0034717
-0.00046631,0.00043692,0.0004694,0.00043898,0.00051346,0.0012888,0.0016551,0.0017944,0.0496,0.014255,0.062535,0.019489,-0.0001126,0.0037664,0.0062909,0.004195,-0.0024821,0.0045985,0.0043919,0.0051778,0.19314,0.13301,0.2862,0.18243,0.082756,0.047788,0.44013,0.3482,-0.030712,-0.029581,0.045077,0.042422,0.020317,0.017352,0.036215,0.023117,0.06654,0.026398,0.37345,0.34214,-0.055469,-0.045025,0.28095,0.36877,-0.0024823,-0.0033725,0.02382,0.027873,0.0019183,0.00044396,0.003089,0.0048144,-0.01436,-0.019127,0.042396,0.033008,0.01307,-0.012418,0.037874,0.045311,-0.0016516,0.0026317,0.0051289,0.0050608
1.7414e-05,4.7332e-06,0.00023712,0.00028237,0.029297,0.0048599,0.02932,0.0059217,-0.0058632,-0.00029927,0.033788,0.0075336,0.0037065,-1.9357e-05,0.007702,0.0018208,0.0014581,0.00055494,0.0023276,0.0015668,0.3941,0.12275,0.39496,0.13675,-0.28617,0.10077,0.3532,0.14641,0.05201,0.011847,0.088902,0.014819,0.002587,0.0004585,0.003141,0.0019947,0.28937,-0.13006,0.29759,0.15381,-0.17049,-0.056299,0.29957,0.21525,0.048814,-0.00053675,0.086779,0.016344,0.00032702,-1.2981e-05,0.000446,0.00013496,0.022862,0.0030965,0.024344,0.0049981,0.0083004,0.0080201,0.098528,0.01278,0.004647,0.00027324,0.0068177,0.0040495
-0.0018521,-0.00082373,0.0026567,0.0010204,0.031496,0.0053618,0.049241,0.0085337,-0.043324,-0.00071193,0.047678,0.0063061,-0.00042712,-0.00024476,0.00073583,0.00028651,-0.031474,-0.0022928,0.038759,0.0073893,0.28212,0.061766,0.3668,0.13274,-0.31794,0.092777,0.32184,0.16035,-0.0050799,-0.0023287,0.0051981,0.0037452,0.013779,-0.010311,0.037012,0.018669,0.14574,-0.11978,0.37273,0.25865,-0.25042,-0.16491,0.38308,0.17252,-0.0026112,-0.0019291,0.0038049,0.0031852,-0.0013023,0.0016076,0.0031608,0.0026276,-0.012597,0.0038126,0.041863,0.038543,0.0080493,-0.0029498,0.041262,0.0040421,-0.00016409,-0.00028093,0.00048271,0.00049433
-0.00019502,-0.00010045,0.00096544,0.0023412,-0.021524,-0.038365,0.028786,0.041041,0.017054,0.0087011,0.058942,0.025292,0.00079059,0.0019775,0.0088856,0.0043566,-0.037541,-0.013974,0.039986,0.0539,0.11073,0.1378,0.28492,0.32097,-0.03395,0.15482,0.28372,0.38226,-0.011453,0.015652,0.031514,0.051074,0.0058467,-0.0055897,0.020347,0.040526,0.23398,-0.044891,0.41737,0.1932,-0.13191,-0.20625,0.33042,0.26138,0.011718,-0.015079,0.02555,0.048572,-0.00049033,-0.00051541,0.00098289,0.0010674,-0.0065541,0.0012658,0.01165,0.015561,0.0025844,0.01733,0.015184,0.037396,0.00137,0.0040709,0.0032534,0.0088969
-0.00081609,0.0034534,0.0045278,0.0076221,0.021194,-0.029435,0.037931,0.033431,0.030362,-0.027929,0.032819,0.029764,-0.0037618,0.0019821,0.0044452,0.0021184,-0.059408,-0.00087461,0.07907,0.046788,0.079161,0.20379,0.31027,0.23097,0.14171,0.10603,0.27078,0.24679,-0.0084448,0.0025435,0.015919,0.006493,-0.038059,-0.0011208,0.050367,0.060325,0.19361,-0.046411,0.28816,0.45682,-0.093778,-0.17595,0.29912,0.36068,0.018442,-0.006159,0.035129,0.016901,-0.010248,-0.0037288,0.010271,0.003876,0.023585,0.033596,0.039126,0.070908,-0.0077441,0.044491,0.035267,0.070743,-0.0020867,-0.0023562,0.0058736,0.0042129
0.0049665,0.0031409,0.0050572,0.0032219,-0.03609,-0.0068876,0.04272,0.017347,0.019722,-0.0038265,0.038153,0.021373,-0.0022448,6.1656e-05,0.0025725,0.0030412,0.0068746,0.0044702,0.011395,0.0082664,-0.24557,-0.19076,0.35663,0.24219,0.28782,0.016284,0.37074,0.21942,-0.022654,-0.015242,0.029601,0.019245,-0.020527,-0.0096071,0.028727,0.018853,-0.095353,0.24707,0.39388,0.28914,0.15284,0.0937,0.25537,0.14891,-0.050949,-0.028222,0.052422,0.029211,-0.0017086,0.0042092,0.0041314,0.0051898,0.0095524,0.0022485,0.017453,0.01048,-0.034,-0.017237,0.034172,0.018319,-0.00042255,-4.9151e-05,0.00053196,0.00023844
0.0011182,-0.0020351,0.0020764,0.0066866,0.0399,0.017422,0.048034,0.035837,-0.01716,-0.055385,0.036126,0.061159,-0.0023445,-0.0010816,0.011479,0.0060192,-0.0033052,-0.0040555,0.0049968,0.0050802,0.32954,0.007733,0.34553,0.07325,-0.21683,0.046324,0.40394,0.2954,0.0027095,0.014263,0.03743,0.048188,-0.0038765,0.0024125,0.0051343,0.0031366,0.075732,-0.095492,0.44638,0.14462,0.023167,-0.13301,0.32007,0.29388,-0.017413,-0.014365,0.046507,0.030415,-0.0010151,0.00015769,0.0030089,0.0011197,-0.0060415,-0.0094497,0.02844,0.013058,0.01575,-0.0053826,0.035205,0.021832,-0.0035275,-0.0028419,0.003555,0.0028566
-0.00065997,0.0062367,0.0090803,0.006567,-0.012957,0.014765,0.058626,0.022628,0.0070808,0.017505,0.012718,0.020764,-0.0019802,0.0024286,0.0022294,0.0026196,0.011723,-0.009678,0.050462,0.025379,0.20426,0.091903,0.50752,0.18737,-0.16306,0.10146,0.50552,0.19184,-0.014516,0.022528,0.070401,0.029777,0.0058267,-0.02963,0.0087098,0.030594,0.1557,-0.21023,0.20607,0.21897,-0.065577,-0.20973,0.18642,0.24962,0.020198,-0.028842,0.048359,0.045813,0.00031214,-0.00020178,0.00048082,0.00084214,-6.5895e-05,0.015076,0.0079552,0.015559,-0.0021241,0.0060558,0.0034589,0.0077723,-2.9296e-05,0.00015812,0.00023339,0.00039311
-0.00013414,0.0011254,0.0004956,0.0012166,-0.00010993,0.0013139,0.0017987,0.0050425,0.0023624,-0.006455,0.0070067,0.0089901,-0.00082128,0.00060655,0.00090047,0.0010311,-0.067765,0.008331,0.089098,0.029296,0.17273,0.12297,0.20145,0.14438,-0.15842,0.18484,0.18443,0.19392,-0.0026965,0.023343,0.0077648,0.024614,-0.031681,-0.02521,0.05143,0.026245,0.41343,-0.088554,0.41503,0.089045,-0.2952,-0.12299,0.50231,0.14195,0.0050029,0.012821,0.082443,0.041385,-0.00019516,0.00029598,0.00035936,0.0012286,0.0036381,-0.00041636,0.0046213,0.011036,-0.00017963,-0.0048309,0.0083657,0.010877,0.0011346,-0.004971,0.0081093,0.0054047
0.00031187,-0.0041615,0.00093641,0.0041615,-0.0016986,0.0029863,0.0080367,0.025448,0.03545,-0.012365,0.043944,0.020261,-0.0073726,0.0069673,0.0074852,0.0073228,-0.0055339,0.033913,0.02328,0.034807,0.15255,0.12669,0.26054,0.23545,-0.1092,0.12702,0.36124,0.36461,-0.021824,-0.0096848,0.025599,0.056867,-0.048468,-0.006935,0.050432,0.033828,0.23428,0.023604,0.34243,0.32377,-0.21924,0.08066,0.25802,0.34153,-0.010466,-0.010941,0.012864,0.065594,-0.0033905,0.0031241,0.004103,0.0095753,0.032576,0.0038666,0.046808,0.029625,-0.0113,-0.033328,0.017832,0.040612,-0.0027464,-0.0033536,0.0029942,0.011857
-0.011652,-0.0041409,0.012469,0.0046542,0.025336,-0.029985,0.047428,0.033582,-0.029568,-0.026604,0.059361,0.037332,0.00075787,-0.00021034,0.0017548,0.0010875,-0.010862,-0.013016,0.03923,0.026248,0.19213,0.1805,0.30502,0.22939,-0.20883,0.1787,0.30304,0.23619,0.041931,0.023156,0.042865,0.029856,-0.017044,0.0017868,0.027956,0.028716,0.34288,-0.15114,0.36609,0.15498,-0.11074,0.01707,0.41903,0.20353,0.029979,0.038453,0.04279,0.048067,-9.536e-05,-0.0010812,0.0024045,0.0023027,0.007488,-0.0013635,0.014046,0.0097615,0.050921,0.00679,0.050921,0.017574,-0.0034008,-0.0021072,0.0055656,0.0032714
0.0052155,0.00045793,0.0066597,0.0016625,-0.012534,-0.025719,0.0382,0.036225,-0.0031813,0.0164,0.033779,0.019189,-0.0016715,-0.0012352,0.0051747,0.0012352,0.032812,0.00081621,0.043135,0.0070594,0.1313,0.012993,0.49613,0.15198,-0.17198,-0.013395,0.27855,0.21221,-0.0045237,-0.0016272,0.015039,0.0089908,0.0051017,-0.0021951,0.061562,0.0059603,0.23228,-0.069728,0.46882,0.079449,-0.26024,-0.062962,0.36603,0.22319,-0.0078337,-0.0056214,0.012522,0.0068491,0.0013939,-0.00042052,0.0068949,0.00087486,0.0024273,-0.013536,0.044859,0.031678,-0.0030418,-0.035679,0.02594,0.048453,3.5166e-05,0.0038557,0.003134,0.0045363
-0.003215,-0.0017778,0.0056653,0.0023784,0.030988,-0.011536,0.059722,0.022938,-0.02456,0.01314,0.029765,0.015532,-0.0022586,0.00084775,0.0040329,0.0016695,-0.06286,-0.019178,0.076633,0.020241,0.28103,0.098306,0.3358,0.16277,-0.23043,-0.038382,0.3384,0.26107,-0.011646,-0.0025057,0.0169,0.0094964,-0.049164,-0.0026137,0.061307,0.0060873,0.2942,-0.08777,0.36153,0.10204,-0.27805,-0.047063,0.37293,0.21406,-0.025632,-0.004719,0.028844,0.0067636,-0.0089377,0.001042,0.010691,0.0011254,0.046795,-0.023165,0.047885,0.028198,-0.025889,-0.014775,0.032233,0.032173,-0.0029797,0.0016923,0.0045496,0.0017242
-0.00087485,-0.00052883,0.0015732,0.0013548,-0.0035208,-0.0033302,0.0085158,0.006989,0.077905,0.024668,0.078025,0.027684,-0.00044234,-0.00063064,0.00068073,0.00083732,-0.006059,-0.0018346,0.0085667,0.0059699,0.39222,0.18124,0.4227,0.19765,0.14704,0.055225,0.15874,0.076685,-0.002291,-0.0036186,0.0079055,0.0050668,-0.0082843,-0.00567,0.010313,0.0066672,0.39514,-0.21638,0.41494,0.22676,0.14554,-0.13769,0.17804,0.14697,0.00036663,-0.0031441,0.0054393,0.0057005,0.00039889,-7.2487e-06,0.0014216,0.00092289,0.016657,0.021011,0.019558,0.0231,0.016631,-0.03027,0.018172,0.045245,-0.0017716,-0.013491,0.0017719,0.013491
-0.00089771,0.00020309,0.0012941,0.0011014,-0.0047119,0.00077688,0.0087865,0.0056626,0.056833,0.015684,0.056921,0.01917,-0.00015575,0.0004099,0.00058168,0.00057937,0.0012995,0.013749,0.011637,0.021433,-0.037161,0.015966,0.056935,0.05051,0.52693,0.05525,0.53903,0.11886,-0.0030022,0.0012344,0.003732,0.0040982,0.011617,-0.0007461,0.015803,0.015306,-0.016919,0.17927,0.074736,0.2049,0.3575,0.0052109,0.39448,0.18132,-4.3642e-05,0.0022933,0.0048205,0.0031168,0.0028252,-0.0022681,0.0033601,0.002844,0.0084679,-0.002908,0.009607,0.010924,0.018038,-0.0056299,0.034105,0.016388,0.0040635,-0.0027828,0.0043866,0.0030717
-1.822e-08,-0.0017805,0.00082058,0.0023235,0.005183,-0.0015499,0.024304,0.012816,0.053957,0.0025541,0.058773,0.018079,-0.00018532,0.00086965,0.0022738,0.00248,0.012121,0.0028096,0.026367,0.018079,0.11394,-0.023058,0.2023,0.13496,0.29478,-0.065802,0.32657,0.26749,0.014432,0.012913,0.023943,0.024587,0.0033878,-0.0036653,0.018901,0.0074336,-0.015015,0.019294,0.067222,0.044459,0.54257,0.12371,0.5481,0.1347,-2.3366e-05,0.0067364,0.010455,0.0095727,-0.001932,0.00018464,0.0019484,0.0003961,0.0045942,0.0039199,0.012203,0.0068551,0.074894,-0.0092721,0.074971,0.011059,-0.00052118,0.00021992,0.00073026,0.00052438
-0.0011165,-0.0018787,0.0011877,0.0021952,0.047135,0.010539,0.05111,0.017434,0.022591,0.013185,0.025834,0.019389,-0.0019709,-0.0026342,0.0032532,0.0043905,-0.0073396,0.0045184,0.015779,0.014832,0.19125,-0.10731,0.22221,0.25184,0.24552,-0.095189,0.29479,0.27672,0.0098403,0.014373,0.019652,0.022809,-0.0042435,-0.0012978,0.016657,0.0054301,0.0134,-0.0010954,0.067177,0.099335,0.52185,0.093029,0.52513,0.10931,0.0082366,0.010877,0.010624,0.011539,0.00046229,-0.00027758,0.0024465,0.00076221,-0.00056128,0.00047528,0.0043749,0.0062602,0.0818,-0.0029831,0.0818,0.0070024,0.00019518,-0.00017374,0.00081113,0.00070771
0.00045457,0.0002635,0.00074157,0.00057824,0.0018875,0.0070475,0.0060217,0.0088238,0.013071,0.027631,0.0137,0.027745,0.0018021,0.0022471,0.0018162,0.0023284,0.011452,0.011578,0.012494,0.014925,-0.11287,-0.061581,0.24035,0.2473,0.23743,-0.15791,0.23867,0.22557,0.00071535,-0.0009331,0.003044,0.0021001,0.034023,0.0018395,0.034023,0.015789,-0.38187,0.018761,0.39249,0.08713,0.41389,0.052734,0.41611,0.078376,0.00056231,-0.00038025,0.0011347,0.0021058,0.0073048,-0.0024901,0.0073686,0.0028681,-0.038459,0.0061858,0.053771,0.01545,0.037547,-0.014297,0.042536,0.026191,-5.2987e-05,-0.0002088,0.00037117,0.00054938
-0.000513,0.0005599,0.001036,0.0010056,-0.0011118,0.0041076,0.0063685,0.0072636,0.0059055,0.017633,0.0081615,0.018832,0.0022237,0.005535,0.0026565,0.0056067,0.036884,0.0025118,0.03883,0.017894,-0.15975,-0.038871,0.2631,0.24549,0.27028,-0.053394,0.27185,0.2025,0.0010635,-0.00025657,0.0017053,0.0029194,0.073617,-0.0088396,0.074665,0.014301,-0.32985,0.020793,0.42116,0.10856,0.39218,0.067222,0.39338,0.11412,0.00091863,-0.00027153,0.0018583,0.0029766,0.0025975,-0.00082994,0.0027623,0.0013877,-0.024419,0.00061201,0.058427,0.032086,0.039718,-0.026647,0.054227,0.049237,0.00027652,-0.0024927,0.00072552,0.002504
-0.0013192,0.0039917,0.0019566,0.0048799,0.0043376,0.076338,0.017509,0.081828,-0.019144,0.069229,0.021038,0.079085,0.0011025,0.00099755,0.0021085,0.0049996,-0.0091338,0.0027804,0.017776,0.0075202,0.059077,-0.20733,0.21162,0.21157,0.21094,-0.098324,0.25974,0.28809,-0.001867,0.029965,0.0076728,0.031364,-0.011171,0.012797,0.019941,0.017347,-0.18992,0.020756,0.27714,0.09283,0.47869,0.1318,0.48332,0.13851,-0.00033306,0.00027803,0.00359,0.0025421,0.0020875,-0.0013285,0.0034025,0.0021085,0.0096591,-0.0018158,0.087225,0.01107,0.031459,0.00471,0.032242,0.0056748,-8.934e-05,-3.1905e-05,0.00022324,0.00028556
-0.0018874,0.0022068,0.0021696,0.0030182,-0.0061765,0.0094467,0.043658,0.04737,0.0094684,-0.017472,0.06139,0.02984,0.0092079,0.0015798,0.0093132,0.0016679,-0.0017923,-0.010208,0.0094645,0.013785,0.052026,0.057854,0.21271,0.18105,-0.030133,0.14015,0.51949,0.25056,0.0064676,0.0034551,0.0076797,0.0035424,0.0011053,-0.012621,0.0058305,0.04156,0.17648,-0.17326,0.2065,0.2874,0.072297,-0.021953,0.53587,0.24746,0.00091141,0.00021462,0.0022867,0.0023352,-0.00096732,0.00056824,0.00096732,0.0011503,-0.012657,-0.0050751,0.024142,0.0096238,0.062235,0.028289,0.062533,0.028371,-0.00016441,-1.1252e-05,0.00042774,0.00019276
0.0069338,0.00084706,0.0074489,0.0021085,-0.023693,-0.015763,0.031403,0.018071,0.014567,0.020334,0.033781,0.031774,-0.0029118,-0.0013413,0.0040745,0.0023704,-0.0068997,-0.021999,0.020419,0.029165,0.22058,0.1662,0.29843,0.22948,-0.22544,0.13788,0.35187,0.26235,-0.00031821,0.005129,0.020585,0.015172,-0.018049,0.0022789,0.020526,0.011683,0.28448,-0.16092,0.28482,0.21702,-0.21884,-0.19128,0.29841,0.31514,-0.0045114,0.010663,0.0097876,0.019354,0.0021217,0.0014281,0.0023108,0.0019152,0.013548,0.011276,0.023983,0.023649,-0.011979,0.0019402,0.022149,0.022985,0.00040277,0.00034279,0.001409,0.00074769
0.00071428,-6.6379e-05,0.0022761,0.0045373,-0.0026604,-0.013987,0.016491,0.03094,0.0061494,-0.012646,0.015543,0.033489,-0.00049562,-1.3613e-05,0.0011268,0.003626,-0.027466,0.011354,0.057414,0.095706,0.068276,-0.057463,0.3277,0.34978,0.040447,-0.10571,0.34425,0.25979,-0.0013323,0.002327,0.0094323,0.016746,-0.0017925,0.0097236,0.02446,0.036728,-0.27065,0.044688,0.32042,0.36023,0.28068,0.10706,0.31734,0.20967,-0.0014421,-0.0034123,0.014554,0.016544,0.00013141,-0.00031032,0.00061038,0.0016022,-0.0010884,-0.0014973,0.019246,0.02607,0.0037253,-0.0043737,0.010867,0.019772,-0.00053722,0.00044427,0.0014712,0.0019429
-0.00079215,-0.00010132,0.0029886,0.0025873,0.002544,-0.0049335,0.014814,0.020504,0.0018886,-0.017594,0.0090772,0.025656,-0.00071364,-0.0014923,0.0021075,0.0030488,0.036101,-0.015901,0.080977,0.095995,-0.2241,-0.18717,0.33379,0.44972,0.25542,-0.038424,0.30407,0.19488,0.0028458,0.00075906,0.014903,0.0098907,0.017625,0.021002,0.035756,0.037311,-0.18761,0.20238,0.22866,0.30821,0.18951,0.079189,0.22545,0.24972,0.0039158,0.0031923,0.012946,0.014814,-8.4411e-05,0.0025603,0.00090429,0.0032449,-0.010558,0.0058593,0.013774,0.015455,0.0055333,-0.013161,0.0074531,0.03194,0.00059349,0.00020559,0.0011274,0.0027584
0.00015215,-0.00073323,0.0030783,0.0022515,-0.01323,0.011931,0.017404,0.024398,0.018981,-0.002574,0.040463,0.020954,-0.00075866,-0.0013313,0.0046397,0.0029576,-0.0074005,-0.0049342,0.027947,0.018227,0.18304,0.14648,0.42637,0.23787,-0.10535,0.23291,0.25372,0.247,-0.0040107,0.0082109,0.027263,0.014785,-0.03324,0.022509,0.04081,0.031709,0.27151,-0.19635,0.38818,0.26242,-0.10158,-0.1373,0.28186,0.24128,-0.019741,1.149e-05,0.028283,0.016173,0.0019185,-0.00038656,0.0065829,0.001591,-0.0050635,0.020224,0.048315,0.023822,0.017418,-0.01671,0.032321,0.022028,-0.006087,-0.002476,0.0074451,0.0027988
-0.0045428,-0.0073847,0.0063025,0.0080147,0.01524,-0.046731,0.018878,0.071478,0.0046553,-0.026257,0.019081,0.062946,0.002324,-0.0030311,0.0037492,0.0044705,-0.0401,0.0079515,0.061037,0.050022,-0.064803,-0.033434,0.32012,0.40022,0.21166,-0.10736,0.30676,0.30103,-0.017307,-0.00097492,0.032566,0.033489,0.047601,-0.0054141,0.05269,0.03181,-0.13462,0.080904,0.29244,0.3476,0.22266,0.19557,0.24862,0.26372,-0.0044299,0.012379,0.017946,0.029555,-0.0092389,-0.0023348,0.0098312,0.0035154,0.050175,-0.0027107,0.062726,0.033156,5.1835e-05,-0.027195,0.021445,0.02876,0.0004694,-0.0008612,0.0030709,0.002649
-0.0047507,0.004076,0.0080276,0.0051033,0.013083,0.018611,0.049164,0.04419,-0.0043892,0.013865,0.048966,0.033952,-0.0033361,-0.0013951,0.0036322,0.0041532,0.029511,0.018036,0.056487,0.066011,-0.20428,-0.10771,0.25778,0.23519,0.18394,-0.092046,0.37238,0.24099,-0.015827,0.0043128,0.037989,0.044064,-0.031286,-0.017223,0.042606,0.030515,-0.15132,0.11865,0.34918,0.33592,0.16067,0.066227,0.37918,0.31336,-0.019425,0.00035596,0.039695,0.075915,-0.003134,-0.00017351,0.0085832,0.0050711,0.010332,-0.032098,0.01942,0.041143,-0.005649,0.0045797,0.067827,0.030491,-0.0012184,0.0016508,0.0066001,0.0049959
0.0014249,0.0012585,0.0074142,0.0058092,0.029424,0.014662,0.035045,0.024144,0.005963,0.003191,0.013413,0.015987,0.00016132,5.4885e-05,0.0014769,0.0018542,0.016438,0.035744,0.038731,0.04133,-0.13242,-0.13896,0.32799,0.25281,0.26546,-0.14687,0.32922,0.17517,-0.0057875,-0.00064792,0.013283,0.0054847,-0.023554,-0.055272,0.029439,0.05708,0.0021655,0.082744,0.43186,0.34422,0.27264,0.17667,0.28831,0.19641,-0.00087435,0.0052914,0.008849,0.012084,-0.00094657,0.0057531,0.0044249,0.0068012,0.032185,0.021727,0.049939,0.023717,0.0094029,0.00042693,0.013286,0.0088394,0.00027588,0.00053858,0.0015185,0.0011011
-0.0014777,-0.0012206,0.0038986,0.0032134,-0.010699,0.016099,0.078615,0.051879,0.044176,0.031935,0.054366,0.046829,-0.0021908,-0.00074355,0.0022623,0.002108,-0.0037575,0.030218,0.022907,0.058819,-0.099537,-0.11484,0.36306,0.32126,0.24812,-0.086097,0.32146,0.18331,0.00077086,0.0037264,0.016448,0.014791,-0.011346,0.003302,0.064107,0.033015,-0.067047,0.03678,0.37856,0.34045,0.26248,0.077101,0.37723,0.13355,-0.001978,-0.0022553,0.010981,0.010069,-0.00074023,0.0014178,0.0031076,0.0024783,-0.0017739,0.033761,0.025148,0.0474,0.0062388,0.0083794,0.054842,0.018929,-0.00077856,-0.0017989,0.0021175,0.0026267
0.00014335,0.00073175,0.00050768,0.0015463,0.052456,-0.00053254,0.061482,0.02127,-0.0068382,-0.0082758,0.022024,0.027729,-7.5167e-05,0.00065876,0.0021316,0.0027657,-0.0010004,-0.0026748,0.0043813,0.0048024,0.44024,0.053624,0.44598,0.15159,-0.062179,0.096298,0.13673,0.24113,-0.0087023,-0.0066697,0.018929,0.026166,0.0056443,0.024099,0.010261,0.031236,0.34687,0.0036767,0.38942,0.30196,-0.067851,-0.071836,0.12577,0.29205,-0.0090113,0.016,0.015935,0.025103,0.00067581,-0.00025228,0.0013604,0.0011695,0.044474,-0.0054864,0.04836,0.010537,0.0011274,-0.0013128,0.010541,0.018437,-0.00012677,0.00060029,0.0018718,0.0028275
-0.001106,-0.00010542,0.0013837,0.0011903,0.0093719,-0.0057051,0.012224,0.010439,-0.0040207,0.0011772,0.012928,0.007735,-0.00091479,-8.3592e-05,0.0022454,0.0010784,-0.0065007,-0.00066842,0.0079511,0.0052518,0.27215,0.1429,0.32127,0.17973,-0.081623,0.30561,0.17806,0.31318,0.014091,0.047706,0.020193,0.048417,-0.0032457,0.0031114,0.0054672,0.0031463,0.45907,-0.084503,0.4937,0.097951,-0.10777,-0.018252,0.19899,0.068636,0.004141,-0.0067278,0.013575,0.016204,0.00054835,0.00066974,0.0017547,0.00098541,0.043816,-0.00075823,0.054893,0.0071406,0.014921,0.0076687,0.023643,0.01626,1.3857e-05,0.0014821,0.0021394,0.0017251
0.0010386,0.0010105,0.0015371,0.0013773,0.035695,-0.0025371,0.054462,0.011937,0.0050543,0.012804,0.046906,0.015241,0.00095645,-0.00040493,0.0023598,0.0012756,-0.0014061,-0.0058952,0.01099,0.0065319,0.42755,0.063558,0.46698,0.11135,-0.043613,0.042613,0.16723,0.11308,-0.0003259,0.020819,0.0091827,0.020843,-0.0026985,0.0028096,0.0044696,0.0062662,0.45491,-0.07953,0.48602,0.098442,-0.0094849,-0.018876,0.21193,0.12257,-0.004537,-0.00086368,0.019293,0.020659,-4.4607e-05,-0.00041529,0.00023707,0.00046608,0.046922,-0.0038622,0.061174,0.018324,0.004946,-0.029634,0.023869,0.041917,0.0029018,-0.003857,0.0048247,0.0045501
0.0027743,-0.00076175,0.0035046,0.0018527,0.017953,0.0061396,0.035407,0.019661,-0.0041975,0.0016871,0.023643,0.01483,-0.0051713,0.0016711,0.0057318,0.0021595,-0.0010632,-9.6131e-05,0.010305,0.007744,0.35311,0.059918,0.37043,0.14189,-0.18685,0.1289,0.27714,0.34332,-0.040667,0.014474,0.048001,0.023337,0.005267,-0.0032051,0.0072713,0.0098509,0.32373,-0.12678,0.35708,0.20017,-0.15977,-0.096701,0.25449,0.25473,-0.010044,0.011366,0.049185,0.02707,0.00083091,0.00080034,0.0011985,0.0023088,0.02986,-0.001436,0.032987,0.012081,0.0078694,-0.00034825,0.037707,0.013754,0.0009419,0.0016315,0.0050394,0.0040594
