1942,-0.42511,0.17003,-0.023871,-0.08463,-0.24017
1942,0.42534,0.026324,0.072845,-0.12086,-0.31418
1942,0.42856,0.15355,0.34482,-0.1041,-0.18423
1942,0.2888,0.017583,0.092969,-0.16797,-0.23923
1941,-0.33766,-0.14354,0.18202,0.093242,-0.099778
1941,-0.55085,0.047155,0.04672,-0.01521,-0.044367
1941,-0.41373,0.32084,-0.009596,0.047065,-0.1724
1941,-0.47275,-0.012714,0.03631,0.03368,-0.26791
1935,0.46203,0.058129,-0.085835,-0.15345,-0.4146
1935,0.50474,0.10627,0.31403,-0.15333,-0.15686
1935,0.3985,0.10423,0.058391,-0.32225,-0.08745
1935,0.48073,0.10174,0.19508,-0.20989,-0.081942
1939,0.49866,0.20559,0.34537,0.093027,0.2091
1939,-0.35819,0.23689,0.01211,-0.18664,-0.061797
1939,0.60017,-0.047357,-0.15491,0.0041126,0.12733
1939,0.49676,0.079245,0.21826,-0.23314,-0.27335
1944,-0.34349,0.19973,0.039071,-0.26287,-0.21641
1944,-0.44812,-0.19037,0.24393,-0.15051,-0.15654
1944,0.50714,-0.085395,-0.065896,-0.2515,-0.231
1944,-0.47716,-0.061344,0.084841,-0.24663,-0.12782
1936,-0.2994,0.21372,0.063967,0.091428,0.011863
1936,0.46686,0.11484,0.13035,-0.1955,-0.12692
1936,-0.18838,-0.04317,0.096306,-0.0027882,-0.11699
1936,0.20709,-0.12284,0.15687,-0.18686,-0.25112
1933,0.61249,-0.016843,0.077218,-0.20004,-0.27182
1933,0.42585,-0.039182,0.0014543,-0.2286,-0.15527
1933,0.34229,-0.075852,0.074403,-0.18893,-0.14224
1933,0.24644,0.036879,0.10769,-0.21858,0.032944
1943,-0.56131,0.069124,-0.051856,-0.26373,-0.18343
1943,-0.53239,-0.15161,0.056945,-0.073246,-0.19697
1943,-0.49649,-0.14856,0.047335,-0.1747,-0.12592
1943,-0.41821,0.32043,-0.15292,0.0638,-0.35102
1934,0.22445,-0.015657,0.2013,-0.33147,-0.098492
1934,-0.46384,-0.082855,0.037361,-0.19357,-0.084913
1934,0.29764,-0.071362,0.10188,-0.075474,-0.24504
1934,0.11761,0.042632,0.027981,-0.14307,-0.30323
1930,-0.49263,-0.18369,0.11896,-0.25888,-0.15288
1930,-0.51503,0.11565,-0.062574,0.082526,-0.2655
1930,-0.50753,-0.22797,0.11625,-0.084608,-0.14459
1930,-0.46917,-0.16981,0.081542,-0.13047,-0.16853
1940,-0.33221,0.35113,0.011944,0.24684,0.0032783
1940,0.50439,-0.16955,-0.32703,-0.084241,-0.068492
1940,0.36596,0.10899,0.029196,0.14237,0.27223
1940,-0.58735,0.10974,0.0043882,-0.28883,0.00050835
1937,0.58413,-0.10127,-0.14932,-0.085775,-0.12174
1937,0.61646,0.0036243,0.048568,-0.19699,-0.24251
1937,-0.48687,-0.22973,0.10816,-0.089952,-0.13268
1937,-0.45228,-0.14319,0.051647,-0.1392,-0.014274
1932,-0.39855,-0.0057072,0.10693,-0.2921,-0.21663
1932,-0.4199,-0.13098,0.12504,-0.27466,-0.14636
1932,-0.55196,0.11711,-0.034035,-0.18504,-0.1056
1932,0.40954,-0.10626,-0.012126,-0.1251,-0.26688
1945,-0.38038,0.00046792,0.17769,-0.22277,-0.11388
1945,-0.43111,0.034693,0.058137,-0.092071,-0.18341
1945,-0.31109,-0.051136,0.14108,-0.20076,-0.0879
1945,-0.42816,-0.096542,0.063225,-0.18205,-0.13335
1938,-0.27101,-0.26805,0.16564,-0.27448,-0.23192
1938,0.5069,-0.040132,0.046298,-0.11738,-0.16564
1938,0.46191,0.032625,0.069464,-0.28533,-0.21845
1938,-0.47948,0.26458,-0.15016,-0.29104,-0.02202
1929,-0.36963,-0.16204,0.096075,-0.31434,-0.064041
1929,-0.49446,0.091882,0.096029,-0.26033,-0.17283
1929,0.52788,-0.093517,0.017168,-0.028425,0.0050459
1929,-0.48856,-0.21536,0.12986,-0.15901,-0.22935
1947,0.58089,0.10627,0.2908,-0.16625,-0.17746
1947,0.4608,-0.13074,-0.11395,-0.13857,-0.30669
1947,0.41555,0.15587,0.37963,-0.044903,-0.26654
1947,0.33653,-0.05041,-0.045115,-0.20969,-0.34343
1939,-0.52805,0.27032,-0.14509,-0.13887,-0.11924
1939,-0.52163,-0.39728,0.20935,-0.16262,0.0013961
1939,-0.65271,0.052682,0.048353,-0.31323,-0.07917
1939,0.53006,-0.15282,-0.20334,-0.17607,-0.25672
1919,-0.42635,-0.28989,-0.033643,0.018755,-0.14125
1919,-0.64169,0.19869,-0.021956,-0.29421,-0.010956
1919,-0.51993,-0.12145,0.097735,-0.26572,-0.197
1919,-0.53677,-0.069969,0.062486,-0.28007,-0.18887
1970,-0.47226,0.030846,0.067632,-0.23416,-0.16191
1970,-0.37489,-0.057287,-0.080782,-0.20913,-0.014489
1970,0.41563,-0.19767,-0.061995,-0.24968,-0.32289
1970,0.66619,0.0040484,0.051944,-0.19665,-0.23888
1943,0.53576,-0.18471,-0.25643,-0.15475,-0.22293
1943,-0.52986,-0.38489,0.14845,-0.10772,-0.063318
1943,-0.24258,0.18119,0.15987,-0.11413,-0.44772
1943,0.34618,0.083399,0.11621,-0.021295,-0.00064633
1974,0.60904,0.12711,0.22352,-0.07842,-0.062509
1974,0.40254,-0.22777,-0.42451,-0.12433,0.13779
1974,-0.46602,0.43808,-0.1825,0.24377,-0.22282
1974,0.42704,-0.23101,-0.43539,-0.087699,0.12731
1950,0.44835,-0.2434,-0.20104,0.012555,0.019754
1950,-0.28118,-0.12457,-0.0049904,0.23575,-0.077838
1950,0.37345,-0.068532,-0.13029,-0.033254,0.0024666
1950,0.53628,-0.20352,-0.45722,-0.062907,0.016206
1969,0.41332,0.04627,0.025558,-0.14219,-0.26972
1969,0.53078,0.18566,0.32904,0.0038875,0.061715
1969,0.43365,-0.10597,-0.17576,-0.24025,-0.25051
1969,-0.40579,0.33028,0.0057442,-0.23269,-0.065542
1978,-0.58385,-0.40499,0.26555,-0.20633,-0.069061
1978,-0.34672,0.050064,0.15713,-0.14262,-0.10628
1978,0.6602,0.002257,0.061555,-0.19903,-0.26324
1978,-0.51347,-0.39195,0.18092,-0.051757,-0.12113
1966,0.47306,-0.047705,0.033613,-0.29256,-0.0012901
1966,0.4435,0.13962,0.44647,-0.068108,-0.10338
1966,0.6158,0.0025141,0.087077,-0.23474,-0.21212
1966,0.5373,0.034792,0.089412,-0.26429,-0.11863
1975,0.59553,0.017764,0.062209,-0.071844,-0.055822
1975,0.44757,0.22634,0.33748,0.12323,0.29529
1975,0.47395,-0.2411,-0.45425,0.0043457,0.086726
1975,0.43113,0.22142,0.28443,0.13426,0.28182
1963,0.58503,-0.013218,0.082277,-0.25152,-0.24194
1963,0.57826,-0.022731,0.067423,-0.24835,-0.27341
1963,0.54579,0.17214,0.29015,-0.07815,0.055786
1963,0.51818,-0.035349,-0.15027,-0.20626,-0.32681
1967,0.55002,-0.092504,2.4833e-05,-0.041582,-0.11752
1967,0.39285,-0.02234,0.073527,-0.044991,-0.14815
1967,0.23569,0.058402,0.034031,-0.19789,-0.19491
1967,0.44405,0.079127,0.19173,-0.12859,-0.12079
1968,0.67787,0.010585,0.10475,-0.19802,-0.23078
1968,0.67993,0.03809,0.10951,-0.19628,-0.22231
1968,-0.59663,-0.35621,0.17562,-0.17589,-0.029923
1968,0.5582,-0.16643,-0.37643,-0.059586,0.0049586
1945,-0.31017,0.081962,0.10195,-0.1285,-0.040048
1945,-0.40433,0.093186,0.12102,-0.047055,-0.14983
1945,-0.67278,0.084681,0.034371,-0.18904,-0.16347
1945,-0.41693,-0.0074567,0.051984,-0.14213,-0.11989
1980,-0.36383,0.016936,0.025897,-0.17315,-0.10281
1980,-0.45607,0.10562,0.099678,-0.26586,-0.13312
1980,-0.60614,-0.32605,0.20195,-0.26408,0.050471
1980,-0.31602,0.020214,0.038696,-0.18594,-0.24425
1930,-0.55569,0.10752,0.074067,0.0066342,-0.32182
1930,-0.49927,-0.022922,0.037154,-0.022323,-0.15724
1930,-0.31604,0.26906,0.10136,-0.043678,-0.28096
1930,-0.47065,-0.23723,0.20561,-0.1121,-0.037348
1977,-0.53703,0.17673,-0.016831,-0.049638,-0.16265
1977,-0.54562,0.024673,0.067508,0.040684,-0.16228
1977,-0.5269,0.18946,0.032346,-0.22304,-0.045297
1977,-0.38931,-0.0078611,0.16841,-0.038507,-0.27829
1964,-0.5856,-0.35088,0.16881,-0.1191,-0.056343
1964,-0.5399,-0.036631,0.014983,0.07371,-0.25226
1964,-0.60734,0.085077,-0.00083681,0.15181,-0.30947
1964,0.48671,0.23631,0.37132,-0.048266,-0.062386
1979,0.5122,0.1719,0.22633,0.1248,0.31195
1979,-0.50965,0.056142,0.0775,-0.17275,-0.07687
1979,0.54446,-0.11705,-0.3157,0.045162,0.17214
1979,0.51066,-0.19581,-0.34905,0.046681,0.17284
1981,0.39416,0.0096796,0.056249,-0.25922,-0.18958
1981,-0.38269,-0.007113,0.074105,0.065667,-0.21719
1981,0.23397,-0.016305,-0.15044,-0.24229,-0.039567
1981,-0.3143,-0.23029,0.25559,-0.012211,-0.30593
1961,-0.56916,-0.078473,0.17818,-0.11523,-0.33139
1961,-0.56886,0.19505,0.018576,-0.20051,-0.1284
1961,-0.62941,0.25744,-0.060801,-0.091752,-0.17572
1961,-0.60382,0.14367,0.063113,-0.19834,-0.19678
1920,-0.44875,0.018442,-0.031075,-0.30254,-0.083485
1920,-0.47966,0.070685,0.095654,-0.27292,-0.26384
1920,-0.47468,-0.11328,0.15814,-0.28841,-0.20209
1920,-0.47113,-0.16042,0.18509,-0.29283,-0.12341
1925,0.66162,0.010301,0.081706,-0.19375,-0.24033
1925,0.60281,-0.019653,0.11701,-0.18157,-0.23139
1925,0.66755,0.029285,0.12181,-0.20207,-0.2365
1925,0.67036,0.026016,0.10527,-0.18824,-0.22117
1982,0.67822,0.021081,0.097682,-0.19791,-0.23028
1982,0.48372,0.075975,0.035233,-0.19124,-0.30794
1982,0.58786,0.0841,0.026389,-0.18344,-0.31425
1982,0.68094,-0.0034684,0.069427,-0.18656,-0.22484
1976,-0.52106,-0.029249,0.019632,-0.21998,0.000387
1976,-0.64041,0.019903,0.064135,-0.25537,-0.018327
1976,0.55214,0.22019,0.35527,-0.094463,-0.10439
1976,0.49683,0.10908,0.29413,-0.031582,-0.040774
1926,-0.54951,-0.3306,0.15259,-0.1299,-0.0094812
1926,-0.48975,-0.34592,0.20984,0.22961,-0.24826
1926,-0.5756,0.30723,-0.097494,-0.26222,-0.12902
1926,-0.49839,0.40113,-0.18304,0.18292,-0.27731
1952,-0.58453,-0.0070082,0.0099973,-0.2068,-0.12746
1952,-0.60853,0.093047,0.0036779,-0.23967,-0.12738
1952,-0.65956,-0.10671,0.11522,-0.27758,-0.011778
1952,-0.6536,-0.058317,0.091551,-0.25711,-0.04787
1936,0.54343,0.13371,0.31311,0.077657,0.21358
1936,-0.39483,-0.39535,0.19823,0.25404,-0.16542
1936,-0.32515,-0.087932,-0.0094429,0.27409,0.0046579
1936,-0.37005,-0.056617,0.0048071,0.27753,-0.0095621
1972,-0.39534,0.42614,-0.24679,0.18837,-0.29711
1972,-0.58726,0.24397,-0.10254,-0.30878,-0.0093843
1972,-0.40642,-0.41544,0.2564,0.28391,-0.27439
1972,-0.41717,0.46911,-0.21029,0.19358,-0.28825
1955,0.5816,0.17901,0.35916,-0.053363,0.0015016
1955,0.56936,0.19102,0.3531,-0.10932,-0.038979
1955,0.2378,-0.10628,-0.036419,0.061855,0.032985
1955,0.44132,-0.24695,-0.28,0.0029244,0.02182
1914,-0.38649,0.13555,0.069242,-0.023669,-0.20481
1914,0.41792,0.12712,0.30401,-0.09626,-0.042988
1914,0.55488,0.10558,0.24676,-0.015673,-0.02307
1914,-0.45469,-0.30883,0.14337,-0.02437,-0.17224
1947,-0.63301,-0.070107,0.11531,-0.16883,-0.12968
1947,-0.5941,0.084236,0.11255,-0.024891,-0.14287
1947,-0.58292,0.046449,0.06057,-0.047059,-0.20551
1947,0.24219,0.069135,-0.030997,-0.2385,-0.25949
1937,0.45783,0.26455,0.34669,-0.16985,-0.029214
1937,-0.47028,0.16286,0.04843,-0.013247,-0.20504
1937,0.59151,0.01258,0.10315,-0.13122,-0.17301
1937,-0.27469,-0.047993,0.30332,-0.010775,-0.35696
1907,-0.59122,0.057188,0.075013,-0.12302,-0.21764
1907,-0.51956,-0.40255,0.18499,-0.13091,-0.094015
1907,-0.51044,0.17454,-0.062395,-0.23352,0.0014479
1907,-0.508,0.32251,-0.1128,-0.19127,-0.1265
1939,-0.51039,-0.0077927,0.053959,-0.35158,0.031507
1939,-0.53786,-0.31836,0.19191,-0.16912,-0.10203
1939,-0.49772,-0.12699,0.063321,-0.33536,0.11361
1939,-0.41369,0.22612,0.040039,-0.18145,0.050528
1956,-0.51556,0.030865,0.1081,0.26083,-0.29525
1956,0.4441,0.22802,0.36212,-0.092602,-0.025496
1956,-0.37317,-0.2879,0.1059,0.15339,-0.15862
1956,-0.48139,-0.059558,-0.00034162,0.1122,-0.052341
1916,0.36374,-0.058077,0.060937,-0.23703,-0.30728
1916,0.31977,0.052173,0.12648,-0.17494,-0.37118
1916,0.34914,0.054192,0.075092,-0.18723,-0.28851
1916,-0.49068,0.3244,-0.055556,-0.2549,-0.043576
1917,0.48295,0.01272,0.18069,-0.21437,-0.21346
1917,0.49679,-0.13784,-0.049234,-0.19259,-0.35372
1917,0.51427,-0.21707,-0.34214,-0.010474,0.0074721
1917,0.47745,-0.23058,-0.34481,-0.027813,-0.039099
1942,-0.47536,-0.31338,0.15267,-0.20049,-0.030251
1942,0.4949,-0.19643,-0.47132,-0.049851,0.015775
1942,-0.5486,-0.29588,0.20107,0.066,-0.23776
1942,-0.42964,0.26799,-0.0094373,-0.10471,-0.17963
1950,0.44689,-0.22889,-0.36446,-0.03536,-0.022403
1950,0.46859,-0.25833,-0.35446,-0.037737,-0.038894
1950,0.25473,0.1271,0.094519,0.071477,0.14915
1950,0.43062,-0.051961,-0.0035381,-0.015154,0.10121
1921,0.34435,-0.059824,-0.34826,-0.29064,0.031291
1921,0.36169,0.085963,0.37478,-0.12345,0.17736
1921,0.30395,0.059318,0.33898,-0.17483,0.20369
1921,0.28782,-0.094647,-0.37131,-0.25818,0.095135
1919,-0.33966,-0.26094,-0.010999,0.12041,-0.14272
1919,-0.37164,-0.35357,0.074856,-0.20905,-0.1113
1919,-0.40262,-0.27436,0.21903,-0.27798,-0.035016
1919,-0.47828,-0.14947,0.1419,-0.17619,0.081177
1913,0.48688,0.050352,0.12537,-0.15171,-0.24934
1913,0.56399,0.039659,0.066564,-0.22003,-0.15409
1913,0.44584,0.19032,0.30339,-0.063669,-0.13525
1913,0.53937,-0.0046654,-0.025055,-0.14515,-0.23154
1915,-0.33974,0.26696,0.0050785,-0.27925,-0.12978
1915,-0.61467,0.025002,0.029417,-0.21696,-0.13661
1915,0.45865,-0.1802,-0.049499,-0.13666,-0.31601
1915,-0.52244,0.3344,-0.11583,-0.15455,-0.14351
1912,0.4743,-0.25206,-0.27743,-0.045764,-0.062175
1912,0.43194,0.23182,0.27823,0.07899,0.13369
1912,-0.41815,0.35257,-0.16579,0.13812,-0.23654
1912,-0.52731,-0.27386,0.16255,-0.002425,-0.11752
1948,0.35626,0.14211,0.25351,-0.14945,-0.21674
1948,0.34662,-0.14744,-0.10287,-0.33594,-0.28079
1948,0.45584,-0.22214,-0.24035,-0.1895,-0.15995
1948,0.35739,-0.27281,-0.41677,0.034131,0.06676
1941,0.53766,-0.20552,-0.29378,-0.13162,-0.12823
1941,-0.40657,0.046653,-0.10373,-0.25268,-0.29003
1941,0.12924,-0.13789,0.17536,0.058138,-0.23254
1941,-0.45827,0.19272,0.043941,0.026906,-0.092121
1944,0.62051,-0.079645,-0.021116,-0.17813,-0.29301
1944,0.39437,0.060852,0.028123,-0.14429,-0.35521
1944,0.61559,0.022032,0.091804,-0.19964,-0.22201
1944,0.46816,0.025201,-0.073054,0.032466,0.042696
1931,-0.47131,0.20307,0.017638,0.1445,-0.17586
1931,-0.46206,-0.23267,0.2043,0.13497,-0.25736
1931,-0.58168,-0.003338,0.01566,-0.32202,0.074149
1931,-0.4952,0.082336,0.12107,-0.21475,-0.23657
1926,-0.38759,-0.041044,0.028533,0.1798,-0.18606
1926,-0.45636,0.071033,0.027009,0.19585,-0.27672
1926,0.497,0.049608,-0.0081709,-0.13942,-0.030183
1926,0.50652,-0.017405,-0.040966,-0.13644,0.113
1946,-0.48439,0.0037427,-0.038082,0.14968,-0.084545
1946,0.56442,-0.10879,-0.10147,-0.16225,-0.23311
1946,-0.35146,0.033706,0.073332,0.14551,-0.35509
1946,-0.42869,0.023817,-0.027952,0.10561,-0.038219
1957,-0.59856,-0.29704,0.18925,-0.21134,-0.021553
1957,-0.53587,-0.38492,0.23112,-0.1867,-0.0061193
1957,0.31157,0.16163,0.31362,-0.22945,0.32357
1957,0.30502,0.13084,0.29737,-0.16519,0.31712
1908,-0.55514,0.030651,-0.044184,0.24179,-0.26852
1908,-0.30909,-0.080932,-0.050012,-0.03045,-0.034533
1908,-0.64777,-0.02601,0.060466,-0.17529,-0.082159
1908,-0.43343,0.052511,0.23113,-0.16254,-0.15599
1918,-0.51785,0.39705,-0.070852,-0.18787,-0.13141
1918,0.41171,0.14877,0.057944,0.14105,0.2901
1918,0.41211,0.1117,-0.0046408,0.13042,0.27525
1918,0.31004,0.00087055,-0.11859,-0.081971,-0.34593
1938,-0.40184,-0.35571,0.079386,0.28535,-0.14907
1938,-0.38263,-0.21845,0.21035,-0.18562,-0.19358
1938,-0.278,-0.23981,0.12354,-0.22442,-0.069134
1938,-0.29702,0.2896,0.01331,0.24937,0.014796
1925,-0.20189,-0.10527,0.074122,-0.033967,-0.3963
1925,0.56414,-0.19665,-0.33125,-0.1142,-0.089483
1925,-0.39037,-0.35691,0.036451,-0.16876,0.01876
1925,-0.3738,0.29362,0.031395,0.02967,-0.16496
1953,0.38652,-0.32441,-0.18232,-0.072213,-0.24766
1953,-0.46802,0.37816,-0.067976,0.11775,-0.14198
1953,-0.5113,0.41834,-0.18608,0.18231,-0.24155
1953,-0.30616,-0.35221,0.015241,0.13322,-0.060624
1951,-0.46265,-0.17852,0.13965,-0.16559,-0.21612
1951,0.43038,-0.18456,-0.13815,-0.16977,-0.25978
1951,-0.36077,0.11041,-0.047273,-0.11157,-0.084679
1951,0.39477,0.055704,0.08395,0.021251,0.041528
1934,-0.46818,-0.10903,0.084935,-0.22585,-0.15966
1934,0.58962,0.1476,0.30008,-0.13417,-0.10709
1934,-0.54094,0.18416,-0.011039,-0.17976,-0.0053483
1934,-0.43625,0.066985,0.087638,0.042304,-0.11518
1945,-0.57069,-0.020327,0.072148,-0.21938,-0.20129
1945,-0.3596,-0.10801,0.029209,-0.28487,-0.19869
1945,-0.40799,0.098878,0.016621,-0.145,-0.32524
1945,-0.44138,0.10427,0.012001,-0.19007,-0.11974
1938,-0.22724,0.081684,0.0995,-0.15288,-0.056576
1938,-0.30308,0.058441,-0.028597,-0.1759,-0.0035184
1938,-0.19756,0.018625,0.28877,-0.10731,-0.27881
1938,-0.36729,-0.025275,0.27033,-0.067691,-0.20919
1935,-0.62799,0.11148,0.072426,-0.1938,-0.11182
1935,-0.55024,0.12511,0.094539,-0.21913,-0.22425
1935,-0.60201,0.024582,0.06898,-0.25973,-0.13384
1935,-0.45677,0.066409,0.0086441,-0.20145,-0.17883
1937,-0.49548,-0.032562,0.13647,-0.29555,-0.053008
1937,-0.37143,-0.37498,0.30919,0.048601,-0.27963
1937,-0.26711,0.057191,-0.044647,-0.21375,-0.16282
1937,-0.44026,-0.063095,0.065529,-0.21682,-0.017839
1951,0.49215,0.11012,0.25295,-0.091732,-0.16227
1951,-0.4443,-0.30305,0.14838,-0.18113,-0.13144
1951,0.012042,0.037151,0.046678,-0.30272,-0.20577
1951,-0.58627,0.11015,0.050593,-0.19743,-0.1765
1952,0.46497,-0.024102,0.10735,-0.14909,-0.32501
1952,-0.55328,-0.035581,0.025164,-0.11222,-0.18789
1952,-0.49142,-0.15066,0.070419,-0.24093,-0.040428
1952,-0.43557,0.11411,-0.0018538,-0.081653,-0.19032
1928,-0.4622,-0.0010613,0.10479,-0.15482,-0.18968
1928,-0.1688,-0.04093,0.025228,-0.038525,-0.11074
1928,-0.49738,-0.073813,0.12668,-0.0974,-0.12257
1928,0.47313,-0.09074,-0.14691,-0.20512,-0.20514
1931,-0.54805,-0.37358,0.20009,-0.20284,-0.027032
1931,-0.52546,0.24306,-0.081957,-0.30048,0.047541
1931,0.52764,-0.058674,-0.042061,-0.24131,-0.23337
1931,0.4983,-0.041513,0.014957,-0.26441,-0.33194
1932,0.59416,0.21196,0.39045,-0.098677,-0.076444
1932,0.50508,-0.1611,-0.22004,-0.19301,-0.31869
1932,-0.43947,-0.15868,0.14801,0.15545,-0.32715
1932,0.40104,-0.17793,-0.088429,-0.20113,-0.21013
1944,0.58463,0.037614,0.12349,-0.16618,-0.25731
1944,0.52303,-0.065321,-0.052579,-0.28406,-0.25036
1944,-0.26484,0.053143,0.051803,-0.061744,-0.25486
1944,0.53617,0.13091,0.22296,-0.1419,-0.10255
1929,-0.54748,-0.074012,-0.0010188,-0.3529,-0.032006
1929,-0.55747,0.071249,0.026616,-0.35064,0.041739
1929,-0.35672,0.04538,0.15544,-0.099754,-0.28402
1929,0.21109,0.1072,0.22537,-0.21014,0.011349
1939,0.66326,-0.0021089,0.067271,-0.19974,-0.21398
1939,0.67807,0.049499,0.15846,-0.17909,-0.19973
1939,0.63055,-0.020301,0.032478,-0.20375,-0.22058
1939,0.68285,0.0037361,0.073811,-0.19563,-0.21899
1949,0.52343,-0.2263,-0.2231,-0.12902,-0.18772
1949,0.47105,0.15089,0.27171,-0.23701,-0.14307
1949,-0.49377,0.071157,0.19739,-0.18492,-0.15018
1949,-0.61297,-0.061505,0.09255,-0.070313,-0.14079
1925,0.36077,-0.047643,0.06091,-0.39198,-0.12489
1925,0.66905,0.037325,0.12102,-0.21239,-0.23474
1925,0.66913,0.019532,0.10626,-0.19743,-0.2384
1925,0.41588,0.1011,0.049469,-0.1495,-0.28188
1953,-0.50567,-0.070675,0.082835,-0.11092,-0.24147
1953,-0.48086,-0.1343,0.14039,0.091871,-0.29313
1953,0.35061,-0.049039,0.047815,-0.2275,-0.33788
1953,-0.39869,-0.096723,0.035486,-0.14789,-0.13921
1927,-0.41785,-0.0092523,-0.034474,-0.046421,-0.20833
1927,-0.52493,0.24648,-0.09793,-0.20675,-0.035807
1927,-0.46446,-0.37524,0.075062,0.041409,-0.068082
1927,0.33034,-0.017804,0.2211,-0.11214,-0.21889
1943,-0.5269,0.25517,-0.0058365,-0.25461,-0.14553
1943,0.47969,-0.039301,-0.18268,-0.030007,-0.16283
1943,0.31129,-0.02649,0.097308,-0.28078,-0.13581
1943,0.4465,-0.11654,-0.32833,-0.044234,-0.1695
1947,-0.58444,0.25559,-0.01858,-0.1833,-0.070203
1947,-0.61038,-0.092043,0.14332,-0.19714,-0.21862
1947,-0.47406,-0.2196,0.11898,-0.2216,0.074728
1947,-0.63407,0.18424,-0.025086,-0.32732,-0.030749
1954,-0.41336,-0.018097,0.088642,-0.16449,-0.25432
1954,-0.3388,0.01738,0.056588,-0.072536,-0.10974
1954,0.4404,0.10922,0.25094,-0.025467,0.050957
1954,-0.57641,0.35313,-0.10458,-0.21406,-0.03712
1955,-0.57502,0.16211,0.039833,-0.1961,-0.14818
1955,-0.58952,0.071867,0.043496,-0.23251,-0.14095
1955,-0.58247,-0.18102,0.1862,-0.21054,-0.14251
1955,-0.58834,0.034795,0.092376,-0.21545,-0.15069
1948,-0.5148,0.16815,-0.10644,-0.11703,-0.16937
1948,-0.47125,-0.31312,0.25258,-0.11922,0.051842
1948,-0.57526,-0.080857,0.050643,0.11736,-0.25682
1948,0.35781,0.051984,0.4158,0.0024064,0.10739
1959,0.49087,0.076572,0.087108,-0.114,-0.19271
1959,0.34872,-0.013614,0.020757,-0.025267,-0.13541
1959,-0.38971,0.0012056,0.037471,-0.33337,-0.15062
1959,0.56697,-0.072604,-0.12012,-0.22598,-0.3044
1938,-0.46153,0.34355,-0.13687,0.11045,-0.23578
1938,-0.40102,-0.3867,0.11763,-0.087259,-0.12846
1938,0.53012,-0.14704,-0.27912,-0.15643,-0.071711
1938,-0.4919,-0.27002,0.20311,0.17786,-0.25601
1958,-0.53012,0.33386,-0.050602,-0.16047,-0.063807
1958,-0.2656,0.14232,0.056633,0.092104,-0.25529
1958,-0.56372,-0.043233,0.17704,-0.1608,-0.14162
1958,-0.43558,-0.072434,0.13469,-0.1816,-0.13075
1935,0.3734,0.18487,0.30585,0.017833,-0.01547
1935,-0.21327,-0.28056,0.22324,0.20515,-0.12508
1935,0.55592,-0.14778,-0.12205,-0.15119,-0.21935
1935,0.59567,0.16759,0.31607,-0.12291,-0.13285
1908,0.50876,0.21527,0.31624,0.10722,0.28006
1908,-0.45672,0.24436,-0.11773,-0.26801,-0.086071
1908,-0.63794,0.035493,0.05297,-0.11196,-0.17642
1908,0.57446,-0.014036,-0.084627,0.053531,0.2662
1950,-0.35981,-0.053968,0.065373,-0.25411,-0.14943
1950,0.47537,0.021413,0.13431,-0.15353,-0.21961
1950,0.52009,0.15149,0.12839,-0.14054,-0.20186
1950,0.59072,-0.030923,0.010374,-0.23733,-0.30034
1960,-0.38347,-0.015101,0.15616,-0.21369,-0.045251
1960,-0.52352,0.046814,0.032595,-0.1894,-0.087832
1960,-0.54288,0.10018,0.11844,-0.20987,-0.14851
1960,-0.64698,-0.022027,0.057411,-0.029927,-0.17443
1939,-0.40924,0.036729,0.045304,0.0010932,-0.027689
1939,-0.43574,0.29683,-0.12048,0.070103,-0.073859
1939,-0.43503,-0.39442,0.15987,0.29771,-0.2557
1939,0.3928,0.26519,0.25821,0.12096,0.20485
1942,-0.52387,0.31266,-0.16359,0.022948,-0.25147
1942,-0.47863,-0.0062736,0.0032254,0.03757,-0.18917
1942,-0.50706,-0.25131,0.21428,0.091768,-0.19892
1942,-0.59541,0.03583,0.078372,-0.28612,-0.10105
1937,0.46795,0.064786,0.055787,-0.12731,-0.28943
1937,-0.4018,-0.029473,0.049996,-0.058528,-0.081825
1937,-0.53213,0.026965,0.12025,-0.27371,-0.13139
1937,-0.38369,0.0070698,0.01335,-0.062363,-0.11566
1956,0.30022,0.12288,0.2406,-0.094121,-0.19273
1956,-0.43256,0.096102,-0.048244,-0.22837,-0.20519
1956,0.32485,0.098911,0.27359,-0.19705,0.022876
1956,0.33704,0.012718,-0.092787,-0.35116,-0.06503
1947,-0.55734,-0.30584,0.12906,0.026146,-0.07863
1947,-0.5845,0.029464,0.02087,-0.28054,-0.040966
1947,-0.547,0.036887,-0.041156,-0.26849,0.065672
1947,-0.43492,0.045934,0.048869,0.08314,-0.093503
1932,-0.2821,0.04929,0.14105,-0.12733,-0.23947
1932,-0.46384,-0.28545,0.11707,-0.23234,0.098426
1932,-0.49566,0.41632,-0.086928,0.088499,-0.16908
1932,-0.41565,0.014292,-0.14124,0.16057,-0.2157
1962,0.54666,-0.16106,-0.1352,-0.081216,-0.11973
1962,-0.48294,0.37002,-0.11591,0.059669,-0.21459
1962,-0.50875,-0.31432,0.11373,-0.039917,-0.13897
1962,0.45768,-0.13813,-0.070362,-0.044953,-0.035565
1934,0.53052,-0.23913,-0.28399,-0.1177,-0.16695
1934,-0.55815,-0.28961,0.072352,-0.14771,-0.068006
1934,-0.28443,-0.13509,0.0089078,-0.1528,-0.072708
1934,-0.55106,-0.21828,0.083432,-0.14945,-0.063861
1941,-0.34142,-0.012503,0.15125,-0.16028,-0.058368
1941,0.52725,0.20101,0.25038,-0.099809,-0.078249
1941,-0.48096,-0.11944,0.22891,-0.22384,-0.034004
1941,-0.27051,-0.023358,0.13686,-0.18083,-0.24955
1938,-0.40199,0.14671,-0.001101,-0.26302,0.067988
1938,-0.39346,-0.066324,0.091274,0.055846,-0.24302
1938,-0.46717,-0.084903,0.070902,-0.37165,0.021855
1938,-0.354,-0.010483,0.075908,0.15393,-0.32022
1946,-0.58024,0.10916,0.091802,-0.1833,-0.25166
1946,0.30889,0.12662,0.054916,-0.20125,-0.261
1946,-0.50094,0.34495,-0.10483,-0.30935,0.033346
1946,0.36873,0.0097335,0.12313,-0.18148,-0.21804
1927,-0.098829,0.10659,-0.0060993,-0.16051,-0.21877
1927,0.37796,0.076395,0.35346,-0.21312,-0.096746
1927,-0.1986,0.038091,0.0039713,-0.21232,-0.055064
1927,0.39454,-0.20839,-0.076743,-0.15362,-0.34163
1925,-0.44319,0.10503,0.12543,-0.24003,-0.017679
1925,-0.50619,0.40374,-0.085287,-0.062278,-0.16049
1925,-0.43533,-0.11886,0.092303,-0.035802,-0.16939
1925,-0.5391,-0.14743,0.16732,-0.25579,-0.12501
1943,0.58166,0.016989,0.0093269,-0.22772,-0.22271
1943,-0.49338,0.056693,0.14519,-0.14082,-0.065046
1943,-0.42214,-0.017066,0.051399,-0.21236,-0.14271
1943,-0.13449,0.051854,0.053405,-0.18762,-0.12867
1945,-0.5625,0.085361,0.095147,-0.14805,-0.067804
1945,-0.28993,-0.012323,0.16685,-0.11485,-0.20756
1945,-0.55405,0.13434,-0.041134,-0.0079818,-0.14229
1945,-0.42787,0.084905,0.047343,-0.18474,-0.31143
1947,-0.52127,-0.34126,0.20636,0.051399,-0.14427
1947,-0.56834,-0.10207,0.095835,-0.01399,-0.20737
1947,-0.40009,0.19026,0.085314,-0.013986,-0.047431
1947,-0.54253,0.097083,0.038707,-0.14855,-0.26815
1942,-0.47111,0.0409,-0.014411,-0.14174,-0.26464
1942,-0.40965,-0.029485,-0.056552,-0.05924,-0.25106
1942,-0.60099,-0.30102,0.21972,-0.11948,-0.10686
1942,-0.53402,-0.15885,0.14513,-0.21563,-0.18709
1940,0.49509,0.074309,0.10344,-0.16416,-0.29204
1940,-0.58824,-0.012988,0.091768,-0.25872,-0.061175
1940,-0.47234,0.33758,-0.12009,0.010141,-0.24277
1940,-0.46842,-0.18948,0.14772,-0.14839,-0.08106
1939,-0.37949,-0.01927,0.16555,-0.067555,-0.26365
1939,-0.4905,0.13667,0.05624,0.0074028,-0.26456
1939,-0.32972,0.048493,0.11868,0.19104,-0.25065
1939,0.25354,-0.068276,0.19117,-0.07929,-0.16453
1949,-0.52499,0.0078678,0.0015894,-0.2071,-0.27764
1949,-0.2143,0.14274,-0.032912,-0.22927,-0.059484
1949,-0.64717,0.051006,0.036086,-0.076686,-0.21974
1949,-0.48982,-0.27313,0.22394,0.18265,-0.19741
1929,-0.55281,0.12377,-0.012247,-0.29029,-0.012052
1929,-0.37825,-0.14524,0.072987,-0.081018,0.026635
1929,-0.44692,0.14608,-0.05883,-0.090602,-0.22516
1929,0.57364,-0.019849,0.094483,-0.17681,-0.24841
1930,0.30722,0.12613,0.18891,0.14511,0.23559
1930,-0.32074,0.31415,-0.011026,0.21961,0.01412
1930,-0.59664,0.1809,0.0010234,-0.28592,-0.046452
1930,0.36313,0.18723,0.24683,0.10898,0.23064
1936,-0.38711,-0.0804,0.1241,-0.28124,-0.032976
1936,0.26829,-0.029142,0.31942,-0.040972,-0.29427
1936,-0.58583,0.034789,0.049897,-0.05866,-0.16701
1936,0.16032,0.026541,-0.040523,-0.26749,-0.15029
1928,-0.46524,-0.077119,0.049914,0.044444,-0.21015
1928,0.41199,0.16035,0.3279,0.11118,0.23231
1928,-0.6355,0.13323,-0.043058,-0.12231,-0.11898
1928,-0.43426,0.060384,0.033942,0.099313,-0.22798
1958,-0.40615,-0.023031,0.015415,-0.13697,-0.26211
1958,-0.47812,0.25002,0.012944,0.073064,-0.25101
1958,-0.42702,0.12705,-3.8917e-05,-0.20351,-0.20862
1958,-0.22929,-0.031883,0.028944,-0.14439,-0.28945
1987,0.49051,0.055625,0.13549,-0.12267,-0.21194
1987,-0.40796,0.037647,0.05311,-0.22738,-0.14022
1987,-0.40724,-0.050952,0.064621,-0.23751,-0.16574
1987,0.2245,0.0078445,-0.028679,-0.18749,-0.16629
1973,-0.46313,0.23981,-0.14498,-0.27223,-0.087911
1973,-0.37664,0.0060496,0.14234,0.12188,-0.50699
1973,-0.41209,0.15157,-0.0074135,0.12527,-0.33619
1973,0.50177,-0.033701,0.061938,-0.0031634,-0.15633
1939,-0.50778,0.27816,0.025205,-0.081255,-0.0068403
1939,0.43758,-0.20323,-0.22796,-0.12563,-0.13351
1939,0.58919,-0.044703,0.014822,-0.18637,-0.19028
1939,0.47285,-0.12801,0.03443,-0.19548,-0.22543
1953,0.57326,0.052556,0.18647,-0.19027,-0.18
1953,-0.53161,-0.17904,0.094742,-0.22114,-0.069522
1953,0.55037,0.086708,0.17863,-0.21383,-0.14082
1953,-0.46557,-0.10404,0.093818,-0.19092,-0.020903
1944,-0.60567,-0.036414,0.11572,-0.12789,-0.2329
1944,0.51081,-0.063546,-0.0088218,-0.15005,-0.26186
1944,0.46485,-0.01094,0.11843,-0.12576,-0.23367
1944,0.46036,-0.015248,0.097684,-0.17579,-0.19533
1960,0.35794,0.2283,0.18178,-0.13988,-0.11034
1960,0.31832,-0.050654,-0.093744,-0.1706,0.11082
1960,-0.4696,-0.048905,0.12275,-0.26895,-0.10447
1960,-0.60964,0.19984,-0.0057312,-0.059011,-0.20486
1997,-0.62568,-0.0056726,0.052007,-0.2714,-0.045944
1997,0.27193,0.11774,0.13641,-0.14629,-0.30619
1997,0.20231,-0.028865,0.086911,-0.13774,-0.37197
1997,-0.54623,-0.2386,0.14051,-0.19002,-0.11888
1959,0.37657,0.052694,0.0077875,-0.27513,-0.17044
1959,0.38913,0.027596,0.044902,-0.09016,-0.21637
1959,-0.47053,0.062531,0.036221,-0.24662,-0.19348
1959,0.27349,0.018994,0.023231,-0.29403,0.10908
1975,-0.40663,-0.3288,0.14805,0.032323,-0.25389
1975,0.34417,-0.18156,0.015095,-0.055784,-0.14841
1975,-0.51475,-0.24843,0.16983,-0.10173,-0.081874
1975,0.28693,0.15752,0.19403,-0.070403,-0.1469
1986,0.53354,0.04858,0.1163,-0.13259,-0.26681
1986,0.56017,0.031435,0.1819,-0.14739,-0.10878
1986,0.46393,0.027254,0.20494,-0.19238,-0.16968
1986,0.36254,0.027611,0.13334,-0.21747,-0.2021
1992,-0.60021,0.19538,-0.0063673,-0.28114,-0.054792
1992,-0.54939,-0.16555,0.09695,-0.23185,-0.046337
1992,-0.50098,0.042299,-0.036857,-0.2712,-0.033435
1992,-0.21979,0.14022,0.11489,-0.31866,-0.15046
1951,0.39365,-0.010282,0.12284,-0.10304,-0.2401
1951,0.3106,0.024866,0.069971,-0.20651,-0.21862
1951,-0.55892,0.050264,0.006711,-0.24701,-0.12133
1951,-0.39206,0.064261,0.025853,-0.22004,-0.24133
1954,-0.46214,0.19728,-0.037684,0.030077,-0.34309
1954,0.4408,-0.015471,0.005203,-0.066704,-0.065613
1954,-0.45221,0.17035,0.044953,-0.20902,-0.083803
1954,0.36485,0.21286,0.12599,-0.14002,-0.24227
1950,-0.36058,-0.072746,-0.0046123,-0.35515,-0.063883
1950,-0.47078,-0.033942,0.035837,-0.21122,-0.17909
1950,-0.40933,0.057285,0.18623,-0.3156,-0.15392
1950,0.3822,0.0031306,0.10247,-0.27206,-0.22185
1949,-0.67473,-0.035357,0.086896,-0.15261,-0.16164
1949,-0.66975,0.039972,0.063882,-0.1408,-0.19081
1949,-0.67268,-0.036102,0.083947,-0.15686,-0.15763
1949,-0.55505,0.020065,0.13528,-0.14137,-0.18534
1932,-0.60899,-0.028069,0.10897,-0.12702,-0.15844
1932,-0.43451,-0.061838,0.23332,-0.022784,-0.087916
1932,0.22647,-0.01564,0.23884,-0.26575,-0.17282
1932,0.1351,0.012284,0.046378,-0.23151,-0.25407
1970,0.65197,0.080189,0.18473,-0.19117,-0.19738
1970,0.63899,0.047661,0.17854,-0.23688,-0.16408
1970,0.40829,0.13518,0.012384,-0.28633,-0.18058
1970,0.18731,-0.0003966,0.063875,-0.032398,-0.20701
1961,-0.48564,0.092621,-0.038375,-0.12625,-0.079891
1961,-0.43309,0.070613,-0.0048145,-0.26417,-0.17245
1961,-0.38523,0.063761,0.016454,-0.27481,-0.18338
1961,-0.59156,0.29164,-0.0728,-0.32151,-0.031439
1941,-0.26096,-0.030864,0.027092,-0.17908,-0.051853
1941,0.4977,0.10675,0.29011,-0.0044962,-0.012796
1941,-0.22412,-0.0040308,-0.0041698,-0.11907,-0.071006
1941,-0.31227,-0.012648,0.21639,-0.092684,-0.0217
1978,-0.59766,0.30917,-0.11635,0.021341,-0.15833
1978,-0.55567,0.12239,-0.090463,0.054115,-0.23572
1978,-0.52071,0.17202,0.039549,0.047726,-0.24174
1978,-0.5098,0.055462,0.096763,0.10668,-0.35155
1956,-0.40977,0.23317,-0.064719,-0.24727,0.051673
1956,0.44911,-0.17971,-0.047209,-0.1137,-0.27927
1956,0.29252,0.13906,0.061412,-0.23105,-0.20623
1956,-0.51386,0.22945,0.027691,-0.2473,-0.23456
1987,-0.549,-0.080252,0.16984,-0.28401,-0.043973
1987,-0.55931,-0.12638,0.050046,0.062507,-0.0059819
1987,0.63074,-0.037582,-0.038935,-0.22654,-0.26926
1987,0.60971,0.084397,0.20407,-0.16944,-0.25348
1968,0.41907,0.050764,0.26014,-0.038956,-0.21019
1968,0.45934,0.092497,0.085807,-0.15696,-0.19657
1968,0.56871,0.0016722,0.089594,-0.21114,-0.12906
1968,0.48522,-0.012115,-0.031575,-0.27715,-0.089127
1969,-0.63718,0.08992,0.055671,-0.19036,-0.10764
1969,-0.44769,-0.027227,0.086193,-0.12785,-0.40027
1969,-0.41419,-0.095558,0.080356,-0.19675,-0.057892
1969,-0.54186,-0.062931,0.06138,-0.13683,-0.19585
1957,0.14996,0.15881,0.15886,-0.10242,-0.23782
1957,0.27379,0.0027071,0.18457,-0.29922,-0.16964
1957,-0.44901,-0.29354,0.21157,-0.11226,-0.19376
1957,-0.53514,0.11153,0.064842,-0.15035,-0.21381
1977,-0.51485,0.0028543,-0.007187,-0.05672,-0.23051
1977,-0.51074,-0.061058,0.10662,-0.16058,-0.079645
1977,-0.61879,0.0055442,0.057218,-0.10096,-0.22875
1977,-0.63696,0.0082993,0.072552,-0.14603,-0.19092
1935,0.51123,0.12348,0.20274,-0.16115,-0.21927
1935,-0.52651,0.052139,0.026773,-0.062922,-0.31731
1935,-0.60036,0.1818,-0.024628,-0.2494,-0.044455
1935,-0.42639,-0.051044,0.073722,-0.12323,-0.24862
1966,0.42569,0.017946,0.089775,-0.26688,-0.17528
1966,0.40313,0.035866,0.14546,-0.16637,-0.2471
1966,-0.62132,-0.15589,0.079281,-0.14791,-0.16175
1966,-0.49487,-0.11049,0.1429,-0.031988,-0.33805
1933,0.37775,-0.07213,0.082098,-0.21593,-0.28632
1933,-0.32516,-0.22635,0.052824,-0.20089,0.10169
1933,-0.53407,0.13247,0.034936,-0.10172,-0.14209
1933,-0.62314,0.15974,-0.0023778,-0.23666,-0.15952
1936,-0.56863,-0.11252,0.14213,-0.17231,-0.19376
1936,0.39405,0.12193,0.12727,-0.19286,-0.1067
1936,-0.42829,0.18802,0.023524,-0.25604,-0.098337
1936,-0.31517,0.10494,0.055341,-0.050853,-0.26202
1967,-0.57576,0.15861,0.085371,-0.14967,-0.20644
1967,-0.58973,0.030431,0.090158,-0.084352,-0.22965
1967,-0.42077,0.019005,0.080087,-0.1875,-0.073587
1967,-0.62234,0.03512,0.03665,-0.14294,-0.20615
1976,-0.52688,-0.089768,0.14263,-0.25172,-0.12581
1976,-0.4967,0.32894,-0.058153,-0.10017,-0.19125
1976,-0.44044,0.14966,0.032607,-0.18128,-0.23046
1976,-0.4454,-0.055541,0.036954,-0.18662,-0.2525
1974,0.37243,-0.025304,0.10023,-0.11174,-0.23433
1974,-0.34871,-0.30055,0.10265,-0.26605,-0.015691
1974,-0.34758,-0.092309,0.14804,-0.21028,-0.1702
1974,-0.45487,-0.15367,0.12652,-0.2467,0.0053248
1945,-0.29535,-0.038531,-0.027777,-0.097978,-0.14418
1945,-0.43943,-0.075609,0.18378,-0.14939,-0.14565
1945,0.57599,0.20696,0.30029,-0.17149,-0.15634
1945,0.47926,-0.16614,-0.48706,0.0012585,0.03341
1963,-0.32828,-0.011353,0.18878,-0.04183,-0.15962
1963,-0.45072,-0.019806,0.030374,-0.23825,-0.026351
1963,-0.45339,0.0082143,0.039978,-0.16836,0.10145
1963,-0.56551,-0.066544,0.070801,-0.30747,0.11284
1947,0.49723,0.054952,0.22097,-0.11841,-0.19842
1947,-0.4653,0.04438,0.078266,-0.19661,-0.23962
1947,-0.51977,-0.23683,0.13153,-0.11687,-0.072649
1947,0.57799,-0.046262,-0.096624,-0.081843,-0.087204
1937,-0.63627,0.03321,0.077623,-0.18328,-0.20148
1937,-0.57518,0.16564,0.028648,-0.16654,-0.13225
1937,0.52321,0.044456,0.31693,-0.071473,-0.11608
1937,0.3149,-0.082738,-0.12384,-0.20259,-0.29792
1936,-0.41663,-0.19776,-0.0028961,0.090339,-0.14031
1936,0.32531,0.2194,0.15823,0.032484,0.12448
1936,-0.41222,0.23952,-0.095402,0.068972,-0.36955
1936,-0.30224,-0.17956,0.35127,0.061745,-0.14503
1940,-0.53963,0.084421,-0.082255,-0.26256,-0.085459
1940,0.37786,-0.19797,-0.054468,-0.22615,-0.22049
1940,-0.44038,-0.19975,0.19917,-0.14073,-0.016929
1940,-0.46394,-0.14045,0.16204,-0.3529,-0.17274
1946,-0.48981,-0.32581,0.15157,-0.050959,-0.12584
1946,0.34411,-0.086571,0.016304,-0.071057,-0.2476
1946,0.32788,-0.06094,0.0088313,-0.061533,-0.12097
1946,0.55729,0.071043,0.19546,-0.13023,-0.13618
1933,-0.60209,-0.077867,0.069676,-0.14041,-0.096619
1933,-0.60982,0.022094,0.072897,-0.097017,-0.20935
1933,-0.55342,0.33216,-0.064005,-0.22467,-0.10116
1933,-0.51432,-0.35698,0.16547,-0.15236,-0.082188
1939,-0.53518,0.17876,0.019074,0.055608,-0.22559
1939,-0.55877,0.11913,-0.059015,-0.18999,-0.056667
1939,-0.53857,-0.052635,0.11924,-0.15946,-0.17019
1939,-0.54786,-0.1733,0.055924,0.086104,-0.17085
1945,-0.49716,0.31665,-0.10726,-0.14567,-0.12238
1945,-0.38648,-0.0093417,-0.059909,-0.23812,-0.091351
1945,-0.50611,-0.016487,-0.026887,-0.060153,-0.30584
1945,-0.42881,-0.15101,0.20634,0.086557,-0.20222
1931,-0.53023,0.083556,0.095054,-0.15998,-0.16995
1931,-0.61686,0.076486,-0.0022624,-0.1116,-0.071262
1931,-0.54348,-0.27977,0.18349,-0.21129,-0.023757
1931,-0.53532,-0.27507,0.17292,-0.20797,-0.0041948
1932,-0.63097,0.25478,-0.057333,-0.048875,-0.18211
1932,-0.65716,0.071453,0.032134,-0.13027,-0.13056
1932,-0.6658,-0.02325,0.077776,-0.17902,-0.13617
1932,-0.53366,-0.074013,0.023841,0.091014,-0.10025
1938,-0.45926,0.22173,-0.15778,-0.25725,0.039965
1938,-0.36283,0.18159,-0.14729,-0.23395,0.095347
1938,-0.45438,-0.31179,0.065881,-0.15257,0.041168
1938,-0.51635,0.2383,-0.14492,-0.14428,-0.087939
1929,-0.37528,0.024528,0.088119,-0.35647,-0.092992
1929,0.34455,-0.022576,0.26697,-0.025709,-0.20674
1929,-0.5459,0.22435,-0.13074,-0.045144,-0.24255
1929,-0.60863,0.10075,0.021283,-0.21611,-0.10162
1944,-0.41699,-0.10098,0.22847,-0.052249,-0.23799
1944,-0.52646,-0.038942,0.027618,-0.0055709,-0.15406
1944,-0.4881,-0.092674,0.0022289,-0.07695,-0.12032
1944,-0.56776,0.052682,0.033754,0.010076,-0.12425
1942,0.42649,0.06698,0.30131,-0.043685,-0.085467
1942,-0.40092,-0.12605,0.26937,0.083223,-0.31772
1942,-0.20375,0.1133,-0.16763,-0.04689,-0.30031
1942,0.40067,0.12891,0.16282,-0.088157,-0.22565
1934,-0.6025,-0.22052,0.11656,-0.028017,-0.21244
1934,-0.55944,0.13234,0.0049423,-0.17908,-0.14289
1934,-0.51558,0.020713,-0.00030725,-0.050688,-0.21452
1934,-0.53024,-0.26323,0.13801,-0.021229,-0.23577
1928,0.57588,0.18323,0.34067,-0.08281,-0.04848
1928,0.54038,-0.20442,-0.30558,-0.098187,-0.090021
1928,0.54971,0.1486,0.33254,-0.15984,-0.12667
1928,-0.48617,-0.036947,0.072531,-0.17936,-0.22246
1941,0.37864,0.066722,0.11586,-0.28592,-0.17507
1941,0.36815,0.035111,0.05874,-0.21471,-0.16695
1941,0.53507,0.041982,0.13175,-0.18137,-0.16307
1941,0.56976,0.075578,0.14916,-0.23089,-0.1727
1948,-0.50889,0.3475,-0.06107,-0.03336,-0.15012
1948,0.52916,0.028375,0.14495,-0.21889,-0.19723
1948,-0.44481,-0.0077421,0.099306,0.1413,-0.37955
1948,-0.49217,0.21643,0.079495,-0.21911,-0.20256
1962,0.18938,0.074293,0.12257,-0.12638,-0.24654
1962,0.29119,-0.25062,-0.17218,-0.26965,-0.15939
1962,-0.24449,-0.020498,0.083807,-0.20399,-0.14121
1962,-0.48266,-0.15967,0.12722,-0.23443,-0.076941
1961,-0.58637,-0.011028,0.079591,-0.22391,0.018092
1961,-0.60067,0.023905,0.070034,-0.19972,-0.079841
1961,-0.61688,0.038182,0.085386,-0.34498,-0.020253
1961,-0.59886,-0.156,0.14536,-0.27419,0.015151
1956,0.42603,-0.15911,-0.0026686,-0.10879,-0.29575
1956,0.37502,-0.17943,0.017832,-0.17793,-0.27529
1956,0.3863,-0.013392,0.091912,-0.21584,-0.25773
1956,0.44309,-0.0028417,-0.033951,-0.10139,0.047054
1947,0.53628,0.038543,0.053327,-0.19239,-0.13078
1947,0.54591,0.19285,0.26833,-0.11719,-0.12569
1947,0.62449,0.14374,0.24834,-0.17822,-0.21904
1947,0.51385,0.018725,0.072859,-0.15249,-0.23752
1955,-0.56124,0.12564,-0.0076472,-0.14418,-0.076458
1955,-0.30879,-0.16105,0.055392,-0.32382,-0.022279
1955,-0.47463,0.085318,-0.022878,-0.12814,-0.12801
1955,0.22392,0.01845,0.28931,-0.17138,-0.21361
1959,0.58379,0.037199,0.19619,-0.1654,-0.11628
1959,0.28089,-0.034417,-0.025061,-0.35287,-0.19554
1959,0.42553,0.010947,0.091067,-0.20764,-0.24849
1959,0.47149,0.25005,0.28998,-0.15109,-0.06206
1960,0.26247,0.056108,0.21595,-0.33044,-0.048332
1960,-0.37752,-0.21557,0.16509,-0.13032,-0.1587
1960,0.28657,0.028526,-0.16609,-0.084611,-0.035342
1960,-0.42714,0.25102,-0.044529,-0.1996,-0.15134
1944,0.31288,0.13666,0.21589,-0.19702,-0.2318
1944,-0.25218,0.13377,-0.1134,-0.17659,-0.33182
1944,0.27054,0.064614,0.17203,-0.046133,-0.31624
1944,0.23148,-0.010432,0.12603,-0.21931,-0.32924
1943,0.22396,-0.0094852,-0.039917,-0.11036,-0.22455
1943,0.30997,-0.10306,0.01139,-0.16587,-0.29142
1943,-0.44652,0.036192,0.0010855,-0.19379,-0.20919
1943,0.36542,-0.086311,-0.0054626,-0.11732,-0.24607
1963,-0.54761,0.11657,0.02759,-0.28802,-0.038896
1963,-0.5066,0.33436,-0.025046,-0.0092441,-0.12039
1963,-0.50003,0.3153,-0.0020071,-0.22906,-0.098006
1963,0.41089,-0.099831,-0.0013749,-0.20114,-0.2463
1957,-0.54084,0.10403,0.068616,0.048198,-0.16459
1957,-0.63045,0.23177,-0.025544,-0.19004,-0.1392
1957,0.33617,0.10066,0.29882,-0.051868,0.1305
1957,-0.47123,0.18053,0.082679,-0.20612,-0.34955
1942,0.27925,-0.0055059,-0.017859,-0.19254,-0.31534
1942,-0.29911,-0.051534,0.18855,-0.22105,-0.045389
1942,0.23215,-0.061599,-0.087848,-0.39013,-0.11078
1942,0.35137,-0.09096,-0.10732,-0.18895,-0.21128
1935,-0.45425,-0.12997,0.096731,-0.32464,-0.11774
1935,0.30697,0.011017,0.17106,-0.25004,-0.2017
1935,-0.49464,0.22685,-0.016973,-0.38349,-0.051281
1935,-0.58184,-0.37465,0.21549,-0.13144,-0.068889
1953,-0.62894,-0.14855,0.085042,-0.22528,-0.046934
1953,-0.63229,-0.08906,0.060223,-0.21454,-0.064496
1953,0.41113,0.045748,-0.058092,-0.13849,-0.042268
1953,-0.61709,-0.038886,0.039065,-0.24512,0.011611
1938,0.65359,0.10539,0.20723,-0.20865,-0.19989
1938,0.54153,-0.058473,0.1023,-0.19496,-0.013741
1938,0.47604,-0.076951,0.096245,-0.15115,-0.21826
1938,0.45596,0.09109,0.10479,-0.10141,-0.21567
1972,-0.39596,0.051479,0.11159,-0.23656,-0.14818
1972,0.60772,-0.0037121,0.011856,-0.18118,-0.24524
1972,-0.53873,0.092376,0.092344,-0.19224,-0.15641
1972,-0.45807,-0.056126,0.13259,-0.1534,0.042097
1984,-0.36312,0.076651,0.14374,-0.1988,-0.10613
1984,-0.37414,0.09032,0.12659,-0.12744,-0.24022
1984,-0.42887,-0.04339,0.035149,0.0054093,-0.06953
1984,-0.3416,0.059938,-0.043158,-0.25155,-0.16481
1976,0.60733,-0.00088898,0.11711,-0.21423,-0.21313
1976,0.54475,0.10069,0.27489,-0.10656,-0.083108
1976,0.49697,-0.0031815,0.1476,-0.17061,-0.31555
1976,0.5569,-0.041618,-0.015158,-0.25847,-0.29228
1958,-0.57987,-0.030627,0.067228,-0.1918,-0.24993
1958,-0.46697,0.096456,0.00076867,-0.20452,-0.15099
1958,-0.35582,0.062109,0.1206,-0.0042183,-0.0053015
1958,-0.59805,-0.33492,0.17321,-0.2647,0.0048769
1980,-0.40314,0.19655,0.11196,-0.031497,-0.30866
1980,-0.44834,0.084344,0.048184,-0.18877,-0.15543
1980,-0.3129,0.0017262,-0.13359,-0.1776,-0.12154
1980,0.46808,0.066067,0.022902,0.034839,0.12779
1979,-0.63105,0.047632,0.032601,-0.34166,-0.020111
1979,-0.60308,0.013574,0.023091,-0.25784,-0.0075893
1979,-0.4543,0.12807,0.0035328,-0.31041,-0.1332
1979,-0.54265,0.20635,-0.012652,-0.22236,-0.1521
1977,-0.59836,-0.0097883,0.072306,-0.16781,-0.14635
1977,-0.41769,-0.041839,0.15537,-0.26908,-0.17463
1977,-0.4539,0.015525,0.016373,-0.26145,-0.098194
1977,-0.3582,0.21611,0.065425,-0.27773,-0.18626
1973,-0.50144,-0.030324,0.037788,-0.24783,-0.16244
1973,-0.49177,0.0038901,0.071157,-0.10081,-0.13672
1973,-0.65023,-0.18832,0.11959,-0.22602,-0.069499
1973,-0.64464,-0.015783,0.041938,-0.23346,-0.094224
1934,-0.55068,0.24599,-0.030494,-0.29983,-0.0052643
1934,-0.56535,-0.043348,0.11239,-0.1562,-0.14176
1934,-0.61603,-0.028653,0.063343,-0.32701,0.01659
1934,-0.45127,0.027391,0.12834,0.0049314,-0.36356
1950,-0.60351,-0.14205,0.10903,0.098439,-0.25823
1950,-0.58736,-0.027929,-0.0080106,-0.23065,0.00028758
1950,-0.47937,0.0692,0.030651,0.071159,-0.29014
1950,0.24794,0.043436,0.15114,-0.036434,0.2433
1975,-0.40421,-0.13993,0.03211,-0.11919,-0.28033
1975,-0.47127,0.15423,0.10244,-0.32595,-0.12586
1975,-0.49835,-0.033539,0.12023,-0.092662,-0.19219
1975,-0.50776,0.081932,0.10778,-0.23941,-0.27118
1940,0.45138,-0.1579,-0.30043,-0.13684,0.061155
1940,0.4338,-0.17009,-0.30001,-0.049804,0.08289
1940,0.49466,0.045281,0.38063,-0.16994,-0.19632
1940,0.53873,0.011109,0.15175,-0.14365,-0.16448
1968,0.51863,0.027752,0.032465,-0.16662,-0.2534
1968,-0.57325,0.30959,-0.072521,-0.1108,-0.099976
1968,0.56762,0.16216,0.32492,-0.029671,0.040577
1968,-0.56801,-0.32572,0.20547,-0.25994,0.0041996
1981,0.50037,-0.23487,-0.4451,-0.021589,0.046075
1981,0.47149,0.20957,0.33255,0.11676,0.26719
1981,0.48013,-0.25798,-0.46292,0.00025374,0.074984
1981,0.57155,0.061265,0.10473,-0.22129,-0.19648
1960,-0.43723,-0.074218,0.014223,-0.054532,-0.15063
1960,-0.38325,-0.064743,0.012394,-0.0033781,-0.14153
1960,-0.39376,-0.0086411,-0.092741,-0.15454,0.0044172
1960,0.44127,0.050195,0.17361,-0.070131,-0.095664
1991,-0.64577,-0.14349,0.14882,-0.1368,-0.16135
1991,0.37819,0.008528,0.076082,-0.10275,-0.1744
1991,0.45704,-0.082049,-0.017332,-0.091158,-0.095337
1991,-0.47282,-0.31862,0.2112,0.1714,-0.19659
1989,0.42723,-0.0037268,-0.12318,0.006601,-0.030813
1989,-0.49356,0.18465,-0.040873,-0.08241,-0.026458
1989,0.30548,-0.16394,-0.23981,-0.12328,-0.22269
1989,0.53876,-0.16672,-0.18921,-0.051695,-0.10777
1949,-0.59185,-0.023566,0.019189,-0.33468,0.079362
1949,-0.58469,0.20275,-0.043566,-0.22203,0.031804
1949,-0.58162,-0.10946,0.10398,-0.36695,0.11559
1949,-0.59278,-0.038763,0.066569,-0.37056,0.11734
1943,-0.035974,0.018134,0.16343,-0.20549,-0.2824
1943,0.51089,-0.1961,-0.19867,-0.14518,-0.22459
1943,0.60285,0.081901,0.099166,-0.18677,-0.05501
1943,0.61137,0.037764,0.083007,-0.17997,-0.090237
1939,-0.53992,0.050104,0.10181,-0.069244,-0.0084919
1939,-0.56377,0.16594,0.014744,-0.18292,0.014846
1939,-0.51446,-0.19803,0.09168,-0.069559,-0.0035896
1939,0.48838,0.12942,0.25904,-0.074645,-0.14749
1974,-0.54476,0.078616,0.066397,-0.20656,-0.17996
1974,-0.52164,-0.041501,0.068448,-0.19593,-0.17286
1974,-0.56516,-0.059164,0.094422,-0.12374,-0.1367
1974,-0.56104,0.018285,0.088115,-0.11742,-0.10573
1982,0.31381,-0.054413,0.10694,-0.17934,-0.32609
1982,0.28594,-0.03108,0.010749,-0.24951,-0.25031
1982,0.32244,0.033705,0.10619,-0.15291,-0.30648
1982,0.2904,-0.026206,0.064292,-0.18506,-0.34527
1988,0.45433,0.06828,-0.017705,0.11074,0.22643
1988,0.56857,0.00056897,-0.004034,0.044736,0.15222
1988,-0.33888,0.24544,-0.064047,-0.17054,-0.057324
1988,0.4339,-0.04005,-0.021091,0.17991,0.25036
1983,-0.53979,0.0032406,0.090892,-0.20494,-0.11861
1983,-0.59449,0.0090827,0.012146,-0.23203,-0.065931
1983,-0.36985,0.093264,-0.015451,-0.16686,-0.27943
1983,-0.44966,0.16564,-0.077017,-0.19986,-0.10219
1978,-0.64385,-0.027539,0.10035,-0.18551,-0.14293
1978,-0.56118,0.27266,-0.030298,-0.25033,-0.089282
1978,-0.41814,-0.17123,0.091158,-0.16669,0.097391
1978,-0.50648,0.13895,0.053303,-0.26193,-0.032914
1969,-0.5889,-0.3311,0.18579,-0.24611,0.031605
1969,-0.4295,0.19618,0.03072,0.29369,-0.1475
1969,-0.41943,0.017013,0.046063,-0.090485,0.0027729
1969,-0.49255,-0.19251,0.14424,0.21452,-0.16941
