0.0002206,-0.0007111,0.00040847,0.00071195,0.0031125,0.0012572,0.0051104,0.0042971,-0.0059281,0.0016208,0.0059281,0.0020133,-0.00064423,0.0004802,0.00066638,0.00049774,0.0041245,-0.00051012,0.0054324,0.0042877,0.29137,0.21585,0.29701,0.23347,-0.28245,0.21967,0.29017,0.22337,-0.0070998,0.0035537,0.0070998,0.0037272,0.0010522,0.0022841,0.0041546,0.002809,0.23322,-0.20779,0.26873,0.22458,-0.25107,-0.2401,0.25223,0.2421,-0.0045673,-0.0015785,0.005587,0.0054856,0.00011248,0.00048383,0.00068989,0.00051111,-0.0017575,0.0041459,0.0055879,0.0051374,-0.00027879,0.0016873,0.0012891,0.0018296,-0.00020986,-1.262e-05,0.00070284,0.00046009
-0.0010318,-0.0004844,0.0013642,0.0011939,0.0026991,-0.001052,0.0036902,0.0040936,0.0019416,0.0038388,0.0048891,0.011056,0.00041873,8.9724e-05,0.0004869,0.00033985,-0.0028829,0.0029143,0.0082809,0.0082844,0.27378,0.2412,0.28727,0.2489,-0.1839,0.23719,0.28213,0.30845,0.0013128,0.0043584,0.017425,0.024246,-9.0288e-05,0.0022508,0.0070713,0.01124,0.21478,-0.20306,0.27164,0.26252,-0.19725,-0.25501,0.23074,0.26144,0.005471,-0.0037049,0.010789,0.0076765,-0.0005799,-0.00016521,0.00098021,0.00077514,0.002942,-0.0025548,0.0067412,0.0062234,-0.0016294,0.0081097,0.0050631,0.0091659,0.003142,0.00076361,0.0035857,0.0025934
0.00015459,-0.00054839,0.00034747,0.00092451,-0.0035752,-0.0022138,0.004626,0.003654,0.0072282,-0.0022729,0.0093471,0.012977,-0.0009575,-0.00014321,0.0010176,0.0016107,-0.0034436,0.020126,0.016055,0.030363,0.24454,0.19652,0.24879,0.22327,-0.20413,0.2263,0.2767,0.29432,0.0039712,-0.0075478,0.013687,0.015094,-0.0067957,-0.018272,0.031022,0.02138,0.2325,-0.14426,0.38096,0.22117,-0.25284,-0.20874,0.30551,0.24243,0.0035994,0.00044906,0.014904,0.012641,-0.0004549,-0.0001553,0.00078621,0.00059224,0.00036699,-0.0042528,0.011645,0.0084504,0.0031918,-0.0070659,0.010629,0.013719,0.00018029,-0.00027837,0.00081328,0.00084027
0.0017162,0.0013453,0.0024177,0.0024422,-0.0055661,0.014826,0.012044,0.015246,0.00010478,0.0097936,0.0059646,0.010889,0.0021509,0.0035115,0.0032059,0.003816,0.00010665,-0.0046121,0.0034059,0.0078218,0.28677,0.18982,0.30979,0.24518,-0.28195,0.20887,0.29114,0.24733,0.014523,-0.012998,0.021525,0.017105,-0.010754,0.00091847,0.020616,0.017192,0.25389,-0.19298,0.27324,0.22069,-0.256,-0.20863,0.25839,0.22854,0.0034211,0.0014259,0.0046988,0.0063713,0.0003832,-0.00088247,0.0017826,0.0015255,0.0071934,-0.0068016,0.0096236,0.010034,-0.0037631,-0.0025129,0.0077658,0.0034984,0.00036746,-0.00057417,0.00059235,0.00060769
0.0015239,-0.004206,0.0035263,0.0068606,-0.017321,0.023609,0.033036,0.041454,-0.0006809,-0.0029587,0.0060979,0.0073122,0.0020775,0.0014856,0.0024689,0.0033052,0.0029529,-0.0044602,0.01083,0.0060564,0.24023,0.11647,0.3542,0.29963,-0.1656,0.14296,0.38695,0.26134,-0.0086326,-0.028239,0.02736,0.07095,-0.007993,0.0013634,0.0092553,0.0053368,0.23949,-0.19732,0.24559,0.20837,-0.254,-0.18318,0.27382,0.23068,0.014095,0.0073319,0.015919,0.013267,-0.0010332,-0.00028508,0.0013556,0.00083894,-0.0032615,0.013167,0.0157,0.016868,0.037511,0.04711,0.045876,0.055924,-0.0067826,0.0036335,0.0082137,0.0073423
-0.00039512,0.00053114,0.00076516,0.00077718,0.006297,-0.00073516,0.008482,0.0081932,0.011268,0.0059264,0.016021,0.009765,0.00026349,0.0093759,0.003062,0.0098846,-0.0026284,0.00026261,0.0085495,0.0095828,0.26614,0.22363,0.27518,0.24254,-0.20137,0.18225,0.28815,0.24151,0.022943,-0.041301,0.036952,0.046444,-0.010211,0.0063288,0.011226,0.0081346,0.24768,-0.1177,0.33469,0.33234,-0.2291,-0.19059,0.23727,0.26086,0.031974,0.0067666,0.047619,0.037121,0.0011718,0.0056695,0.0071482,0.0093305,0.0082087,-0.030985,0.041465,0.044726,-0.016816,-0.0025041,0.035936,0.015828,-0.0021248,0.0031217,0.0030509,0.0046578
-0.0027023,-0.0078375,0.0068905,0.0087699,0.0055414,-0.0012044,0.045831,0.045069,-0.019618,-0.025072,0.038618,0.030367,0.0041123,-0.0008737,0.0077447,0.0043043,0.0086002,-0.0067308,0.019327,0.015161,0.16666,0.11031,0.32037,0.37857,-0.18689,0.193,0.2453,0.23455,0.0084707,-0.023505,0.041182,0.025601,-0.011756,0.012843,0.019656,0.018694,0.26661,-0.17761,0.27547,0.25075,-0.21753,-0.016063,0.38136,0.26406,-0.00076021,0.0021989,0.02273,0.012149,-0.0048526,-0.0028532,0.0095206,0.0047636,0.018926,-0.011709,0.02481,0.01831,-0.0084988,-0.042248,0.050881,0.056846,0.0026563,0.0017784,0.004736,0.0050755
0.0016955,0.0049734,0.0024624,0.006008,-0.0010501,0.0097357,0.011067,0.017744,0.0014418,-0.0079475,0.0049118,0.010031,-0.0017123,7.1317e-05,0.0025049,0.0031485,-0.0035966,-0.029564,0.024739,0.046898,0.18316,0.16662,0.28948,0.29421,-0.24464,0.22521,0.27642,0.27644,-0.0016401,-0.0024225,0.011591,0.010618,-0.0033789,0.0063652,0.0070317,0.013745,0.27146,-0.19457,0.28389,0.23062,-0.25957,-0.21045,0.28263,0.24935,0.0023904,0.00055312,0.011545,0.014694,-0.0001412,-0.00010404,0.00078634,0.00085808,-0.0009338,0.0079613,0.0088225,0.012759,-0.0030127,0.0036159,0.0085809,0.0078196,0.00043366,0.0019426,0.0012225,0.0023641
-0.002473,0.0010422,0.0040537,0.0040991,-0.015864,-0.016593,0.029197,0.025777,0.012641,-0.012664,0.024514,0.01863,-0.0008505,-2.5821e-05,0.0021277,0.0016316,-0.026201,-0.016766,0.048913,0.036809,0.16538,0.16223,0.31597,0.21937,-0.19573,0.19229,0.29158,0.27979,0.010917,-0.0054939,0.015801,0.011606,-0.026827,0.0030879,0.032425,0.021301,0.25497,-0.13493,0.30094,0.20402,-0.25151,-0.16047,0.38699,0.29714,0.014554,0.016819,0.038561,0.029067,-0.0015475,0.0037981,0.0035623,0.0048121,-0.0084866,0.025333,0.016648,0.032336,-0.00047655,0.0011114,0.026214,0.028545,-0.0034031,-0.0028815,0.0055151,0.0030788
-0.0015277,0.0027562,0.0078534,0.0037297,0.016298,0.017772,0.038802,0.018543,-0.025262,0.003337,0.027838,0.011574,0.00056384,-0.00095583,0.0020574,0.0010796,-0.016683,-0.020669,0.036456,0.024024,0.17616,0.034484,0.3414,0.14067,-0.17508,0.20547,0.27357,0.29739,0.0012582,0.0075783,0.02056,0.012698,-0.040491,0.012804,0.054153,0.017883,0.3292,-0.025239,0.34809,0.10651,-0.16752,-0.17216,0.47629,0.19762,-0.056398,0.0052089,0.067189,0.01546,-0.00090883,-0.002139,0.0092094,0.0044392,0.028562,-0.0085684,0.049891,0.026353,-0.0341,0.0048966,0.060207,0.026545,-0.0019717,0.0004809,0.0085335,0.0053964
0.00032765,-0.0018067,0.0037402,0.0031887,-0.01781,-0.016105,0.032055,0.018166,-0.0021531,-0.0053976,0.013479,0.0083971,0.0059994,-0.00091807,0.0072642,0.0012622,-0.027775,0.0033101,0.035443,0.017522,0.14846,0.13374,0.20432,0.18927,-0.10349,0.22577,0.31205,0.25373,0.014032,0.0070329,0.032944,0.02413,-0.02869,0.024837,0.067022,0.037302,0.34858,-0.057001,0.43069,0.11502,-0.29098,-0.056227,0.37813,0.2495,0.033062,0.010813,0.1098,0.028837,-0.00019268,-0.0019034,0.011768,0.0024365,0.035568,0.024317,0.065376,0.026598,-0.054412,-0.01837,0.059413,0.022623,0.0077879,-0.0013634,0.0099242,0.0018617
0.00072911,-0.0010234,0.00075512,0.0012157,-0.0014715,-0.0040712,0.01524,0.011375,0.010576,0.04098,0.024286,0.047519,0.0015962,0.00054074,0.0031397,0.0038831,-0.00037092,-0.0027864,0.0033436,0.0042552,0.40824,0.08904,0.4206,0.139,-0.22683,-0.026073,0.37718,0.23376,0.0067216,0.015769,0.027887,0.032538,0.0069299,0.017901,0.0097129,0.020063,0.14701,-0.1438,0.23194,0.25362,-0.14783,-0.24262,0.18886,0.29833,0.038048,-0.013439,0.05237,0.027828,-0.00022362,-0.0028393,0.00057366,0.0031003,-0.0052956,-0.0059541,0.0071614,0.014214,0.01217,0.011851,0.016059,0.013937,-0.0022265,0.0019724,0.003963,0.0046359
0.0036386,-0.0013643,0.0036591,0.0017041,0.0023955,0.0024648,0.0052114,0.01029,-0.00025152,-0.0054651,0.0052353,0.0085179,-0.00023483,8.4244e-05,0.00067351,0.0011333,-0.00057504,-0.0080444,0.0085964,0.0085532,0.27789,0.094858,0.28476,0.19439,-0.066761,0.27049,0.10477,0.34641,0.0086224,0.044666,0.021153,0.050858,-0.00019674,-0.0013754,0.0032002,0.0068435,0.30341,-0.11552,0.36424,0.13586,-0.153,-0.35558,0.19258,0.35656,0.020898,-0.033335,0.021924,0.066799,0.00031172,6.7185e-05,0.0003358,0.00037363,0.015771,-0.020304,0.03009,0.020776,0.0018543,0.00045157,0.033257,0.017725,0.0058114,-0.00025156,0.0066907,0.004723
0.0031497,-0.0058915,0.0047943,0.0063632,-0.024523,0.00818,0.047631,0.029692,-0.00080875,0.015081,0.057273,0.018269,-0.00034519,0.0029497,0.0024644,0.0035731,0.00028547,0.0066088,0.005636,0.0079188,-0.14721,-0.22629,0.253,0.28407,0.22336,-0.071113,0.48239,0.18143,-0.00066728,-0.013038,0.02769,0.030078,0.010217,0.017636,0.01971,0.032112,-0.17544,0.21033,0.25163,0.22,0.15118,0.076554,0.42368,0.22422,0.0081794,0.0013353,0.013953,0.021252,0.0057196,-0.00011634,0.0090406,0.0044488,-0.021572,-0.0055579,0.040542,0.020586,-0.0064937,-0.0021896,0.029224,0.02583,0.0034912,-0.00040874,0.0037162,0.0013163
-0.0034339,0.00026465,0.0034339,0.00095756,0.0025895,0.0066683,0.022971,0.0084988,-0.0011521,0.0045098,0.012073,0.0096488,0.00093613,-0.00079312,0.0012982,0.0013098,-0.020097,-0.0038042,0.020097,0.0044733,0.30717,0.13196,0.4032,0.1569,-0.2916,0.12273,0.35708,0.16927,0.019448,0.026007,0.029476,0.027642,-0.03247,-0.0037101,0.032662,0.0097779,0.21232,-0.17002,0.29709,0.22054,-0.086145,-0.12076,0.34624,0.28758,-0.0018135,-0.0064473,0.032902,0.023955,-0.0042214,0.0010918,0.0042214,0.0015128,0.0069355,0.013538,0.011291,0.013903,0.0078487,0.0014059,0.013061,0.0084835,-0.001955,-0.00071649,0.0019959,0.00090615
-0.0028141,-0.0019005,0.0043494,0.0022171,0.0018377,-0.010727,0.020665,0.013323,-0.0012318,-0.0086222,0.019073,0.011173,0.0017719,-0.0016606,0.0032209,0.0037985,-0.040769,0.0067082,0.059874,0.017666,0.19942,0.10653,0.25155,0.2246,-0.12025,0.27571,0.40288,0.35164,0.036814,0.017387,0.060505,0.051683,-0.040474,0.012245,0.053327,0.017165,0.19401,-0.00068423,0.40838,0.18818,-0.034524,-0.14673,0.25457,0.32746,-0.0015498,-0.0059545,0.032329,0.021095,-0.004196,-0.0014026,0.0047621,0.0023752,0.015287,-0.0081968,0.027134,0.015677,-0.0038434,0.0090518,0.023232,0.027494,-0.0015082,0.0013022,0.0037523,0.0024256
0.00056795,-0.00054154,0.00099336,0.0012835,-0.0060367,-0.016296,0.0093723,0.017977,0.0037073,-0.050486,0.012202,0.053317,-0.00023958,2.0966e-05,0.0013602,0.0019748,-0.0016418,-0.016778,0.032758,0.027518,0.23972,0.10197,0.43566,0.33103,-0.086363,0.28588,0.12652,0.34566,-0.0043166,0.010081,0.016251,0.029624,-0.024472,0.045562,0.036743,0.046081,0.11594,-0.078032,0.3256,0.28511,0.011904,-0.2244,0.19998,0.30422,-7.9456e-05,-0.0070099,0.0059664,0.014651,-0.0057683,-0.00259,0.0061906,0.0055945,-0.022832,0.0075428,0.023351,0.013807,0.015337,0.0081944,0.016088,0.010666,0.00099252,0.000197,0.0010679,0.0003865
-0.0012146,-0.0014415,0.0017222,0.0018061,-0.010154,-0.0020614,0.020525,0.010144,-0.0057486,-0.001106,0.019821,0.015057,0.00044826,-0.00018341,0.0012885,0.0011656,5.6895e-05,-0.0013152,0.0076526,0.012922,0.20478,0.14637,0.24323,0.28485,-0.25624,0.26667,0.30306,0.29224,0.0091736,0.0048366,0.019616,0.0096344,-0.004772,-0.005151,0.0077186,0.0069402,0.25932,-0.19963,0.27855,0.23606,-0.20921,-0.18844,0.30452,0.25937,-0.0019304,-0.0014791,0.0085985,0.0034116,-0.00048479,-0.0001195,0.0015272,0.0008677,0.0038709,0.0026095,0.007207,0.0085099,0.0058001,0.00029477,0.0075025,0.004306,-0.0010681,0.00021085,0.0013204,0.0011003
-5.3651e-05,0.0007263,0.0012295,0.0012031,0.0085264,0.0039723,0.016095,0.010147,0.007738,0.0015392,0.012561,0.0087937,0.00026213,-0.0013702,0.00074585,0.0015911,-0.0062039,0.004375,0.010096,0.010778,0.24542,0.24326,0.27467,0.26661,-0.18479,0.22589,0.3082,0.33429,0.0063061,-0.00012293,0.0073179,0.007743,0.00075513,0.00045786,0.0088074,0.0060027,0.29946,-0.16622,0.32687,0.17482,-0.24995,-0.15089,0.25514,0.18497,0.001432,0.0010915,0.014296,0.0087277,0.001228,-0.00083385,0.001315,0.0014564,0.011133,-0.01055,0.01519,0.014214,-0.00029474,-0.0059118,0.021486,0.011087,-0.0012887,-0.0002991,0.0030639,0.0016062
-0.00061182,1.0573e-05,0.0011576,0.00021792,-0.040261,0.00051635,0.042668,0.0087064,0.048402,0.025845,0.049913,0.029641,0.0017324,0.0035764,0.0020697,0.0035875,-0.0076811,-0.00068998,0.0079935,0.0041351,-0.32084,0.081849,0.35793,0.11373,0.42959,-0.049535,0.43204,0.060011,0.002645,0.0045972,0.006683,0.0046079,-0.0054472,-0.0045673,0.011062,0.011935,-0.14943,0.24474,0.1869,0.26355,0.18004,0.19423,0.21359,0.24274,0.0075607,0.0016728,0.0082694,0.0019395,0.0002533,0.00027871,0.0015147,0.00059163,-0.0003993,0.0020107,0.0040281,0.004039,0.0034231,0.0052476,0.005101,0.0053528,0.00029923,0.00020702,0.00064223,0.00034836
-0.0006768,-0.0054382,0.0053093,0.0072457,0.015622,0.013456,0.08026,0.035673,0.03116,-0.00065889,0.03116,0.00926,2.2976e-06,5.2756e-05,3.4528e-05,7.1204e-05,0.019265,0.022221,0.049533,0.072738,-0.12995,-0.088527,0.42872,0.25106,0.3238,-0.13012,0.36644,0.13425,0.00107,-0.00039681,0.0012201,0.00076419,0.028659,-0.010495,0.043507,0.041686,-0.060219,0.10358,0.26414,0.33547,0.23539,0.087799,0.34444,0.19153,0.0016411,-0.00026251,0.0018232,0.0010084,0.004053,-0.00069027,0.010939,0.0018966,-0.027228,-0.026048,0.04349,0.067484,0.037441,-0.032801,0.043966,0.058183,0.00025073,-0.00037423,0.00031786,0.00037423
0.001734,0.00029054,0.010264,0.0060862,-0.0053043,-0.01147,0.023602,0.066559,0.019963,0.019704,0.071881,0.065095,0.00052538,0.00019187,0.00054337,0.00024698,0.025584,0.0043718,0.075063,0.024125,-0.042182,-0.12542,0.23741,0.33901,0.20529,-0.059189,0.33159,0.25234,0.0018131,3.9289e-05,0.0018774,0.00095149,0.0062483,0.0081033,0.052547,0.026405,-0.12173,0.17959,0.25764,0.47229,0.2642,0.12399,0.33854,0.13799,0.0012626,-0.0017339,0.0014845,0.0021145,0.00022513,-0.00093461,0.0081937,0.0022529,-0.020183,-0.028573,0.036646,0.05202,0.048517,-0.016708,0.048517,0.017229,0.0003228,-7.6724e-05,0.00033067,0.00021566
-0.0068994,-0.0013903,0.010005,0.0022466,0.024205,0.014469,0.039264,0.036767,0.01669,-0.01142,0.027178,0.012633,0.00049729,-0.00048899,0.00049829,0.00051164,0.0057549,-0.0042321,0.013505,0.02694,-0.16111,-0.16844,0.22894,0.24813,0.16497,-0.15613,0.2742,0.24413,0.02472,-0.017651,0.024752,0.018716,0.011239,-0.017894,0.048246,0.043993,0.060094,0.019421,0.41723,0.28979,0.069551,0.058103,0.57885,0.13142,0.0070803,-0.0012357,0.03235,0.015302,-0.0044588,0.0018239,0.0084076,0.0042086,0.023407,0.0083185,0.040934,0.024634,0.0025688,0.0030459,0.072178,0.018697,-0.003706,-0.0024611,0.0074172,0.0033016
-0.005777,-0.0052475,0.00766,0.0095537,0.01238,-0.056951,0.020842,0.070963,0.03096,-0.018231,0.042381,0.019975,6.1207e-05,7.4575e-05,0.00013761,0.00012551,-0.030101,0.027196,0.032034,0.053434,0.031079,-0.027443,0.14829,0.45791,0.31649,-0.052281,0.3684,0.16995,-4.6726e-05,0.00043814,0.00056037,0.0012361,0.014603,-0.01327,0.02458,0.042757,-0.10476,0.16281,0.18311,0.42905,0.28293,0.06498,0.28866,0.21146,0.0011155,-0.00035494,0.0020585,0.00069461,0.0047533,-0.00071071,0.0059097,0.0026245,-0.0066565,0.0097537,0.058732,0.049615,0.035814,0.021585,0.045784,0.028683,1.547e-05,-0.00013491,6.7068e-05,0.00017921
-0.0010728,-0.0003318,0.0024018,0.0025429,0.0039972,0.0038834,0.0096127,0.012589,0.0061241,0.01132,0.015525,0.015904,0.0026903,0.00091338,0.0030875,0.0016841,-0.00073267,-0.0009992,0.014436,0.010865,0.33259,0.13451,0.38379,0.20346,-0.15519,0.1932,0.33025,0.25576,0.016032,0.016849,0.019177,0.017736,-0.013493,0.0048503,0.032798,0.017055,0.3274,-0.14674,0.33073,0.18737,-0.071325,-0.14965,0.3132,0.19912,0.0077811,0.0033479,0.011639,0.0096469,-0.0015446,0.00051054,0.0049586,0.0021905,0.0061774,0.0042444,0.02164,0.016094,0.021191,-0.0020521,0.050614,0.0060366,0.00053329,-2.7108e-05,0.0015801,0.00083557
0.0018623,-0.0016983,0.0027333,0.0021609,0.010737,-0.00214,0.014979,0.010657,0.0096661,-0.004723,0.014891,0.01095,-0.0014399,0.00025309,0.0015224,0.0011616,0.012156,-0.015494,0.014859,0.015613,0.31481,0.011761,0.34465,0.18376,-0.1147,0.03763,0.20801,0.18918,0.0043642,-0.0067186,0.010503,0.015365,-0.0011956,0.0072516,0.022972,0.034744,0.27027,-0.19439,0.35802,0.30281,-0.204,-0.30274,0.28872,0.31614,0.01684,-0.027288,0.019058,0.028475,-0.00040645,0.0019541,0.0022043,0.0022589,-0.0010047,0.0097239,0.015085,0.015407,0.0031788,0.0008248,0.018004,0.01359,0.0024692,0.00017444,0.0032629,0.0021999
-0.0020426,-0.00054888,0.002479,0.0015362,0.00040164,-0.011177,0.010851,0.011944,0.0105,-0.00034853,0.011832,0.0056961,0.0019743,0.00097013,0.0029259,0.0013986,-0.014258,-0.0067332,0.016279,0.01223,0.28084,0.1194,0.33343,0.21668,-0.11123,0.14812,0.2654,0.17896,0.0079952,-0.0017232,0.010761,0.0078581,-0.007411,0.0017318,0.011505,0.010776,0.343,-0.099889,0.46756,0.17259,-0.183,-0.1702,0.34867,0.20153,0.01402,0.003595,0.018459,0.0080649,-0.001245,0.00043544,0.0027276,0.0014326,-0.01327,0.0054368,0.082132,0.013456,0.022187,-0.014332,0.024404,0.016677,0.0043699,-0.00032908,0.0063084,0.0021148
0.00046939,0.0024796,0.0032414,0.0051599,0.0011501,-0.0058521,0.063528,0.028203,-0.0030194,-0.00077304,0.024893,0.021045,0.0019098,0.00052877,0.0022154,0.0019781,0.0050624,0.010558,0.015928,0.02143,0.25334,0.080982,0.44478,0.18446,-0.18946,0.2118,0.37558,0.2894,0.011252,0.010222,0.014069,0.016757,-0.0062822,-0.0061798,0.018115,0.017398,0.27046,-0.090095,0.33209,0.20801,-0.11761,-0.076791,0.27816,0.22222,0.0020951,0.010308,0.016934,0.012993,-0.0027808,0.0029414,0.0060536,0.0041109,0.014146,0.013547,0.021679,0.014943,0.0097106,0.0071825,0.016156,0.012421,0.00025061,-0.001011,0.0012431,0.0022868
-0.0005445,0.00036686,0.0011611,0.0010549,-0.00080045,0.0012434,0.0084919,0.010505,0.004402,0.0016475,0.013109,0.013615,0.00028731,-0.00046161,0.00072683,0.0010293,-0.0012617,-0.0018014,0.007474,0.006904,0.25136,0.1095,0.4245,0.24587,-0.25258,0.1211,0.28759,0.19533,0.0066067,0.0013252,0.021952,0.02135,-0.00039118,0.0044306,0.0074964,0.010624,0.19361,-0.11553,0.41744,0.28205,-0.2239,-0.15395,0.26584,0.18208,0.0023889,-8.7262e-05,0.01197,0.016972,-0.00066826,-0.00014956,0.0020596,0.00094123,-0.0030523,-0.0020504,0.0087936,0.0067378,0.0024323,0.0026024,0.0066512,0.0068941,0.00025197,0.0011733,0.0035128,0.003699
-0.0042382,-0.0013594,0.0051051,0.0016401,0.020279,0.015359,0.02091,0.016604,-0.0045495,0.011,0.014212,0.012611,-0.00029941,0.00053382,0.0027448,0.0022956,0.0043894,-0.0027401,0.030441,0.0089109,0.37546,0.077707,0.40049,0.1105,-0.23899,0.19826,0.27765,0.21956,-0.0037361,0.0058334,0.011757,0.016602,0.0019474,-0.00030093,0.011662,0.0067637,0.23625,-0.14028,0.31087,0.21497,-0.047129,-0.234,0.31998,0.26981,-0.019651,-0.0031523,0.024129,0.013329,0.00075768,0.00010078,0.0010366,0.00067303,-5.3209e-05,-0.011561,0.0092491,0.01535,0.024989,-0.0015398,0.046652,0.011095,-0.0014069,-0.0014399,0.0016371,0.001842
-0.0060262,-0.0014368,0.0070077,0.001539,0.033821,0.011945,0.034456,0.017402,0.0078192,0.029377,0.034234,0.030096,0.0015733,0.00019774,0.0030953,0.0029122,-0.038182,-0.00041039,0.049382,0.0099462,0.3981,0.038798,0.40023,0.12371,-0.13561,-0.08256,0.29642,0.23398,-0.015051,-0.0092302,0.031986,0.015156,-0.02822,-0.0021728,0.039987,0.0058303,0.18325,-0.15792,0.33399,0.17872,-0.023328,-0.24532,0.34472,0.31334,-0.024413,0.0014734,0.028622,0.023316,-0.0033259,-0.00028792,0.0056523,0.00132,-0.0067994,-0.001246,0.014727,0.0074281,0.010358,-0.0086134,0.01308,0.019623,0.0026792,-0.00087343,0.0036455,0.0020716
-0.0052418,-0.0022353,0.0058786,0.0024803,-0.00489,-0.0076132,0.083989,0.027118,0.030051,0.023829,0.041858,0.024854,-0.0012593,0.00072261,0.0038167,0.0009997,0.017885,0.0025604,0.054815,0.015373,0.073907,0.0032121,0.52904,0.20764,0.095012,-0.07779,0.3546,0.27847,-0.0084339,0.0022621,0.017431,0.0062517,-0.035312,-0.011119,0.079439,0.022082,0.081178,-0.15043,0.39113,0.27541,0.15192,-0.10874,0.31266,0.17852,-0.010227,0.00090656,0.034744,0.0058577,-0.0085924,-0.0023687,0.011741,0.0031266,0.011331,0.0024545,0.019153,0.011576,0.042642,0.006923,0.047514,0.014837,-0.0047704,-0.0011304,0.005909,0.0013939
-0.0036476,-0.0016485,0.0039652,0.0016682,-0.004627,-0.051672,0.049057,0.054917,-0.003033,-0.021486,0.033206,0.0249,-0.00043153,0.00069416,0.003453,0.0011941,-0.030564,-0.008565,0.030564,0.008565,0.27939,0.11721,0.36395,0.18012,-0.19195,0.12772,0.43098,0.16833,-0.012815,0.00626,0.037456,0.0088865,-0.026466,-0.0029812,0.027809,0.0049675,0.25494,-0.12384,0.33721,0.145,-0.17066,-0.15333,0.39591,0.18207,0.0031909,0.0062218,0.041869,0.008741,-0.0029162,-5.0429e-05,0.0038253,0.0010665,-0.002494,-0.0026468,0.0092411,0.0078923,0.016729,0.00069773,0.021412,0.003998,-0.00022019,0.00029357,0.0093182,0.0012155
-0.0015615,-0.0004048,0.0016529,0.00087765,0.006228,-0.029618,0.043919,0.035843,-0.017142,-0.011141,0.065424,0.025202,0.00063333,-0.00011298,0.00551,0.0010744,-0.027746,-0.010499,0.030651,0.011046,0.1739,0.057207,0.37842,0.23715,-0.063389,0.086494,0.46583,0.20321,-0.034064,0.010656,0.061079,0.014327,-0.044768,-0.0065621,0.047712,0.0083899,0.20724,-0.14666,0.30851,0.1656,-0.040439,-0.16011,0.46946,0.18186,-0.022416,0.01432,0.059798,0.014996,-0.0073203,-0.00067832,0.0074182,0.00084728,-0.0029902,0.0014168,0.015428,0.0075179,0.035586,0.0043324,0.0449,0.010306,-0.0028349,0.0016268,0.0081179,0.0020687
-0.0020999,0.00092695,0.0049768,0.0020751,-0.022675,-0.02844,0.06979,0.042042,0.024165,0.002437,0.02419,0.0034032,0.0033515,0.00034131,0.0035599,0.00046685,-0.016363,0.0024099,0.035884,0.018289,0.21749,0.17778,0.31732,0.23913,-0.083983,0.14287,0.35296,0.16555,0.01545,-0.00040255,0.016122,0.0034688,-0.0091247,0.0017082,0.017816,0.0098248,0.24164,-0.084771,0.32383,0.15248,-0.11842,0.027648,0.57903,0.14953,0.01088,-0.00026022,0.012915,0.0057839,-0.00050327,-0.00012749,0.0017143,0.0010017,0.0022671,-0.0012541,0.019515,0.0092375,0.019324,-0.019487,0.057649,0.025908,0.0011752,-0.00018345,0.0018209,0.00070965
-0.0059249,0.0010666,0.0059728,0.0012031,-0.0054028,0.0059218,0.0075732,0.0088671,0.046531,-0.0054188,0.049284,0.0089495,-0.0081839,0.00057678,0.013769,0.0011197,-0.019486,0.013089,0.024517,0.013481,0.096491,0.22712,0.2279,0.23225,0.083526,0.22306,0.36354,0.23838,-0.04433,-0.0044809,0.066574,0.0069477,-0.0037606,-0.00051655,0.014768,0.0052465,0.26581,-0.05579,0.49242,0.13343,-0.15704,-0.0034117,0.44028,0.053967,-0.038027,-0.014955,0.067048,0.016744,0.00046656,-0.0011017,0.0015652,0.0011567,0.015418,-0.0023746,0.06334,0.011839,-0.011134,-0.0085295,0.0864,0.011931,-0.0040109,-0.00075889,0.0088982,0.001178
-0.0009508,0.00084457,0.0072138,0.0093822,0.019219,0.0011317,0.048994,0.038726,-0.0041695,-0.012525,0.032228,0.034159,0.0012063,-0.0037586,0.0061044,0.0053677,0.033282,-0.0038311,0.05905,0.03442,-0.14524,-0.20071,0.34382,0.3535,0.22465,-0.15059,0.25907,0.27383,-0.065003,-0.0038466,0.08354,0.026501,0.025813,0.02011,0.049236,0.040205,-0.11294,0.17106,0.27205,0.38405,0.17111,0.1712,0.27094,0.2066,-0.031503,-0.0025165,0.046308,0.050718,-0.0095515,-0.00066658,0.010722,0.0033056,0.039145,0.0048511,0.050264,0.038087,-0.01118,-0.002637,0.017975,0.011917,-0.002384,0.0078895,0.0062314,0.011177
0.0014398,-0.0022841,0.0040275,0.0072676,0.02302,-0.0051481,0.03626,0.061652,-0.013294,0.0014975,0.02384,0.035903,0.00024941,-0.00025295,0.0029595,0.0091872,0.00034605,0.020604,0.050615,0.068604,-0.078717,-0.056725,0.48109,0.33484,0.18516,-0.081733,0.29485,0.2519,0.0024908,-0.0081238,0.026125,0.040277,-0.027478,-0.036445,0.041721,0.049424,-0.018707,0.15452,0.31666,0.29618,0.10722,0.12691,0.3213,0.27384,0.0018799,0.019974,0.02053,0.036737,0.0016811,0.0085448,0.0053779,0.0089746,0.0028816,-0.049741,0.039504,0.07049,0.024795,-0.0046309,0.031997,0.018804,-0.0010736,-0.0005739,0.0015838,0.0039723
0.0061052,0.0011986,0.0093067,0.0073564,-0.013266,0.0036255,0.044219,0.02208,0.0062512,0.0016947,0.03547,0.046004,0.00072414,-0.0029555,0.0063012,0.0045446,-0.028936,0.020041,0.05238,0.046544,-0.072084,-0.080969,0.39202,0.30979,0.12658,-0.1308,0.33201,0.2686,-0.012364,-0.014852,0.040031,0.035359,-0.034312,-0.031489,0.054998,0.043561,-0.074519,-0.018256,0.40623,0.3424,0.083676,0.082885,0.37386,0.22262,-0.017796,-0.01628,0.041637,0.025113,0.0024687,0.006189,0.00667,0.0094843,-0.0046488,0.016813,0.033977,0.040262,-0.014049,-0.023016,0.031148,0.031809,0.0035718,0.0040191,0.0041443,0.0044815
0.0028333,0.0002544,0.010027,0.0065377,0.034587,-0.015176,0.071972,0.030732,-0.016641,0.027194,0.046219,0.068487,-0.00011169,0.0031224,0.0068603,0.0054656,0.002241,0.02045,0.025868,0.025523,-0.18063,-0.082104,0.30466,0.33326,0.22944,-0.16556,0.26277,0.20574,-0.033857,0.0016163,0.03819,0.055336,0.0029282,-0.024473,0.022795,0.037549,-0.16359,0.10758,0.30239,0.36893,0.20429,0.021672,0.33908,0.30135,-0.050255,-0.012919,0.067043,0.057923,0.002553,0.0031255,0.011236,0.0054209,-0.017874,-0.0030974,0.070524,0.024189,-0.00088773,-0.0028929,0.079563,0.051893,-0.0022198,-0.0058126,0.0067227,0.011981
-0.0017193,0.0075152,0.0063841,0.0078709,0.011353,-0.002705,0.0206,0.012822,0.044242,-0.0081159,0.059693,0.016496,-0.0084871,0.004479,0.01112,0.0046108,0.0011777,0.014175,0.038974,0.022283,-0.26628,0.1668,0.27624,0.17399,0.44174,-0.056581,0.44255,0.07363,-0.020815,0.011173,0.0222,0.019875,0.041121,-0.017584,0.041402,0.017613,-0.18575,0.2395,0.22741,0.26026,0.18024,0.18837,0.23108,0.21379,-0.017939,-0.0035594,0.018614,0.0058876,0.012336,-0.002884,0.012353,0.0050774,0.0070515,-0.0043741,0.022773,0.0055195,-0.011736,-0.0032365,0.011789,0.0076084,-0.00064772,-0.00036864,0.0008868,0.0007896
0.00014401,-0.0004207,0.00040532,0.0005297,0.00097604,-0.0013626,0.0036697,0.0033126,0.02064,-0.0021017,0.027589,0.010696,-0.0029451,0.0023413,0.0061273,0.0036992,-0.0013696,-0.0012784,0.002094,0.0020037,0.25722,0.15948,0.25988,0.17808,-0.17997,0.17099,0.30747,0.20387,0.056231,-0.0024338,0.088582,0.014586,-0.00043822,0.0004617,0.0016576,0.0024239,0.42064,-0.090945,0.42458,0.10474,-0.2256,0.17144,0.29233,0.19622,0.067778,0.0099177,0.075248,0.016814,-0.0012534,0.0013135,0.0012614,0.0016592,0.054616,0.005561,0.055321,0.023395,0.0089056,-0.0024838,0.025071,0.0098259,-0.0018319,-0.0012574,0.0018345,0.0015884
-0.00028993,-0.00032417,0.00055455,0.00046746,0.029787,-0.0017012,0.054804,0.0085842,-0.034514,0.007613,0.036819,0.010979,0.00011976,-5.0069e-05,0.00067268,0.00042785,0.0015084,-0.0075501,0.0052246,0.010226,0.40807,0.017956,0.45605,0.13086,-0.36092,0.083765,0.37539,0.12471,-0.0043996,-0.0052512,0.01498,0.0091943,-0.00095753,0.021082,0.0059432,0.02798,0.1628,-0.056727,0.22335,0.3078,-0.14677,-0.14322,0.18467,0.22695,0.0013189,0.0076113,0.006226,0.016331,-0.0013778,0.0012201,0.0015073,0.004002,-0.013718,0.013602,0.016724,0.037161,0.0020838,0.017569,0.0079178,0.03054,-0.0016416,0.0046078,0.0021419,0.0050225
0.0001246,0.00012348,0.00063361,0.00059528,0.012283,-0.013816,0.012591,0.014877,0.019981,-0.016438,0.023919,0.02208,-0.0019237,0.0017088,0.0026935,0.0032546,0.002648,-0.0041202,0.004892,0.0056689,0.30249,0.18955,0.32012,0.22045,-0.15138,0.13268,0.38325,0.22553,0.0027189,-0.002741,0.017057,0.012954,0.0008838,0.0034008,0.0049025,0.0075585,0.26587,-0.20386,0.29868,0.25343,-0.16478,-0.20422,0.29855,0.23307,0.024507,-0.0027218,0.027428,0.0085931,-0.0013809,0.00062063,0.0015406,0.000761,0.001493,-0.010403,0.006651,0.011625,0.0114,-0.002574,0.011449,0.0086523,0.0024699,-0.0028348,0.0033852,0.0028515
-0.00053653,9.677e-05,0.00084201,0.00045552,0.016169,-0.0051021,0.067723,0.025482,0.00072613,0.013523,0.062893,0.044818,-0.0061894,0.0035064,0.0062127,0.0037539,0.0012206,0.0030948,0.0038937,0.0053267,0.29898,0.05239,0.40629,0.10285,-0.16278,0.022915,0.56808,0.15356,-0.04716,0.0023426,0.047682,0.015049,-0.0061918,-0.0019109,0.007384,0.0068228,0.079672,-0.13975,0.2392,0.20569,0.022661,-0.12172,0.38729,0.21646,-0.033825,-0.020292,0.039868,0.029566,-0.00067884,0.00043678,0.00069946,0.00097076,-0.0026869,0.0083336,0.0061127,0.010401,0.0028712,-0.00045645,0.011682,0.015159,-0.0001867,0.0010209,0.00075262,0.0017188
0.00056269,0.0019208,0.0084191,0.0093326,0.018924,-0.011904,0.026849,0.016069,-0.0025271,-0.0011776,0.027998,0.012533,-0.00047828,0.00117,0.0031091,0.0012058,0.0052186,-0.0083102,0.022468,0.039759,-0.049752,-0.17425,0.19865,0.27579,0.071104,-0.15373,0.20947,0.226,0.010095,0.0084806,0.012354,0.016434,0.0058469,0.011863,0.026323,0.040291,-0.296,0.050602,0.45444,0.18879,0.34049,0.0017807,0.49841,0.13229,-0.0025648,-0.026774,0.015137,0.029895,-0.0034742,-0.0046208,0.0079842,0.0050419,0.012713,-0.0075868,0.025207,0.015678,-0.0070338,0.0063462,0.042389,0.031313,-4.5048e-06,0.00023024,0.00092143,0.00071889
-0.0071958,-0.0017766,0.010926,0.0034492,0.025859,0.028533,0.027067,0.035505,-0.0079457,0.028302,0.013479,0.040074,0.0012655,0.0048902,0.00297,0.005213,0.0165,0.008919,0.067176,0.024901,-0.093179,-0.13639,0.28654,0.19092,0.17978,-0.1698,0.2256,0.18045,-0.0061397,-0.0057185,0.02034,0.011823,0.042561,-0.0010298,0.052022,0.013786,-0.30587,-0.13052,0.45458,0.16936,0.39028,0.086971,0.41163,0.10415,0.0019472,0.006187,0.031321,0.0080258,0.0028307,-0.002288,0.0048597,0.0027822,0.0063356,0.00075805,0.049184,0.016028,0.025004,-0.017681,0.031945,0.020091,0.0050051,-0.0006489,0.0052295,0.0021589
0.0004581,-0.0026367,0.0037541,0.0036371,0.023077,-0.029624,0.056274,0.039047,0.0013922,-0.010705,0.038922,0.050537,0.0019707,-0.01126,0.0035552,0.011805,0.0044647,0.0089455,0.0094827,0.012225,0.2232,0.081849,0.35501,0.26605,-0.012336,0.032579,0.31545,0.27668,-0.058865,0.018801,0.14333,0.041385,0.004791,-0.0049939,0.0056899,0.0075856,0.26343,-0.10561,0.4253,0.26977,-0.18244,-0.18052,0.28576,0.21086,0.020627,-0.0033895,0.058533,0.040941,-0.00023187,-0.00015923,0.00045824,0.00072961,0.0061161,-0.0037923,0.0084485,0.0071306,0.00065215,-0.011497,0.0067883,0.01195,0.00072618,-0.00075245,0.00074012,0.0017886
0.0010402,0.00018687,0.0024578,0.0024787,-0.0013877,0.0059288,0.0060656,0.0070314,0.0031214,0.0035694,0.017392,0.013473,0.00078476,0.003192,0.0052983,0.0032206,0.017213,0.002751,0.022647,0.010832,-0.16608,-0.22297,0.17476,0.2312,0.27636,-0.06173,0.31781,0.17642,-0.0042018,0.0021203,0.0051533,0.0027483,0.010095,0.017368,0.013804,0.027654,-0.16274,0.33261,0.17102,0.38334,0.22084,0.11925,0.46027,0.18759,-0.00013954,0.00037604,0.00115,0.00079549,0.00012632,4.4499e-05,0.00014765,0.00014475,-0.00011321,0.0001482,0.00059653,0.00049712,0.00028905,-4.9855e-05,0.00098493,0.0010977,-3.709e-05,2.2213e-06,9.5372e-05,2.2022e-05
0.0018241,0.0062289,0.0025597,0.007021,-0.0039072,-0.01167,0.039975,0.037275,0.0047628,0.0031517,0.0099262,0.0069029,-0.0012964,0.0015835,0.0021318,0.0023881,-0.0057233,0.0018966,0.0059488,0.0048154,-0.13703,-0.1613,0.29919,0.23205,0.10879,-0.1965,0.22182,0.26085,-0.0055863,-0.005507,0.0068891,0.0067246,-0.0091613,-0.00054398,0.0093895,0.003164,-0.37248,0.062152,0.42502,0.093808,0.3212,-0.031183,0.40676,0.17624,-0.0014821,-0.0066096,0.017745,0.030487,-4.4714e-05,-2.3022e-05,0.00027374,0.00019405,-0.030249,0.0072711,0.032574,0.010793,-0.0086341,0.0054837,0.043226,0.045349,0.0024577,-0.0062375,0.0030041,0.0078358
0.0013947,-0.0021554,0.0021935,0.005077,-0.00069733,0.0033441,0.012882,0.019961,0.0030567,0.016823,0.011617,0.019595,-0.0017803,0.0050111,0.0019801,0.0061973,0.0097716,0.0041799,0.016104,0.017632,-0.13767,-0.14181,0.29277,0.31281,0.34032,-0.085127,0.34331,0.166,-0.00048559,0.0083373,0.00095501,0.008566,-0.0053086,-0.027963,0.010007,0.048353,-0.057128,-0.008387,0.40869,0.27459,0.33776,0.085912,0.34411,0.088125,-8.2129e-05,-0.00062178,0.00047969,0.00084925,0.0010381,0.013535,0.00151,0.013535,0.027437,0.058549,0.027448,0.058805,0.018681,0.01481,0.018979,0.01533,-1.3091e-05,-4.6365e-05,8.7485e-05,7.1676e-05
0.00060899,0.002539,0.0034253,0.0050382,-0.0018795,0.0048707,0.016228,0.010034,-0.00018985,-0.0013718,0.031799,0.016044,0.0012232,0.0060235,0.0026591,0.0061494,0.0074045,-0.010649,0.0096431,0.014896,-0.080212,-0.16275,0.31,0.29274,0.17392,-0.13147,0.33091,0.1762,0.00073787,0.0012493,0.0021862,0.0019841,-0.0040582,0.0010705,0.015766,0.03041,-0.20902,-0.0057788,0.41399,0.22343,0.3498,0.098956,0.4172,0.12902,0.00063229,-0.00027869,0.00068429,0.00095867,-7.3909e-05,-0.0081385,0.0018072,0.01472,0.015292,0.01314,0.018981,0.039507,0.031748,0.022244,0.033546,0.024485,0.00022746,-1.0045e-05,0.00023837,0.00021819
0.0029005,0.0016271,0.0031243,0.0023761,0.010434,0.022804,0.022668,0.024177,-0.024106,0.051703,0.024914,0.056363,-0.0066575,0.015009,0.0066966,0.015009,0.021604,0.0035044,0.02178,0.013277,-0.21081,-0.19971,0.3904,0.2132,0.29024,-0.15755,0.29824,0.19029,-0.0052252,0.010814,0.0066447,0.016161,0.0019344,0.0063162,0.012788,0.012293,-0.16564,0.20534,0.36709,0.22084,0.25779,0.15836,0.28304,0.20617,-0.0014946,-0.009555,0.0056451,0.010059,-0.0016372,-0.00034082,0.0026243,0.0024222,0.012885,-0.0015542,0.023128,0.0043206,-0.028605,-0.03027,0.03351,0.034033,0.0008046,-0.0036476,0.0021342,0.0046428
0.00028679,0.00054503,0.00041719,0.0013705,-0.0046791,0.014785,0.0050697,0.014785,-0.001357,0.022133,0.0089342,0.024316,0.00067468,0.0028066,0.0010916,0.0032724,0.0033234,-0.0086041,0.0095456,0.066987,-0.087398,-0.34017,0.10421,0.38396,0.20188,-0.19606,0.21248,0.21393,-0.0076407,9.5477e-05,0.0085569,0.004772,-0.0093494,0.0090015,0.010403,0.014323,-0.26134,0.15217,0.26134,0.22831,0.37959,0.064921,0.41038,0.072935,-0.024053,-0.0065798,0.02621,0.0080399,-0.00096564,0.00034211,0.0012647,0.00106,-0.027153,0.0086778,0.03009,0.018676,0.043104,0.0086914,0.043239,0.0094907,-0.0042236,0.00065301,0.0043544,0.00070922
-0.0015073,-0.0088135,0.0017761,0.0089096,0.023767,-0.039152,0.038543,0.039183,0.02946,-0.010131,0.031403,0.010791,0.00059099,-0.00038649,0.00092878,0.00071194,0.00010039,0.0074027,0.011706,0.015121,0.0027596,0.035147,0.13901,0.10398,0.43987,-0.12362,0.4647,0.13463,0.0036772,0.013075,0.014142,0.023829,0.010312,0.028068,0.018663,0.028297,0.057543,0.27888,0.1391,0.27888,0.32843,0.21526,0.34348,0.24665,0.0098652,0.026281,0.009893,0.026837,0.00074972,0.0055102,0.0017653,0.0058676,-0.0014141,0.014838,0.0081803,0.021601,0.017357,-0.0042656,0.026897,0.017278,0.0013847,-0.00041694,0.0014263,0.00091358
0.0011556,-0.00028481,0.001873,0.0010324,0.067796,-0.011071,0.067796,0.015933,0.014712,-0.014348,0.015762,0.014657,-0.0048591,-0.0054133,0.004962,0.0054133,0.016708,0.0079234,0.025271,0.013256,0.46502,0.041879,0.46502,0.060557,-0.13359,-0.15946,0.2006,0.18047,-0.040011,-0.029758,0.040691,0.031452,0.0095199,0.0048606,0.014746,0.008399,0.2593,-0.12036,0.29968,0.17031,-0.21429,-0.25392,0.21429,0.26072,-0.017022,-0.018618,0.017439,0.020742,-0.0026566,0.0085566,0.0048467,0.010532,-0.00035116,0.0074189,0.015232,0.036708,-0.014367,0.0024944,0.016913,0.014241,-0.001315,-0.00017799,0.002302,0.0017826
-0.00043349,0.00062189,0.0015258,0.0022888,0.020681,0.0021095,0.051547,0.011599,-0.0052436,0.013031,0.038953,0.043347,-0.00089732,-0.0022412,0.0058879,0.012082,0.0013329,-0.0012281,0.049805,0.069597,0.069301,0.054859,0.41789,0.32601,-0.16176,0.18452,0.22709,0.32295,0.011311,0.00086885,0.038021,0.059557,-0.0042671,-0.021697,0.0088191,0.02609,0.12829,-0.095834,0.23612,0.31471,-0.053157,-0.23205,0.34808,0.33287,-0.0029231,-0.004412,0.043108,0.058384,0.00012928,0.00015938,0.00021601,0.00022299,-0.0015843,-0.00013466,0.0029333,0.0020707,0.0033937,-0.00082927,0.0092104,0.0028662,-0.00035636,-6.9299e-05,0.00068298,0.00035283
-0.00033286,-0.0001159,0.00063803,0.00021953,0.061464,0.011725,0.061871,0.012522,0.013614,0.005293,0.014859,0.0088978,-0.00078265,0.00050745,0.001438,0.0020974,-0.00032936,0.00010128,0.0010259,0.00083715,0.46598,0.097736,0.4667,0.09941,0.01691,-0.018701,0.052093,0.05097,-0.0018532,-0.00083661,0.0052334,0.0044852,0.0007985,-9.8799e-05,0.0014269,0.0015833,0.20927,-0.19263,0.21229,0.22034,0.007991,-0.40996,0.0519,0.42199,0.0016831,-0.061961,0.003521,0.062031,0.00074558,-2.8049e-05,0.00079644,0.0001787,-0.00021136,-0.0031804,0.003751,0.0038305,0.00054656,-0.0034766,0.0015087,0.003919,-0.00024091,-0.00011288,0.00051965,0.00028196
0.00013921,-0.00027543,0.00056857,0.00071363,0.00095462,0.0015726,0.001774,0.0034809,-0.00048812,0.00098764,0.0019131,0.0032799,0.001175,0.0026687,0.0011825,0.0027773,0.00069365,0.00033899,0.0051528,0.0058867,0.2184,0.20003,0.22682,0.21555,0.13342,0.38427,0.14066,0.38709,0.013244,0.030958,0.015251,0.035827,0.0020174,-0.0017739,0.0042724,0.0027132,0.46919,-0.098274,0.47518,0.10504,0.014636,-0.002494,0.031094,0.031818,-0.0022523,0.00061662,0.0042893,0.0026535,3.2201e-05,0.00017864,0.00010245,0.00024769,0.058047,-0.0091831,0.058391,0.010036,0.015189,-0.0075641,0.017759,0.008559,9.132e-05,-0.00066186,0.00039009,0.00078046
-0.00039962,0.0001199,0.0013744,0.00032702,0.00039373,0.0014262,0.0034428,0.0020763,-0.00035708,-0.00080115,0.0024373,0.0012784,-0.00011675,-6.1789e-05,0.00045631,0.00029443,0.0006022,-0.0011723,0.0022293,0.0024286,0.19638,0.17848,0.21179,0.1915,0.10701,0.3481,0.16171,0.40398,-0.075117,0.017651,0.08374,0.018567,-0.00055729,0.00011654,0.002344,0.001229,0.47792,-0.08124,0.48432,0.088399,-0.021768,0.015449,0.066753,0.032132,-0.09892,0.015261,0.10057,0.016002,-0.00015816,-8.2678e-05,0.00035573,0.00016371,0.063489,-0.0092435,0.064246,0.010362,0.0075988,-0.0011926,0.01085,0.0074615,-0.0086347,0.0021431,0.0087281,0.0022625
-0.005453,-4.2344e-05,0.0054615,0.00062273,0.047618,0.0013457,0.047767,0.0073853,0.0012989,-0.0021213,0.0049997,0.0027983,6.1545e-05,-5.5317e-06,0.00037227,0.00023764,-0.04685,0.0076535,0.049519,0.0090818,0.083148,-0.25526,0.40533,0.26461,0.27134,-0.18289,0.30121,0.20388,-0.00061716,0.0023691,0.0013908,0.0046749,-0.046876,0.015673,0.051677,0.018318,0.06227,0.12574,0.28933,0.17158,0.32312,0.16859,0.34724,0.21215,0.00070601,-9.4908e-05,0.0025296,0.002923,-0.0057556,-0.001638,0.0090275,0.0049121,0.042415,-0.020552,0.063112,0.023732,0.0035501,-0.010732,0.027937,0.013104,0.0023743,-0.00097916,0.0027965,0.0014877
-0.0002092,-0.00038397,0.00030372,0.00044164,6.1946e-06,-0.00099135,0.0029058,0.0018754,0.00070005,-0.0022276,0.0015773,0.00273,-0.00072819,8.2875e-05,0.00079201,0.00042533,-0.0013834,0.00026291,0.0029642,0.0014523,-0.1522,-0.21932,0.1649,0.23165,0.16156,-0.15746,0.16275,0.16945,-0.0015214,0.0013746,0.0022831,0.0022212,-0.0091855,-0.0065924,0.0097184,0.0073589,-0.39417,0.060484,0.43185,0.16217,0.42028,0.050458,0.42038,0.055185,-0.00011257,-0.001304,0.0015173,0.0014098,-0.01096,-0.0038196,0.011214,0.006326,-0.0054218,0.0056475,0.072428,0.028085,0.042759,0.015918,0.043966,0.016318,-5.1895e-05,0.00017902,0.00019528,0.00019528
-3.1724e-05,-1.1994e-05,6.8923e-05,1.9373e-05,-0.01073,-0.018033,0.031195,0.020785,0.0049039,-0.0044234,0.075118,0.023923,0.00020331,1.0766e-05,0.00020331,1.0766e-05,-0.0017154,-0.0013047,0.0041219,0.001515,-0.17265,-0.08112,0.42794,0.19384,0.22736,-0.049512,0.30866,0.15487,0.0011074,0.00015554,0.0015717,0.00015554,-0.044002,-0.005829,0.045629,0.0097815,-0.06948,0.05624,0.54655,0.2988,0.24201,0.12797,0.24876,0.12823,0.0014509,0.00057248,0.0014509,0.00057248,-0.0026825,0.00095823,0.0028244,0.001005,0.017416,-0.02108,0.07202,0.03731,0.014707,-0.0068841,0.016117,0.010164,0.00041514,-0.0001007,0.00041514,0.00015001
-0.00034632,-0.00014178,0.00034711,0.00014881,-0.048444,0.026287,0.053973,0.026347,0.045605,0.0087304,0.065435,0.014436,-0.00015825,-3.9015e-05,0.00024589,5.4164e-05,-0.017041,-0.013543,0.017041,0.014928,-0.27998,-0.12316,0.34496,0.19642,0.298,-0.015396,0.30939,0.19805,-0.00021558,5.3346e-06,0.0013455,0.00010913,-0.086322,-0.012571,0.086678,0.030474,-0.061066,0.0024166,0.48024,0.22664,0.29668,0.094465,0.30441,0.095272,8.381e-05,0.00015276,0.0014692,0.00015276,-0.0096387,0.001323,0.010661,0.0025529,0.032224,-0.036191,0.069695,0.042441,0.020605,0.0020491,0.021524,0.0041936,1.1678e-05,-3.07e-07,0.00031843,2.5874e-05
-2.5691e-05,-0.0005579,0.00061719,0.00080886,-0.0017928,-0.0043598,0.014921,0.014874,0.067051,-0.008296,0.076951,0.010232,0.0006935,0.0001858,0.00072815,0.00051167,0.0067734,0.014125,0.0089339,0.017321,-0.080293,0.016353,0.12142,0.076776,0.43078,-0.090047,0.46829,0.094789,0.00031856,0.00027585,0.0034949,0.0015793,0.0065667,0.040431,0.010657,0.058724,0.0070026,0.36712,0.054588,0.47053,0.16871,0.20031,0.2099,0.24845,0.001894,0.00070675,0.0032579,0.0042137,5.8117e-05,9.9154e-05,0.00032038,0.00064541,-0.0010215,0.003775,0.0047491,0.0072297,-0.00040823,0.0016056,0.0040665,0.0057562,0.00043666,-8.4416e-05,0.00053648,0.0004254
-0.0012753,-0.0045444,0.001952,0.0046154,-0.0015393,-0.006748,0.019109,0.022082,0.0082254,0.010663,0.012398,0.01405,-0.00061605,0.0019417,0.0022838,0.0026443,0.016529,-0.031087,0.032059,0.055607,-0.044085,-0.29344,0.11075,0.47396,0.20461,-0.1221,0.23608,0.31064,0.0028112,-0.0024935,0.0076596,0.0075921,-0.0050124,0.012741,0.022198,0.054871,-0.078265,0.087364,0.13323,0.20661,0.36839,-0.023617,0.47955,0.093643,0.0011786,0.002767,0.0037672,0.0040048,-0.0063355,0.0025803,0.0072468,0.0032053,0.016656,-0.022574,0.026321,0.029827,0.026477,-0.00083303,0.049756,0.021647,-0.00027589,-0.00022063,0.0007518,0.0003185
0.00095463,0.0014458,0.0014859,0.0018793,-0.0090918,0.0012539,0.01435,0.02495,0.00037269,0.0035472,0.01254,0.023507,0.0012175,0.00077999,0.002687,0.0018383,-0.059291,-0.0016275,0.063177,0.013359,0.030611,-0.25067,0.16432,0.42744,0.1982,-0.11395,0.24664,0.31817,-0.0028596,0.00128,0.0070486,0.0062328,-0.024583,-0.0053447,0.028993,0.0096406,-0.09586,0.011503,0.25035,0.28039,0.33498,0.024356,0.46193,0.12619,-0.0042466,0.0017992,0.0051179,0.00412,-0.0001127,0.00038185,0.0015728,0.00072343,-0.023984,-0.0011434,0.034978,0.014264,0.050245,-0.024119,0.050675,0.026467,-0.00022778,-0.00012635,0.00050354,0.00032901
0.0014367,-1.9319e-05,0.0025672,0.00056419,0.019463,-0.0030137,0.021347,0.0050204,-0.019334,-0.0042122,0.044846,0.00713,-0.0011072,0.00010452,0.0019692,0.0017062,0.0023373,-0.00014891,0.01258,0.0045822,0.33019,0.055016,0.3694,0.080623,-0.33204,0.11969,0.44332,0.12843,-0.012165,0.00093153,0.017134,0.0054075,-0.0029374,0.0015365,0.0089175,0.0033024,0.24983,-0.02842,0.40157,0.084114,-0.21583,-0.086009,0.27978,0.17009,-0.011619,0.0066079,0.015278,0.010465,-3.1088e-05,0.00042989,0.0018384,0.00078774,0.033412,0.013291,0.06474,0.022268,-0.033695,0.016354,0.041905,0.029739,0.00012477,-1.7588e-05,0.0011488,0.00098925
-0.0047906,0.00062201,0.0055259,0.0011953,-0.019772,-0.010942,0.03434,0.013476,0.043687,-0.01309,0.05107,0.019735,-0.0048382,0.00089352,0.0070478,0.002317,-0.022944,-0.010629,0.042452,0.022825,-0.22892,0.056801,0.2927,0.098858,0.38465,-0.046043,0.41644,0.10062,-0.014131,0.0057102,0.080031,0.010987,-0.00035153,0.021143,0.017485,0.035457,-0.11438,0.2485,0.37584,0.28118,0.14902,0.20795,0.27724,0.23361,-0.014359,0.0084278,0.059569,0.011731,0.0013702,-0.0012723,0.0026091,0.0014445,0.0028281,0.0012267,0.0099472,0.0047934,0.0025871,0.0050115,0.01263,0.0065182,-0.0046777,0.00011043,0.0087525,0.0014109
-0.0063424,4.0793e-05,0.0065228,0.0013408,-0.011119,-0.0062325,0.035844,0.011086,0.043333,-0.0078844,0.048929,0.011964,-0.0022066,0.00038234,0.00326,0.0011517,-0.025109,0.00014179,0.033857,0.0054761,-0.22152,0.031512,0.4516,0.04036,0.34536,-0.073471,0.3598,0.10443,-0.0019737,0.0039206,0.011818,0.0055543,-0.012083,-0.00083711,0.027411,0.0059978,-0.12213,0.068541,0.51504,0.10239,0.18046,0.091584,0.27372,0.22244,-0.0054617,-0.013939,0.011026,0.020633,-0.0019415,-0.00035625,0.0019415,0.00066816,-0.0096045,-0.008272,0.059772,0.0089672,0.017594,-0.028854,0.049685,0.035842,-0.0036439,-0.001684,0.0048548,0.0023289
-0.00027813,6.6082e-05,0.00053185,0.00034906,0.0029283,0.00072691,0.0040261,0.0047232,-0.010726,0.010114,0.040585,0.011188,0.0004262,0.00036538,0.00098325,0.00061309,-0.0016889,0.0011132,0.0029807,0.0019494,-0.15558,-0.13204,0.18223,0.14451,0.15142,-0.14059,0.24818,0.1858,-0.0028214,0.00092409,0.0060699,0.0021501,0.0014413,-0.0002257,0.0032,0.0012586,-0.37401,-0.11517,0.41854,0.13888,0.42267,0.10849,0.44767,0.12192,-0.0021068,-0.0099042,0.012725,0.019626,-0.00058264,0.0005414,0.00061371,0.00055866,-0.0056961,0.0020919,0.085378,0.014758,0.028192,0.0045375,0.030706,0.0082093,-0.0025235,0.0016196,0.0027201,0.0020744
0.00078352,-0.00033247,0.0075845,0.0040548,0.029062,0.0064052,0.077477,0.022086,-0.0054699,0.0017902,0.028495,0.0074397,0.0018449,-0.00029448,0.0054094,0.00059544,0.018934,-0.012614,0.031207,0.022609,-0.081695,0.096149,0.42744,0.17675,0.2205,-0.097757,0.48091,0.18538,0.0017344,0.010829,0.03235,0.011707,0.019817,0.0047897,0.03303,0.012307,0.038079,0.16643,0.43391,0.25619,0.14164,0.18128,0.2182,0.21264,-0.021198,0.0082357,0.037641,0.0091307,0.0055071,0.0043283,0.0085358,0.004865,0.013209,0.017366,0.028637,0.018567,-0.010327,-0.00064915,0.01441,0.0036116,-0.00086072,0.00085621,0.0050385,0.0011256
-0.00068938,-0.0032332,0.0016613,0.0032569,0.0037635,-0.011606,0.028154,0.01391,0.061887,0.0066896,0.0707,0.021571,-0.0018309,0.0065984,0.0019555,0.0067673,0.0067202,0.0079213,0.011281,0.015245,-0.10967,0.039125,0.1338,0.099345,0.51558,-0.093658,0.51658,0.10517,-0.0018466,-0.0052563,0.0022127,0.0052624,0.017829,0.011751,0.026684,0.013428,0.069801,0.31039,0.17618,0.31039,0.20938,0.16865,0.22557,0.20368,-0.0015081,-0.0015471,0.0024209,0.0027581,0.0048471,0.0048934,0.0063184,0.0057127,0.0052797,-0.0039891,0.0099199,0.011421,-0.0033507,-0.0023971,0.0036096,0.0026665,-4.4776e-05,-0.00080545,0.00045891,0.00080545
-0.00077103,1.005e-05,0.00078078,0.00050131,0.0042667,-0.0063535,0.0062666,0.013845,-0.00085359,-0.00079317,0.0045011,0.0074386,1.684e-05,-5.7996e-05,0.00035732,0.00070358,-0.0037068,-0.011087,0.0057772,0.016907,0.21938,0.10368,0.32974,0.22246,-0.12761,0.2875,0.14554,0.31783,-0.00055576,3.5154e-05,0.0018716,0.0033729,0.0077764,-0.002537,0.012575,0.028893,0.45874,-0.050547,0.55282,0.087692,-0.029384,0.067338,0.046974,0.092834,-0.012869,0.051413,0.013617,0.054018,0.00025642,0.0020952,0.00092987,0.0025535,0.061693,-0.0069775,0.081993,0.028238,0.0023249,-0.0028501,0.0041738,0.0033035,5.2419e-05,-0.00060378,0.00022745,0.00064171
-0.0002809,0.0072762,0.0022225,0.01065,-0.0099673,0.074032,0.028291,0.079422,0.052246,-0.0078496,0.053088,0.0091216,0.00031353,-0.00015159,0.00072275,0.00034864,-0.023998,0.01712,0.039877,0.056028,-0.0022491,-0.19361,0.16256,0.41856,0.23743,-0.092178,0.37947,0.12584,0.00069944,-8.6009e-05,0.0030184,0.0022295,-0.0099132,0.01098,0.010027,0.01107,-0.25676,0.22064,0.31079,0.22468,0.32455,0.070333,0.35324,0.10255,-0.0012383,-0.0012733,0.0050116,0.0021519,-0.00010955,9.8261e-05,0.00022587,0.00023046,-0.011078,0.010432,0.051306,0.012386,0.0072942,-0.0011764,0.034261,0.006996,-2.4744e-05,0.00043728,0.00070771,0.00076884
-0.00011359,0.00050127,0.00045061,0.0014632,0.0040257,-0.0088605,0.0075421,0.013405,-0.0012367,-0.0080288,0.0035146,0.010358,-9.9766e-05,-3.0101e-05,0.00040406,0.00039709,-0.016184,-0.0041482,0.016915,0.01253,0.21936,0.12372,0.26634,0.25038,-0.083477,0.33893,0.11758,0.35731,-0.0018412,0.0052956,0.0056824,0.0087084,-0.012687,-0.009644,0.020888,0.01644,0.47181,-0.077767,0.53058,0.098068,-0.0056963,0.023155,0.032955,0.042845,-0.013082,0.048329,0.013446,0.050342,-0.00045469,0.0018196,0.0015056,0.0039098,0.054261,-0.01431,0.067003,0.017498,0.018237,-0.008403,0.018245,0.008403,-0.00012989,-0.0001982,0.00023744,0.00035036
0.0023465,-0.005889,0.0052202,0.0071234,0.0068029,-0.0093561,0.035848,0.043882,-0.0013925,0.0014371,0.0187,0.0083418,-0.0015348,9.4172e-05,0.0022811,0.0015143,-0.014046,0.0066451,0.020769,0.021552,0.30491,0.081192,0.37707,0.18422,-0.1063,0.062044,0.1987,0.33245,-0.030033,-0.029804,0.033132,0.04662,-0.0077321,0.0060028,0.02347,0.02723,0.15562,-0.16596,0.2015,0.3508,-0.14599,-0.17043,0.44053,0.25295,0.015345,0.012944,0.023779,0.030195,0.00066268,0.008303,0.0041562,0.0089517,-0.018578,0.087112,0.038468,0.088035,-0.0086411,0.037212,0.039892,0.037749,0.0059996,0.0060527,0.0063429,0.0072329
0.00042868,-0.0029369,0.0014222,0.0037496,-0.00071655,0.043031,0.02174,0.056318,-0.013717,0.029579,0.015397,0.04274,0.00026825,0.0054436,0.0020908,0.0086342,-0.0040729,0.028379,0.018921,0.092108,0.01684,-0.11373,0.23342,0.35178,0.19604,-0.062837,0.23568,0.33015,-0.0030848,0.021774,0.009897,0.035731,0.02314,0.0088354,0.028232,0.041408,-0.19084,0.27969,0.23919,0.41127,0.21987,0.16518,0.24993,0.31157,-0.0091932,-0.0083307,0.0099316,0.015319,0.00231,-0.0061861,0.002649,0.012638,0.0023024,-0.0040177,0.01147,0.02412,-0.011447,-0.0032398,0.012082,0.016756,-0.0016974,-0.0043479,0.0018677,0.0046286
0.00034983,0.00036153,0.0023107,0.0010263,0.012581,0.016457,0.10106,0.022664,0.012945,-0.0013889,0.013228,0.0072524,-0.0013446,-0.0009204,0.001585,0.002049,-0.0016266,0.0011557,0.01814,0.011169,-0.31389,-0.026281,0.43225,0.12297,0.34064,-0.132,0.37208,0.19286,-0.021185,-0.0068718,0.030261,0.025756,0.00692,0.0011823,0.019169,0.010675,-0.21627,0.18781,0.26501,0.2279,0.19495,0.13989,0.27085,0.18954,-0.018418,0.0015086,0.038081,0.026942,0.0025875,-0.0014674,0.0026987,0.0019787,-0.0075274,0.0032661,0.0094712,0.008271,0.000564,-0.01314,0.025859,0.020148,-0.0011934,0.00019639,0.002379,0.0007014
0.00050558,0.0010177,0.001393,0.0028342,0.0046687,-0.0071536,0.0086912,0.014596,-0.00037815,-0.0031473,0.0071317,0.011947,0.00016365,2.4096e-05,0.00054279,0.00089119,-0.00076237,-0.026351,0.039719,0.072468,-0.14034,-0.17772,0.35888,0.23214,0.24619,-0.18875,0.27443,0.2346,-0.0020156,-0.0020496,0.0053009,0.0048625,0.035428,0.021539,0.051613,0.029267,-0.27125,0.14405,0.32732,0.18977,0.32522,0.1314,0.35638,0.19338,-0.0059147,-0.0030017,0.0096734,0.0096219,0.0027266,0.0023712,0.0039556,0.0026306,-0.0043669,0.0053323,0.0081701,0.014078,0.0063473,0.0092982,0.012979,0.015734,-0.00027713,0.00023202,0.0010659,0.0021435
-8.8347e-05,0.00025277,0.00038133,0.00081029,0.00077806,-0.0069648,0.0094909,0.0086956,0.0024103,0.0043942,0.0082323,0.0059075,-0.0017225,0.0015644,0.0025824,0.0027226,0.00060848,-0.0049403,0.0048003,0.0088986,-0.34406,-0.17406,0.36414,0.19914,0.35689,-0.17434,0.37522,0.18008,-0.0063025,-0.0060292,0.0088732,0.0086473,-0.0024201,-0.0011196,0.0099446,0.017663,-0.12802,0.14349,0.17642,0.3511,0.20626,0.13686,0.21025,0.21352,-0.0089032,-0.007341,0.01094,0.024008,0.0008403,-0.0021798,0.0013663,0.002641,-0.0093566,-0.009848,0.041816,0.02174,-0.004912,-0.013972,0.022255,0.021243,0.00021653,0.0014865,0.0051232,0.0078913
0.00075908,0.00012086,0.000816,0.0004917,9.4674e-06,0.000974,0.0019697,0.0031622,-0.00035508,-0.0033984,0.0025221,0.004607,-0.00081969,-0.0019805,0.0018095,0.0030865,-0.0085529,0.0012369,0.02398,0.035461,-0.048977,-0.33066,0.079832,0.39387,0.13223,-0.10886,0.25236,0.31977,0.0086657,0.0072457,0.010355,0.011439,-0.038857,-0.031753,0.051269,0.044241,-0.11398,0.13208,0.3073,0.21483,0.37641,0.0054608,0.44122,0.075985,-0.0021868,-0.0026586,0.0053125,0.005051,-0.0085954,0.0048984,0.0091949,0.0051219,0.020196,-0.0055368,0.039369,0.047305,0.026388,0.037439,0.027604,0.038596,-0.00088275,0.0006974,0.0011013,0.0015384
-0.0045734,0.003691,0.006766,0.0056377,0.012599,-0.026805,0.030189,0.032121,0.0095597,0.0026477,0.038477,0.0063703,-0.00014109,0.00033371,0.00033352,0.00059617,-0.008788,-0.010191,0.01446,0.043693,0.051195,-0.15036,0.2579,0.26659,0.25634,-0.17231,0.26422,0.21763,0.00012662,0.00046046,0.0030251,0.0016341,-0.0043016,0.018686,0.010538,0.020128,-0.23351,0.11582,0.26124,0.14482,0.45262,0.15061,0.45295,0.15239,0.00012012,0.00017157,0.002307,0.001644,-0.00024295,0.0011373,0.00057981,0.0012008,0.0084413,0.011914,0.05237,0.014835,0.015368,0.0041846,0.01645,0.0071819,-0.00010579,-0.00028294,0.00025038,0.00061418
-0.00043399,-0.00075339,0.0010989,0.0012084,-0.012116,0.012169,0.028449,0.046305,0.022055,-0.022711,0.052891,0.049682,-9.9228e-05,0.0015734,0.0022832,0.0034218,0.00037183,0.00053671,0.01135,0.010158,-0.2613,-0.12213,0.29214,0.23645,0.35485,0.024397,0.39131,0.13107,-0.00065111,0.0011056,0.0019546,0.0031212,-0.016643,-0.016594,0.040492,0.044549,0.041927,0.23081,0.19262,0.46263,0.13127,0.10726,0.23654,0.27098,0.0014951,-0.0064583,0.0039709,0.0070663,0.0050519,0.0035962,0.0061983,0.0042368,0.0015505,-0.0032856,0.009381,0.0049655,-0.0062599,0.0054704,0.006449,0.0069288,0.00038687,0.00096228,0.00097708,0.0030379
0.0011432,0.0041344,0.0068406,0.010944,0.023811,0.015109,0.027615,0.017236,-0.0026053,-0.00031005,0.0060529,0.0041039,0.0014588,0.000935,0.0022019,0.0021327,0.05663,-0.00017852,0.06123,0.049727,-0.22645,-0.25826,0.27778,0.27815,0.23112,-0.2184,0.2454,0.23445,-0.00057666,0.0020356,0.0078509,0.0054416,0.043282,-0.014596,0.051464,0.063576,-0.19206,0.16181,0.27133,0.34036,0.23658,0.2047,0.25329,0.23242,-0.0080965,-0.016212,0.011814,0.021066,-0.0010761,0.0019814,0.0021481,0.0033395,0.030601,-0.054234,0.037833,0.097331,0.016465,-0.045705,0.027833,0.054631,-0.0086575,-0.004517,0.013967,0.0088534
-5.3751e-05,7.2107e-05,0.00019172,9.1198e-05,-0.0020908,-0.0074268,0.0087039,0.0080262,0.014296,0.001785,0.015977,0.0033461,0.001663,0.00019261,0.016869,0.0036171,-0.010964,0.0054305,0.01163,0.0070609,0.18848,0.18548,0.19609,0.25589,-0.16445,0.26166,0.20832,0.28356,-0.0012654,-0.010965,0.016125,0.027889,-0.050301,0.033703,0.057366,0.038323,0.23523,-0.17815,0.26377,0.19586,0.0014799,-0.12689,0.47479,0.37405,-0.040447,0.033025,0.058922,0.065608,0.0011737,-0.00025664,0.0053209,0.0031641,-0.030853,0.023074,0.031983,0.024133,0.034671,-0.015492,0.059158,0.027069,-0.0066626,-0.0056138,0.0081401,0.0056361
-0.00070707,0.0004742,0.00096253,0.0007258,0.00018967,0.00028476,0.0029639,0.0020553,-0.0022744,-0.0023719,0.0033103,0.0032432,0.00023391,2.9035e-05,0.00042837,0.00043134,-0.00066182,-0.0044952,0.0065169,0.011043,0.23548,0.22823,0.26894,0.24628,-0.23947,0.22527,0.24641,0.23471,-0.00056872,0.00034062,0.0045448,0.002956,0.0010326,-0.00067318,0.0079404,0.0060796,0.2621,-0.20506,0.27499,0.21629,-0.18897,-0.14855,0.38759,0.29414,1.0167e-05,0.041675,0.030078,0.051024,0.00089266,0.0021843,0.0012569,0.0031693,-0.0012502,0.0030523,0.010978,0.0078445,0.018414,-0.01838,0.025629,0.01864,-0.0061679,-0.011976,0.0074205,0.012948
0.0073695,0.0032494,0.0082267,0.0051381,0.0028999,-0.041069,0.027221,0.059963,0.0088389,-0.029421,0.026313,0.03385,0.0010554,-0.0041092,0.0019434,0.0048738,0.079013,-0.02229,0.087338,0.037871,-0.15258,-0.09336,0.32304,0.36401,0.15202,-0.15524,0.30603,0.28661,-0.00016566,-0.034118,0.037559,0.054769,0.020153,-0.0063408,0.02696,0.0079697,-0.033069,0.14519,0.41076,0.21931,0.19656,0.21925,0.28045,0.22558,8.8693e-05,0.044584,0.014931,0.055928,0.00049413,-0.00020849,0.00071253,0.00057708,0.04159,-0.009344,0.047385,0.015168,-0.0106,-0.047061,0.059916,0.074418,-0.0073022,-0.0027926,0.0087169,0.0065332
-0.002752,0.0014196,0.0045187,0.001594,-0.01647,0.025304,0.04739,0.041024,0.046343,0.0042918,0.047814,0.010953,-0.00020286,-4.0445e-05,0.0003838,0.00031195,0.00067736,0.0020625,0.0094225,0.0074491,-0.1738,-0.16529,0.26634,0.25043,0.27198,-0.089417,0.42958,0.093993,-0.00037815,0.0011775,0.0018839,0.0022176,-0.044322,-0.01946,0.048096,0.043128,0.061069,0.12569,0.23287,0.38987,0.19356,0.038707,0.4833,0.11715,0.0013678,-0.0012505,0.0019914,0.0019576,-0.0022903,0.002597,0.0060302,0.0031467,0.0041603,0.0059038,0.025386,0.0097973,-0.0096303,-0.016247,0.057976,0.025518,0.00086034,-0.006208,0.0035016,0.0074615
0.00035985,1.3271e-05,0.0014105,0.00050476,-0.00042942,-0.0030866,0.0017411,0.0034588,0.022975,0.00085251,0.026768,0.0053457,2.2065e-05,3.856e-05,0.000409,0.00030301,0.014142,-0.014331,0.033069,0.018015,-0.098097,-0.19652,0.12789,0.21398,0.2986,-0.11241,0.31715,0.13061,-0.00064454,-0.00097462,0.0046212,0.003353,-0.016486,0.015691,0.042738,0.029995,-0.11865,0.19616,0.3491,0.2781,0.37592,0.051716,0.50323,0.080535,0.00034283,0.00097084,0.0019991,0.0019341,-0.00261,0.00020275,0.0034419,0.0026237,-0.021519,-0.00799,0.043503,0.015543,0.037085,-0.013817,0.059404,0.022192,-7.5541e-05,-7.672e-05,0.00025682,0.00018621
-0.0001357,-0.00049251,0.00084316,0.0006834,-0.042488,0.0099807,0.042488,0.013787,0.04977,-0.009989,0.053029,0.011595,-0.0021502,-0.00072324,0.0055572,0.0009199,-0.0026895,0.00079943,0.0050495,0.0031604,-0.017094,0.17744,0.29813,0.27267,-0.024055,0.21705,0.44115,0.26465,-0.011849,-0.0033258,0.038715,0.0069183,-0.00012783,-0.0015353,0.0046263,0.0034278,0.21271,-0.042149,0.31629,0.092753,-0.26121,-0.092521,0.4767,0.13749,-0.011233,0.00257,0.034047,0.0075625,2.0619e-05,-0.000232,0.00097704,0.00053974,0.0013727,0.004873,0.0082681,0.010053,-0.001835,0.021654,0.012639,0.024076,-0.0029919,-0.00056446,0.0057244,0.0012799
0.00035327,-0.00055225,0.00052672,0.00099659,-0.036441,0.01331,0.040899,0.037245,0.041377,0.0033819,0.043867,0.018991,-0.0010546,0.00080802,0.0013998,0.00085912,0.019812,-0.012403,0.022456,0.0128,-0.25277,-0.12294,0.4062,0.21047,0.28864,-0.19355,0.34797,0.20185,0.00039349,5.5764e-05,0.0025516,0.0041208,0.069342,-0.042272,0.073954,0.049373,-0.1294,0.084811,0.31894,0.24381,0.22678,0.21206,0.26289,0.22269,-0.00040375,0.0010685,0.0053457,0.0042936,0.0066646,0.0022306,0.010331,0.0053494,0.026052,0.0072976,0.052864,0.027276,0.0019045,-0.0016851,0.0042926,0.0060866,3.0669e-05,-0.00042819,0.001085,0.00090785
-0.0017818,0.0021497,0.0028946,0.0028989,0.015903,0.011337,0.047378,0.04216,-0.010231,0.002661,0.025577,0.010945,0.0053125,-0.0075777,0.0063197,0.0088835,-0.0063687,0.0024599,0.014701,0.012011,0.21557,0.053689,0.48785,0.17102,-0.12654,0.22939,0.25374,0.30097,-0.013655,0.011135,0.018793,0.020781,0.0097263,-0.00091447,0.018338,0.01834,0.18849,-0.1295,0.26493,0.22576,-0.1681,-0.24386,0.24547,0.35592,-0.0017047,-0.016359,0.014239,0.021047,0.00029755,0.00035711,0.0025325,0.0023237,0.0031777,-0.0016642,0.008231,0.007674,0.0040399,0.01805,0.037886,0.032376,-0.001053,-0.00050494,0.0020055,0.0016389
0.0012903,-0.0019178,0.003469,0.0020815,-0.0027313,-0.0062155,0.021248,0.030311,-0.0030067,0.0012485,0.022587,0.037261,0.00083972,0.00056491,0.004686,0.0046749,0.00059089,-0.0094216,0.011123,0.010995,0.29758,0.10926,0.31273,0.25466,-0.22095,0.13404,0.33724,0.27247,0.0015784,-0.0017369,0.015664,0.012442,0.0026047,0.0018933,0.0069254,0.0089793,0.30019,-0.15654,0.30988,0.22044,-0.15809,-0.080114,0.3865,0.18695,0.00046174,0.0049841,0.016875,0.034731,0.0036415,0.001511,0.0044288,0.0027297,0.00031261,-0.0049908,0.010304,0.010975,0.0059373,-0.0095502,0.019935,0.021137,0.0020256,-0.0021817,0.0058654,0.0037122
-0.0013082,-0.0037512,0.0015448,0.0081394,0.0065786,-0.008067,0.0098223,0.011336,0.019892,-0.016376,0.019932,0.016397,0.00041668,-0.00054615,0.00082278,0.00061227,-0.0031378,-0.0023648,0.0143,0.015207,0.29558,0.039595,0.3819,0.17295,-0.081531,0.052204,0.34853,0.22094,-0.0034734,-0.018797,0.021411,0.018797,-0.016675,0.026687,0.029971,0.05087,0.13749,0.014265,0.25124,0.48473,-0.14028,-0.12762,0.25785,0.34841,-0.025489,-0.031801,0.026628,0.03258,0.001488,0.00056142,0.0029737,0.0053631,0.004042,0.010979,0.0085065,0.02296,-0.031513,-0.010108,0.033568,0.017862,-0.00014191,-8.3183e-05,0.00035041,0.00033979
0.0020416,-0.0052383,0.0022952,0.0056013,-0.00079697,-0.033358,0.013785,0.03353,0.0021619,-0.037089,0.01118,0.046784,0.0016033,-0.0034626,0.0032898,0.0070043,0.0080267,0.0047187,0.012256,0.019472,0.21618,0.17045,0.25829,0.27192,-0.15656,0.16427,0.23118,0.25615,0.005796,-0.0019864,0.0083436,0.0094654,-0.0065181,0.0090416,0.01936,0.015593,0.31524,-0.13048,0.33126,0.25009,-0.31677,-0.15819,0.36609,0.23001,0.016865,0.0040039,0.027925,0.018575,0.00031132,0.0036138,0.0022938,0.0045221,-0.0034299,-0.0081835,0.012494,0.035218,0.0068906,-0.0027089,0.021966,0.024594,-0.0027744,0.0039186,0.0051049,0.0092067
-0.0011368,-0.001819,0.0019703,0.0019636,-0.00075791,0.00045965,0.0029131,0.0022195,0.031299,0.016277,0.051675,0.024588,0.002326,-0.00016474,0.0032949,0.0016087,-0.02312,0.009609,0.023439,0.019937,0.16674,0.23276,0.18148,0.32218,-0.10454,0.1722,0.27128,0.38134,0.031468,-0.018192,0.035303,0.031379,-0.030413,0.011433,0.035355,0.01689,0.37537,-0.024015,0.40738,0.17,-0.24273,-0.011709,0.29566,0.12658,0.017194,0.037035,0.040049,0.044587,-0.0056627,0.00064988,0.0056709,0.0021918,0.02639,-0.0043364,0.028925,0.046345,-0.0048945,-0.002347,0.031579,0.021537,-0.001405,0.001578,0.0071762,0.0031804
0.00043652,0.00029737,0.00047662,0.00052942,0.0064413,0.0004491,0.0070302,0.0059963,0.007603,0.0066589,0.012493,0.014291,0.0036563,-0.0065956,0.0039159,0.0074339,0.0011217,-0.0012369,0.0026344,0.0043715,0.23432,0.15338,0.24046,0.18462,-0.034668,0.2844,0.11839,0.3893,0.016449,0.029679,0.020973,0.060339,-0.012235,0.016763,0.012545,0.017459,0.29428,-0.14808,0.32513,0.17311,-0.18529,-0.28356,0.27344,0.36571,0.0024762,-0.044007,0.0084438,0.058281,-0.00362,0.0006219,0.0049625,0.0016112,-0.0063095,0.022735,0.016913,0.027607,0.0031659,0.00011273,0.01406,0.019301,0.0013951,0.0017563,0.0022022,0.0056116
-0.0013396,4.8285e-05,0.0013396,0.00052544,0.037008,0.0043205,0.040038,0.028727,-0.0094352,-0.0087839,0.028899,0.05636,-3.3136e-05,-0.0010371,0.0043327,0.0049682,-0.011519,0.0067911,0.011643,0.006904,0.33005,0.087128,0.36754,0.15935,-0.18769,0.20753,0.31057,0.26773,0.007583,0.018987,0.034979,0.034832,-0.020305,0.0098438,0.022344,0.010679,0.21479,-0.14067,0.30181,0.19484,-0.12972,-0.31161,0.2059,0.32895,0.013509,-0.036404,0.031932,0.043971,-0.00182,-0.00066583,0.0018306,0.0012303,-0.0078318,0.0020579,0.0078318,0.0029515,0.004409,-0.0023208,0.0052991,0.0035302,0.00010463,0.0016539,0.0016172,0.0027464
-0.0085179,-0.00047001,0.0091201,0.0043671,0.00469,0.031179,0.033763,0.039917,0.033071,0.0074775,0.045786,0.062437,-0.0062997,-0.0033718,0.0067376,0.0045626,-0.038283,-0.027956,0.038509,0.028371,0.33974,0.079864,0.42379,0.17004,-0.21601,0.089815,0.26206,0.22428,0.017527,0.013197,0.030512,0.04112,-0.0079351,-0.0006991,0.011369,0.011656,0.2954,-0.15254,0.29956,0.19784,-0.19114,-0.25078,0.26751,0.25227,0.016099,-0.018368,0.031551,0.032308,0.00069392,-0.0009274,0.00069506,0.0009274,0.0048008,-0.002987,0.0070586,0.0040407,-0.0044989,-0.0016737,0.0060023,0.0033174,0.00098148,0.00027398,0.0015995,0.0006839
-8.3992e-06,6.0229e-06,0.00026023,0.00013114,0.029763,0.0054128,0.029865,0.0064149,-0.0054436,0.0013025,0.0276,0.0078529,0.0039942,7.236e-05,0.00856,0.0015234,0.00050274,7.2982e-05,0.0014327,0.0015517,0.40249,0.12215,0.40592,0.13666,-0.28448,0.096186,0.34034,0.14328,0.054835,0.0090677,0.086427,0.0118,0.0020319,0.0001361,0.0024821,0.0013495,0.29931,-0.13999,0.30223,0.15667,-0.1752,-0.046877,0.26987,0.21194,0.065041,0.0016699,0.09656,0.013595,0.00023027,7.0833e-05,0.00028013,0.00019713,0.020785,0.0034055,0.021886,0.0049505,0.011855,0.0086769,0.093088,0.013276,0.0069435,9.0298e-05,0.0079082,0.0032249
-0.00022722,-0.00021533,0.00091586,0.0019555,-0.017707,-0.049766,0.03835,0.051235,0.0005811,0.00053427,0.046752,0.029752,0.0023213,0.0025896,0.0051198,0.0053879,-0.043267,-0.0066184,0.044871,0.034007,0.092443,0.11049,0.30528,0.31064,-0.027621,0.16169,0.26076,0.36212,-0.0095544,0.026382,0.0307,0.071856,-0.0045491,-0.029278,0.030617,0.062184,0.22139,-0.070322,0.39838,0.18121,-0.13663,-0.26574,0.33889,0.27825,0.020919,-0.027959,0.026732,0.049967,-0.00017203,0.00025206,0.0010558,0.0010156,-0.0071879,0.0053655,0.014128,0.014224,0.0088314,0.030645,0.021652,0.047907,0.00051025,0.0015051,0.0036572,0.0081255
0.0049035,-0.0013811,0.0050806,0.001513,0.013482,-0.0066773,0.037539,0.021084,-0.0129,0.032254,0.026486,0.050829,0.0011092,-0.00035464,0.0013762,0.00079509,0.017855,-0.0051367,0.019675,0.0078778,0.31825,0.12914,0.42379,0.17562,-0.25327,0.072032,0.35604,0.19307,0.0056681,0.0063522,0.029888,0.012426,0.0029718,0.00018635,0.0033687,0.0036047,0.3261,-0.12605,0.33732,0.14855,-0.20755,-0.028115,0.3314,0.11619,0.014428,-0.001792,0.016292,0.0050171,0.00078231,-0.000107,0.0007996,0.00036411,0.023686,-0.0095696,0.024593,0.010968,0.0035916,-0.0042857,0.048762,0.0080144,0.0012855,-0.00029772,0.0036092,0.00045188
-0.00061462,0.00088175,0.00062063,0.00088175,0.062892,0.0063891,0.064887,0.0066218,-0.022047,-0.066823,0.026484,0.072927,0.0013389,-0.013977,0.0017554,0.01664,-0.00090965,-0.00017105,0.003176,0.0031877,0.38346,0.073717,0.39654,0.076856,-0.33291,0.24116,0.35097,0.31969,-0.0002078,0.024189,0.0085463,0.029822,-0.0097442,0.0079463,0.011567,0.011706,0.23777,-0.038501,0.24192,0.14356,0.025193,-0.089099,0.078049,0.33243,-0.0012667,0.022305,0.015201,0.058109,-0.0017985,0.0053784,0.0019299,0.0069943,0.0045674,0.016576,0.0096427,0.033805,0.00074966,-0.010082,0.0021517,0.012066,-0.00026158,-0.0019382,0.00032844,0.0020019
0.0065301,0.0033663,0.006587,0.0034402,-0.040712,-0.0059734,0.048291,0.017181,0.025232,-0.0033765,0.036989,0.023176,-0.0019338,-2.2554e-05,0.0023589,0.0023697,0.0082975,0.0067052,0.018066,0.0099533,-0.24891,-0.18337,0.36874,0.23818,0.30003,0.012642,0.35426,0.21179,-0.033175,-0.016599,0.036383,0.017619,-0.023678,-0.010025,0.031874,0.018181,-0.07729,0.23357,0.38714,0.284,0.16506,0.10431,0.27246,0.15282,-0.056186,-0.026508,0.058224,0.028189,-0.0016047,0.0024323,0.0050372,0.0037962,0.015018,0.0034326,0.024829,0.017706,-0.032522,-0.015192,0.032623,0.015641,-0.00036234,-0.00030037,0.00043725,0.00035099
-0.0025081,-0.0010239,0.0032586,0.0015415,0.023025,-0.016982,0.023505,0.022526,-0.015785,-0.034538,0.016883,0.036377,-0.00060173,-0.00045208,0.00067165,0.00059913,-0.01617,0.00068283,0.019423,0.0042383,0.21,0.15462,0.22055,0.1814,-0.17638,0.17435,0.17697,0.2679,-0.00065017,0.00028188,0.0017892,0.0007822,-0.017201,-0.0016407,0.020488,0.0065386,0.40657,-0.097352,0.4125,0.10934,-0.27347,0.069411,0.40727,0.2425,-0.035684,0.0069063,0.036804,0.01353,-0.00065694,-0.00044806,0.0011534,0.00066647,0.0069795,-0.0057631,0.0076983,0.0066111,0.012143,-0.080173,0.047361,0.080198,-0.0011514,-0.0012008,0.00217,0.0014493
0.0010122,-0.0019544,0.0019466,0.0063214,0.041736,0.017195,0.049248,0.036021,-0.019594,-0.052137,0.03588,0.05656,-0.0022421,-0.00098032,0.011149,0.0056781,-0.0032619,-0.0038341,0.0047575,0.0046998,0.33024,0.0079354,0.35105,0.068281,-0.2253,0.03758,0.39912,0.27515,0.0038784,0.016106,0.036879,0.047768,-0.0042587,0.0026012,0.0046346,0.0030797,0.066445,-0.093853,0.47381,0.1489,0.028736,-0.1243,0.31059,0.28065,-0.014658,-0.014356,0.048484,0.03026,-0.0010416,6.1277e-05,0.00279,0.0011206,-0.006179,-0.0096757,0.02825,0.012876,0.016458,-0.0058107,0.034077,0.022439,-0.003727,-0.0030602,0.003765,0.0030698
0.0033711,-0.0066438,0.0098459,0.0072344,-0.023221,-0.054474,0.024899,0.054474,0.03022,0.022365,0.035605,0.031641,0.0041545,0.0028697,0.0044447,0.0034501,0.0010126,-0.0034059,0.0078954,0.0084396,0.24821,0.12901,0.25283,0.15415,0.064867,0.089951,0.51137,0.25939,-0.00085176,0.00040731,0.0031724,0.002695,0.0012269,-0.00078282,0.0056062,0.003176,0.20886,-0.13971,0.21472,0.17589,0.084993,-0.127,0.52413,0.19599,0.00013779,-0.002363,0.0032797,0.0027966,-0.0013741,0.0029101,0.0019878,0.0056247,-0.002115,0.0054882,0.007359,0.0094174,0.045217,0.0075962,0.047944,0.018409,-0.0034183,-0.0057088,0.0034369,0.0057252
-0.0057057,0.0008158,0.0076485,0.0020375,-0.0055192,-0.013065,0.013857,0.015355,0.038453,0.0085533,0.042229,0.022523,-0.00038366,0.00093868,0.0017701,0.0046491,-0.0052296,0.022688,0.03858,0.028432,-0.26019,0.10219,0.28512,0.17481,0.40757,-0.050424,0.47365,0.10724,0.012796,0.0057746,0.019797,0.0091337,0.014726,-0.0083995,0.029014,0.017523,-0.22052,0.13556,0.24722,0.21718,0.28911,0.14685,0.28911,0.17127,-0.012858,0.0033419,0.030571,0.010235,0.0017604,0.00014966,0.0039371,0.0015604,0.00045385,0.016483,0.018365,0.018037,0.0046499,0.0053159,0.014263,0.012862,-0.0011985,-0.0017387,0.0031283,0.00271
-0.0072097,-0.0019062,0.010529,0.0082993,0.01216,0.02391,0.027941,0.035789,-0.0036519,0.006146,0.022501,0.022504,-0.002538,-0.0019589,0.0052621,0.0030395,0.0034725,-0.018543,0.03024,0.030994,-0.097284,-0.20896,0.37359,0.24865,0.11319,-0.15822,0.33473,0.21444,-0.033311,0.0044712,0.049789,0.041905,-0.031975,0.012106,0.036827,0.027964,-0.020605,0.084877,0.45394,0.26837,0.18553,0.14959,0.32557,0.27899,-0.0059162,0.013415,0.033035,0.034651,-0.0020582,0.0022287,0.0041609,0.003184,0.010315,0.0020706,0.057788,0.033297,0.001034,-0.019151,0.015594,0.02144,-0.0016311,0.00034404,0.0070257,0.0023041
0.0029391,0.002451,0.0040111,0.0072322,-0.017081,-0.017805,0.028811,0.029402,-0.040876,-0.033552,0.040876,0.034167,-0.0014985,-0.0021207,0.003259,0.0025947,-0.024984,-0.033138,0.035289,0.033558,0.23365,-0.08006,0.34372,0.28541,-0.33339,0.096578,0.35831,0.12928,0.0088544,0.016331,0.014316,0.01716,-0.0032473,-0.010221,0.020445,0.030848,0.2192,-0.11632,0.31228,0.28598,-0.1921,-0.18198,0.27522,0.25133,-0.0015361,-0.014342,0.031789,0.02882,0.010438,0.0022878,0.011247,0.0054924,-0.04318,0.0053,0.049323,0.02696,0.0068143,-0.01116,0.025885,0.033061,0.0048303,0.0085209,0.0071072,0.0097913
-0.0043971,1.9842e-05,0.0094981,0.0078667,0.010753,0.0071696,0.022572,0.049458,0.022336,0.0080155,0.025003,0.015733,-0.0028859,-0.0045314,0.0030032,0.0068719,0.026719,-0.027389,0.034289,0.033473,-0.18225,-0.03381,0.28185,0.23778,0.22568,-0.045613,0.29285,0.46051,-0.017254,0.027237,0.03016,0.082871,0.034006,0.027998,0.048188,0.053584,-0.090365,0.11676,0.2881,0.33313,0.16461,0.086755,0.23202,0.37541,0.0018471,-0.010083,0.02754,0.088838,0.00091914,0.00077289,0.0025427,0.002354,-0.0017127,0.0024504,0.0059092,0.0042976,-0.0028335,-0.0040264,0.011368,0.0097968,-0.0022108,-0.0031995,0.0027108,0.0048224
-0.0018886,0.0023256,0.0023826,0.0023909,0.00055088,-0.0042479,0.012072,0.013035,0.057625,-0.0030501,0.058072,0.015315,8.1645e-06,0.00038086,0.00039579,0.00056623,-0.00042545,0.013125,0.012715,0.035823,-0.058066,0.010165,0.063201,0.071368,0.50958,0.011789,0.51179,0.096697,-0.0023538,0.00085008,0.0034625,0.0034169,0.03257,-0.0029442,0.038157,0.024534,-0.045542,0.29493,0.1093,0.32913,0.26935,0.092705,0.31253,0.23343,-0.0010262,0.0020352,0.0028613,0.0031162,0.0036018,-0.0025595,0.0044591,0.0030169,0.016491,-0.01266,0.017597,0.018808,0.0034849,-0.00083406,0.017013,0.0091114,0.0049093,-0.0039383,0.0055128,0.0044155
-0.0014106,-0.0020823,0.0014601,0.002501,0.066659,0.0054835,0.070834,0.011225,0.0087999,0.0061316,0.010652,0.009535,-0.0012635,-0.0015277,0.0014649,0.0020536,-0.0073812,0.0081465,0.017124,0.015878,0.20967,-0.15139,0.25329,0.30862,0.22994,-0.17103,0.26213,0.23738,0.003299,0.0084104,0.011958,0.012031,-0.0040114,-0.00017136,0.022728,0.0075261,-0.023989,0.015913,0.06947,0.067785,0.50912,0.081552,0.50912,0.087982,0.00169,0.0049217,0.0045981,0.0056571,0.0011462,-0.00056987,0.00225,0.0009792,-0.0062175,0.0015453,0.0076294,0.0055064,0.076134,-0.0055573,0.076134,0.0070669,-0.00037338,-1.8305e-05,0.00059071,0.00052085
-0.0014469,-0.0007679,0.0017874,0.0020284,0.065773,0.00065125,0.080508,0.0098307,0.0091444,0.0022034,0.012035,0.0071381,-0.0012916,-0.0013521,0.0015256,0.0018118,0.0094816,0.0043655,0.019531,0.024482,0.19839,-0.062995,0.2981,0.21826,0.24801,-0.17866,0.27869,0.25357,0.0089383,0.0097415,0.013692,0.011125,0.0060832,-0.0026273,0.024164,0.0079686,-0.051158,0.019822,0.094442,0.058433,0.51893,0.042619,0.51893,0.079934,-0.0018539,0.0018465,0.0041623,0.0032104,-0.0026541,0.000701,0.0026624,0.00088334,0.00027248,0.0054006,0.015148,0.0078324,0.064095,-0.011333,0.065415,0.017282,-9.0067e-05,2.6195e-05,0.00057944,0.0002889
-0.001405,0.0010932,0.0014081,0.0014045,0.071306,-0.0056166,0.076375,0.012672,0.0024309,0.0052448,0.013251,0.013577,0.00067748,0.00062439,0.001008,0.00089981,-0.0060444,8.1705e-05,0.0093893,0.024282,0.4584,0.11614,0.48196,0.13942,0.059952,0.029466,0.079741,0.083863,-0.0084709,-0.0079649,0.015899,0.014176,-0.0067148,0.0097868,0.018817,0.014875,0.1762,-0.21013,0.24032,0.27901,0.26348,-0.20494,0.2917,0.27189,0.006512,0.012804,0.0084346,0.01289,-0.00035698,-0.00030688,0.0037532,0.0013157,-0.004198,0.0053193,0.010235,0.008146,0.074187,0.011074,0.074503,0.013361,0.00046127,0.0005198,0.0011727,0.00062145
0.0003559,0.00060913,0.00080196,0.0009534,-0.00128,0.0018659,0.0092853,0.0069498,0.011059,0.018709,0.01117,0.01882,0.00067873,0.0025534,0.00093121,0.0026386,0.025322,-0.0080668,0.028394,0.015194,-0.15569,-0.068961,0.24836,0.22347,0.25887,-0.10461,0.25966,0.18246,0.00030341,-0.00020286,0.0011924,0.0026946,0.065167,-0.011921,0.066206,0.016277,-0.34843,0.041517,0.42441,0.088618,0.40957,0.027579,0.40984,0.097277,0.00023914,-0.0021492,0.0014826,0.0028142,0.0017408,-0.00039753,0.0019238,0.0010084,-0.0086046,-0.0099696,0.050418,0.037189,0.018045,-0.02124,0.058182,0.058669,0.00028305,-0.0040136,0.0011958,0.0043207
-0.0013918,0.0041335,0.0019933,0.0052453,0.0050402,0.074384,0.017578,0.081104,-0.01849,0.069995,0.020786,0.08128,0.0011087,0.0011463,0.0021234,0.0050688,-0.0084283,0.0024783,0.014613,0.006739,0.060281,-0.20612,0.20134,0.20821,0.21435,-0.099204,0.25896,0.28553,-0.0018646,0.029225,0.0068946,0.031321,-0.011841,0.013,0.019534,0.01667,-0.19452,0.018833,0.2728,0.089767,0.48459,0.12416,0.48985,0.12956,0.0011351,0.00076565,0.0024897,0.0016048,0.0021184,-0.0014821,0.0033362,0.002148,0.0084116,-8.7595e-05,0.086085,0.011641,0.033319,0.006861,0.033373,0.0073955,8.2234e-05,-4.0801e-05,0.00027045,0.00033244
-0.0049858,-0.0006405,0.0081467,0.001988,-0.012407,-0.010089,0.029533,0.019536,0.037249,-0.012765,0.043844,0.017741,0.00056761,0.00071675,0.004983,0.0037603,-0.03756,-0.026878,0.038896,0.033173,0.095025,0.12713,0.44394,0.25445,-0.09136,0.1281,0.27186,0.26417,-0.0013413,-0.013659,0.036772,0.04232,0.021895,0.018193,0.031338,0.053097,0.15304,-0.057936,0.4563,0.21078,-0.098589,-0.093005,0.35966,0.28855,0.023196,0.047127,0.032093,0.047929,0.0013387,-0.0027567,0.0025276,0.003313,-0.035812,-0.0011236,0.041869,0.028329,0.046789,0.027966,0.046966,0.029067,0.00236,-0.0023247,0.003102,0.0035628
-0.00053983,-0.00036755,0.00055249,0.0014813,0.022892,0.018943,0.025073,0.028465,0.055019,0.010533,0.055328,0.014834,2.6456e-05,-9.8949e-05,0.00014356,0.00017415,-3.4936e-05,0.001372,0.0027125,0.0047021,0.3346,0.092328,0.45213,0.16758,0.11845,0.014968,0.14466,0.098158,-0.005506,-0.046083,0.0065342,0.046604,0.015322,0.027457,0.026331,0.030121,0.14042,-0.078756,0.29626,0.25332,-0.11245,-0.38462,0.21189,0.44434,-0.0093586,-0.011086,0.016201,0.05306,0.0016894,7.7462e-05,0.0021729,0.0018149,-0.026001,0.00071922,0.026001,0.0075607,0.013928,0.006688,0.025066,0.0099865,-0.00076843,4.1744e-05,0.0039511,0.0011502
-0.00054998,-0.0024854,0.0025342,0.0040623,-0.0020725,-0.012801,0.028111,0.01695,-0.01251,-0.013724,0.066839,0.026801,0.0025378,-0.0001927,0.01177,0.0094674,0.0026523,0.0083845,0.019104,0.018715,-0.10332,-0.14201,0.3231,0.40942,0.088572,-0.055881,0.37644,0.3239,0.0067175,0.0082809,0.032907,0.023135,-0.013026,-0.00039628,0.024405,0.019825,-0.17428,0.18799,0.29274,0.2796,0.19682,0.11286,0.28985,0.24765,-0.0016856,-0.00088143,0.028861,0.014871,0.0020043,0.00036543,0.0031134,0.0032833,-0.0030552,-0.0032992,0.016553,0.015655,0.0055059,0.0078503,0.020792,0.015783,-0.001437,0.00082343,0.0029423,0.0034193
-0.00056916,-0.0016377,0.0039231,0.0025273,-0.0072783,0.0077799,0.02894,0.023588,0.0012323,-0.0015015,0.019989,0.017495,-0.0012604,0.00017205,0.0031172,0.0040057,-0.015416,0.0071163,0.037538,0.018795,-0.13965,-0.13898,0.31688,0.22253,0.22485,-0.039449,0.42754,0.19971,-0.012623,-0.011649,0.038528,0.030257,-0.0073435,-0.0019148,0.035001,0.023762,-0.041843,0.082692,0.25095,0.43446,0.077751,0.067246,0.38566,0.31794,0.0029569,0.0091205,0.034829,0.017443,-0.0041123,0.0015869,0.0054887,0.0016935,-0.0029186,0.027267,0.034406,0.035419,0.0035676,-0.0012026,0.032967,0.030109,0.0012432,-0.0011686,0.0029222,0.0031945
-0.00044448,-0.0014806,0.0041569,0.0050723,0.00044042,0.016877,0.047125,0.047896,0.0088243,0.00014998,0.049758,0.03308,0.00044062,-0.004131,0.0017351,0.0056599,0.0062307,0.0051147,0.031316,0.033017,0.24422,0.044488,0.37895,0.24233,-0.2454,0.14498,0.37377,0.28605,0.0048755,-0.0042054,0.020195,0.029101,-0.0048745,0.0097594,0.024257,0.046991,0.10978,-0.10988,0.32348,0.34025,-0.077405,-0.14057,0.21622,0.30443,-0.0072754,0.0023769,0.033097,0.027812,0.0063686,-0.00034045,0.0075241,0.0037236,-0.012012,0.0093218,0.039165,0.019759,0.0053921,0.0075589,0.062016,0.022206,0.0021303,0.0030074,0.0047662,0.0043085
-0.00080383,3.3921e-05,0.0028448,0.0022902,0.0029587,-0.0064151,0.01453,0.019987,0.0010604,-0.01772,0.0085496,0.026932,-0.00035796,-0.0015265,0.0018568,0.0031613,0.035756,-0.013609,0.082696,0.099443,-0.22053,-0.18855,0.32065,0.47361,0.24782,-0.021059,0.29325,0.22213,0.0024304,0.0018637,0.015643,0.0080025,0.01979,0.017451,0.03946,0.03377,-0.17205,0.20421,0.22026,0.31229,0.17307,0.062851,0.20742,0.26654,0.0035232,0.0015457,0.012222,0.015708,3.8852e-05,0.0027947,0.00089209,0.0034571,-0.010701,0.005719,0.014061,0.016591,0.0053751,-0.013913,0.0079418,0.033546,0.00052269,0.00054561,0.0013941,0.0032131
-0.0045556,-0.0062851,0.0065119,0.0079984,0.015506,-0.052679,0.022847,0.069835,0.0064964,-0.026572,0.018992,0.056899,0.0023135,-0.0034218,0.0036671,0.0043685,-0.03432,0.0035997,0.059586,0.048539,-0.084184,-0.015905,0.31405,0.39597,0.22016,-0.094914,0.30285,0.27262,-0.013234,-0.003088,0.027823,0.033391,0.044647,-0.0061925,0.051149,0.031807,-0.14732,0.079294,0.30448,0.3492,0.24377,0.1737,0.27761,0.2553,-0.0057532,0.013662,0.017896,0.028917,-0.0099678,-0.0029612,0.010529,0.0036895,0.054117,-0.0036224,0.062901,0.033245,-0.00013319,-0.022524,0.019564,0.03026,0.00019834,-0.00029649,0.0028863,0.0025334
-0.0011081,-0.001108,0.0040417,0.0031914,-0.0089079,0.024764,0.071317,0.053811,0.042505,0.031073,0.054876,0.046343,-0.0017633,-8.0877e-05,0.0022192,0.001789,-0.0016721,0.034889,0.026211,0.050108,-0.094501,-0.13145,0.36543,0.32068,0.24993,-0.087486,0.32161,0.18778,-3.8104e-05,0.0034113,0.014448,0.012446,-0.0044501,0.0018628,0.061138,0.028521,-0.087894,0.033454,0.37946,0.33222,0.2767,0.080517,0.36215,0.12765,-0.001484,-0.0017262,0.0096904,0.0098295,-0.00079729,0.001569,0.002413,0.0023757,0.0034875,0.040293,0.02366,0.051416,0.0031859,0.0056967,0.058181,0.020106,-0.00083221,-0.0014562,0.0022069,0.0026496
-0.0025289,-0.0010061,0.0064792,0.0035226,0.0048457,0.06073,0.060995,0.066595,-0.0036438,0.01745,0.049295,0.060347,0.00044218,-0.0048659,0.0073483,0.0060439,0.013778,0.027212,0.034252,0.064753,-0.10618,-0.15001,0.35589,0.24138,0.13073,-0.08244,0.38933,0.29393,0.012362,0.043346,0.03664,0.048845,-0.053279,-0.023298,0.065138,0.033105,0.0023758,0.078599,0.39411,0.28436,0.17669,0.10644,0.3445,0.2495,-0.0081463,-0.049257,0.022144,0.053165,-0.001607,0.0078566,0.0059273,0.0099835,0.0055872,-0.013753,0.033233,0.049831,-0.018539,-0.037201,0.032981,0.040645,0.00082417,0.0055877,0.0053757,0.0064518
-0.0063953,0.0053317,0.0095391,0.0059457,0.015184,0.01797,0.047122,0.044408,-0.0023502,0.013398,0.052286,0.030425,-0.0032,-0.001467,0.0032665,0.0043696,0.031942,0.019659,0.05735,0.07027,-0.21164,-0.10363,0.25911,0.22547,0.1859,-0.091251,0.37266,0.23683,-0.016486,0.0085994,0.039528,0.048137,-0.029403,-0.017218,0.038885,0.02778,-0.16628,0.122,0.36421,0.33886,0.17428,0.069514,0.36278,0.30102,-0.028393,-0.0012676,0.047022,0.058085,-0.0022292,8.2066e-05,0.0083278,0.0049969,0.0063051,-0.032809,0.019067,0.045685,-0.0061869,0.00098734,0.062026,0.03256,0.00094322,0.00025889,0.007229,0.0045194
0.00045951,0.00076546,0.00087947,0.0013239,0.044816,-0.00092458,0.055846,0.019835,-0.0072478,-0.0091306,0.0206,0.025309,-0.0010925,-0.00046119,0.0027546,0.0027291,-0.00040543,-0.0039776,0.002889,0.0059316,0.4223,0.057068,0.43131,0.17065,-0.090332,0.11096,0.15404,0.24899,-0.0084293,-0.004614,0.017979,0.026351,0.0081174,0.037425,0.010527,0.044042,0.31617,0.030623,0.39194,0.33291,-0.098234,-0.053903,0.13847,0.28988,-0.0073475,0.017239,0.015998,0.028577,0.00053846,-0.00039364,0.0011399,0.0015979,0.032957,-0.0056441,0.036662,0.012659,-0.0035041,-0.0018379,0.0079721,0.019399,0.00077009,0.0016709,0.0025923,0.0037786
-0.0012792,-0.00010528,0.0015335,0.0010293,0.012689,-0.0061427,0.013454,0.012181,-0.0063258,0.0022354,0.012911,0.0079731,-0.00079505,-4.0454e-05,0.0022707,0.0010567,-0.0086038,-2.0619e-05,0.0097536,0.0048857,0.28908,0.14178,0.32184,0.17301,-0.083796,0.3007,0.17744,0.30804,0.010876,0.045834,0.018177,0.047274,-0.0037417,0.00361,0.0063389,0.0037596,0.46437,-0.08086,0.48978,0.098206,-0.11375,-0.01379,0.19183,0.071115,0.0038802,-0.0059144,0.012876,0.016524,0.00067759,0.00067161,0.00207,0.00102,0.042645,-0.00036897,0.052777,0.0068094,0.015779,0.0062017,0.0278,0.014827,3.5284e-05,0.0014391,0.0020345,0.0017048
0.00095359,0.0010571,0.001438,0.0014156,0.034638,-0.0024509,0.055738,0.012993,0.0052978,0.012723,0.047357,0.015572,0.00055311,-0.00049755,0.0023877,0.0013595,-0.0014133,-0.0063207,0.010711,0.0069131,0.42032,0.061548,0.46137,0.10867,-0.042978,0.043204,0.18139,0.11336,-0.0025775,0.021514,0.010002,0.021551,-0.0033589,0.0028186,0.0050886,0.0067894,0.45379,-0.076792,0.49013,0.095945,-0.011384,-0.019081,0.22296,0.12189,-0.0066948,-0.00014105,0.019229,0.021009,8.5938e-05,-0.00041404,0.00024165,0.00045097,0.046247,-0.0041989,0.062409,0.017077,0.0045739,-0.029937,0.024569,0.04239,0.0030122,-0.0038721,0.0050759,0.0046227
0.0010465,-0.0027947,0.0031008,0.0029416,0.011624,-0.023089,0.024257,0.028196,0.035711,-0.00026993,0.035711,0.026407,-0.0056843,-0.0010741,0.0058921,0.0022702,0.028796,-0.016244,0.034672,0.024239,-0.061495,-0.14846,0.16877,0.25919,0.41418,-0.12771,0.42793,0.26083,-0.014485,0.013931,0.026961,0.044027,0.030434,0.0055441,0.034496,0.022719,-0.019017,0.1234,0.17642,0.25403,0.31206,0.020112,0.32618,0.32214,0.0052663,-0.031376,0.019812,0.033954,0.0018921,-0.001163,0.0026122,0.0019719,0.011965,-0.012142,0.014816,0.024833,0.020843,0.0049179,0.032738,0.031983,-0.00061903,-0.0023792,0.0029916,0.0038524
