1942,0.47181,0.10727,0.025249,-0.02196,-0.20649
1942,0.46423,-0.071713,-0.0065218,0.12723,-0.29434
1942,0.15187,0.11275,-0.017446,-0.060519,-0.36671
1942,-0.32215,0.12113,-0.19883,-0.16088,-0.24625
1941,0.37059,0.29794,-0.019202,0.083228,-0.15079
1941,0.30191,-0.13723,-0.13372,0.067622,-0.13278
1941,0.48016,-0.11536,-0.022392,-0.14072,-0.18309
1941,-0.61046,-0.077943,0.16941,-0.06297,-0.20571
1935,-0.53794,0.052101,-0.20805,-0.1701,-0.23848
1935,-0.50864,0.047321,-0.10369,-0.15747,-0.14184
1935,-0.51986,0.06404,-0.14651,-0.12131,-0.31018
1935,-0.46734,0.074424,0.041543,-0.2244,-0.14558
1939,-0.56073,0.078581,-0.14218,-0.19706,-0.23656
1939,-0.57588,0.034979,0.052086,-0.13615,-0.26427
1939,-0.53158,-0.20117,0.42155,0.097667,0.038466
1939,-0.43652,0.03571,-0.14953,-0.042506,-0.14696
1944,-0.52869,-0.089295,0.20439,-0.10182,-0.17266
1944,0.24472,0.16323,0.042675,-0.24716,-0.23311
1944,-0.18237,-0.03793,0.008875,0.022528,-0.33746
1944,0.36092,-0.20218,-0.18316,-0.10722,-0.22158
1936,0.28276,0.20766,-0.10993,0.077007,0.019031
1936,-0.48242,0.073797,-0.050453,-0.14846,-0.17667
1936,-0.40453,-0.079795,0.048868,-0.09557,-0.26705
1936,-0.20398,-0.15903,-0.032278,-0.10898,-0.26176
1933,-0.61177,-0.040661,0.03878,-0.12634,-0.2289
1933,-0.36785,-0.027743,0.10056,-0.30623,-0.13589
1933,-0.52204,-0.082947,0.085095,-0.15349,-0.21657
1933,-0.53591,-0.0452,0.10639,-0.11725,-0.17301
1943,0.47537,0.080985,0.17906,-0.14762,-0.28388
1943,0.27922,0.18892,0.30986,-0.17064,-0.13388
1943,0.46203,-0.15422,-0.035645,0.054358,-0.21211
1943,0.27631,0.044213,0.041275,0.16627,-0.36584
1934,-0.24195,-0.073849,-0.068771,-0.31085,-0.1242
1934,-0.14732,0.034696,0.076906,-0.022805,-0.27669
1934,0.48858,-0.13011,0.031596,-0.16389,-0.12987
1934,-0.30989,-0.10678,-0.01073,0.0072261,-0.12921
1930,-0.53114,-0.027553,-0.013082,-0.089296,-0.18392
1930,-0.50278,0.06736,-0.024964,-0.12853,-0.20428
1930,0.40352,-0.12188,-0.19322,0.061297,-0.2232
1930,-0.59366,-0.02755,0.11551,-0.12306,-0.27241
1940,0.49823,0.095646,0.06308,-0.27648,-0.015148
1940,0.46787,0.23208,-0.086969,0.10184,-0.24419
1940,0.47616,-0.14349,0.035083,0.043235,-0.18868
1940,0.46874,0.19789,0.065402,-0.069774,-0.15797
1937,-0.64346,-0.096777,0.15102,-0.056609,-0.18853
1937,-0.63552,0.084756,-0.16325,-0.13685,-0.19685
1937,-0.59134,0.12077,-0.12047,-0.098422,-0.16842
1937,-0.60686,0.034584,-0.019461,-0.12601,-0.29612
1932,0.26743,-0.08679,0.021859,-0.28377,-0.28287
1932,0.48435,-0.0054978,-0.0059098,-0.27856,-0.17032
1932,0.38168,-0.1119,-0.16404,-0.045606,-0.26663
1932,0.46463,0.12838,0.12979,-0.06961,-0.16774
1945,0.3937,-0.0012007,0.0096492,-0.29994,-0.059685
1945,0.39141,0.035074,-0.028541,-0.094866,-0.26084
1945,0.32227,-0.079172,-0.033627,-0.17474,-0.20124
1945,0.32633,-0.10849,0.013671,0.034802,-0.31144
1938,-0.51655,-0.084085,-0.0048898,-0.075387,-0.19288
1938,-0.53724,-0.040948,0.0077578,-0.10631,-0.18205
1938,-0.38304,-0.075064,0.019196,-0.12973,-0.21336
1938,-0.55465,0.032313,0.0036678,-0.10559,-0.1448
1929,-0.46793,-0.090285,-0.04076,0.0071554,0.039583
1929,-0.45755,0.017162,0.0066315,-0.16,-0.030546
1929,-0.54644,-0.045577,0.16561,-0.044991,-0.10179
1929,0.24502,-0.049387,-0.091952,-0.13071,-0.23231
1947,-0.51871,-0.10097,0.3353,-0.00097016,-0.25342
1947,-0.59206,0.044975,-0.21249,-0.18257,-0.22812
1947,-0.43891,0.081154,-0.31553,-0.057387,-0.35767
1947,-0.34303,-0.070285,0.17172,-0.06017,-0.29406
1939,-0.34128,0.058129,-0.070624,-0.081288,-0.15352
1939,-0.56165,0.048142,-0.29503,-0.12723,-0.12724
1939,0.52421,0.27108,0.18029,-0.067281,-0.15514
1939,-0.49239,-0.12674,-0.055311,-0.083756,-0.15171
1919,0.45625,-0.25791,0.081326,0.074345,-0.18144
1919,0.53487,-0.080343,0.01038,-0.15659,-0.092321
1919,-0.56223,0.015979,-0.14458,-0.22697,-0.14977
1919,0.37147,0.0091135,-0.061976,0.1487,-0.24696
1970,0.28633,-0.011668,0.039917,-0.19308,-0.25358
1970,0.37768,-0.075171,0.13531,-0.15478,-0.029789
1970,-0.35568,-0.074898,0.041761,0.061604,-0.16963
1970,-0.68733,-0.015467,0.024192,-0.11425,-0.21834
1943,0.39293,-0.19847,0.0070411,0.073855,-0.19642
1943,0.51687,-0.01508,0.0061768,-0.23781,-0.14193
1943,-0.16192,-0.12379,0.16658,0.013043,-0.30724
1943,-0.23873,0.0083949,-0.23803,-0.21417,-0.23234
1974,-0.65122,0.050366,-0.11801,-0.11785,-0.15792
1974,-0.37946,0.041729,-0.40239,0.078674,0.1248
1974,0.46866,0.46543,0.072311,0.28421,-0.14165
1974,-0.36932,-0.17468,0.47532,0.00010011,0.16405
1950,-0.41451,-0.2252,0.2556,0.12345,0.11907
1950,0.3083,-0.14727,-0.021335,0.26027,0.041994
1950,-0.41215,-0.098639,0.23102,0.069214,0.10409
1950,-0.55625,0.12153,-0.35802,-0.077953,0.12083
1969,-0.63847,-0.029889,0.076798,-0.10333,-0.20705
1969,-0.51693,0.089988,-0.31655,-0.091542,-0.08954
1969,-0.47021,-0.046323,0.035208,-0.128,-0.24327
1969,-0.50618,0.024779,-0.021895,-0.01251,0.0067856
1978,0.56907,-0.43273,-0.10807,-0.25155,-0.07749
1978,0.40398,0.035095,-0.095881,-0.031032,-0.1009
1978,0.37514,0.11944,-0.0099932,0.36524,-0.25604
1978,0.38469,0.39255,0.07851,0.037626,-0.049256
1966,-0.49119,-0.023752,-0.0081233,-0.0687,-0.27012
1966,-0.56294,-0.089254,0.10916,-0.13464,-0.11227
1966,-0.49118,-0.020924,0.068737,-0.11388,0.023203
1966,0.32559,0.11582,0.27084,-0.17047,-0.18919
1975,-0.61646,0.0083007,0.0046759,-0.059976,-0.11825
1975,-0.61376,-0.074242,0.0022619,-0.081004,-0.28745
1975,-0.4568,-0.18941,0.46167,0.16264,0.16553
1975,-0.57344,0.075816,-0.032746,-0.09602,-0.33624
1963,-0.57962,-0.017737,0.076439,-0.21857,-0.24812
1963,-0.59433,-0.047765,0.06038,-0.17707,-0.25705
1963,-0.52901,-0.027971,0.27286,-0.060521,-0.27044
1963,-0.59125,-0.041575,0.16611,-0.087208,-0.22935
1967,-0.55437,-0.096759,0.054563,0.052207,-0.070009
1967,-0.41679,0.10088,-0.15979,-0.013232,-0.047725
1967,-0.49838,0.0022184,-0.10046,-0.084647,-0.12907
1967,-0.29212,0.0030143,0.054466,-0.085705,-0.14569
1968,0.58963,-0.38252,-0.056448,-0.17804,-0.04893
1968,-0.69189,-0.0035692,0.0066457,-0.14357,-0.23562
1968,-0.68961,-0.011077,0.004957,-0.14719,-0.23639
1968,0.49515,-0.0092169,0.065567,-0.22478,-0.040762
1945,0.30507,0.028003,-0.03015,-0.11278,-0.15916
1945,0.41888,0.065387,-0.067257,-0.057531,-0.22586
1945,0.42478,-0.041652,0.018581,-0.073951,-0.18981
1945,0.64661,0.01145,0.0066063,-0.15619,-0.24053
1980,0.30719,0.064593,0.096382,-0.25248,-0.10927
1980,0.42743,0.032834,0.066429,-0.032064,-0.27736
1980,0.39779,-0.032587,0.050354,-0.087849,-0.30618
1980,0.45698,0.06099,0.055302,-0.16952,-0.0356
1930,-0.48665,-0.032374,0.032197,-0.033356,-0.25483
1930,0.54581,0.053516,-0.056614,0.097458,-0.38031
1930,-0.54079,-0.12125,0.35892,0.091111,0.074653
1930,0.42596,0.060695,0.066012,0.12917,-0.32993
1977,0.53111,0.15824,0.040477,0.011759,-0.18634
1977,0.54359,0.0099662,-0.052209,0.079,-0.15479
1977,0.47989,-0.33934,-0.19134,0.22252,-0.096427
1977,0.44347,0.45152,0.074199,0.24627,-0.15218
1964,0.57445,-0.37438,-0.060715,-0.119,-0.061568
1964,0.50014,0.37593,0.042406,-0.12445,0.0046601
1964,0.5277,0.44645,0.12875,-0.041938,-0.12633
1964,0.53251,-0.052782,-0.00013852,0.1321,-0.25051
1979,0.49923,0.017245,-0.012462,-0.13627,-0.15211
1979,0.4641,-0.40018,-0.22068,0.32152,-0.15343
1979,0.44182,-0.38765,-0.025778,-0.23826,-0.038286
1979,-0.52218,0.12974,-0.23542,0.040286,0.24461
1981,-0.34464,-0.012634,0.062091,-0.20338,-0.14377
1981,0.43032,-0.075955,-0.098509,0.21378,-0.26365
1981,0.39311,0.23095,0.24456,0.073412,-0.18177
1981,-0.48049,0.18064,-0.40219,0.005217,0.25345
1961,0.5566,-0.12396,-0.079157,-0.07999,-0.38042
1961,0.56015,0.17784,0.038849,-0.15877,-0.19495
1961,0.62147,0.25128,0.079178,-0.040054,-0.20601
1961,0.60002,0.11411,0.019627,-0.15419,-0.24005
1920,0.58947,0.16817,0.11418,-0.15511,-0.16281
1920,-0.59428,0.0027179,0.013057,-0.17445,-0.24982
1920,0.60498,-0.13808,-0.023221,-0.23686,-0.20608
1920,0.26244,0.011228,-0.0096768,-0.12697,-0.27682
1925,-0.68123,-0.018613,0.021137,-0.11514,-0.21856
1925,-0.45941,0.10345,0.10393,-0.029301,-0.28914
1925,-0.62439,-0.043921,0.0027897,-0.11758,-0.20234
1925,-0.51935,-0.081605,-0.02733,-0.086124,-0.25372
1982,-0.68208,-0.011081,0.0067113,-0.13369,-0.22826
1982,-0.50056,-0.050883,0.073728,-0.051583,-0.23443
1982,-0.50161,0.03941,0.067804,-0.082029,-0.30597
1982,-0.68361,-0.014696,-0.010611,-0.12931,-0.23711
1976,0.63412,-0.031223,0.018573,-0.24883,-0.081645
1976,0.49034,-0.044072,0.067825,-0.18037,-0.061022
1976,-0.57032,0.15949,-0.31045,-0.14596,-0.19241
1976,-0.50637,0.04917,-0.03467,-0.1134,-0.16776
1926,0.57469,-0.33772,-0.040564,-0.20031,-0.066081
1926,0.56232,0.33491,0.11713,-0.26305,-0.011474
1926,0.37597,0.24235,0.051876,-0.14425,-0.22936
1926,0.53849,0.068423,0.076917,-0.2782,-0.0086127
1952,0.63314,-0.054477,0.012943,-0.13887,-0.26361
1952,0.64142,-0.15203,-0.034549,-0.19841,-0.13843
1952,0.66463,-0.13121,-0.0025849,-0.2531,-0.09619
1952,0.64419,0.16789,0.052508,-0.030092,-0.24213
1936,-0.50811,0.073321,-0.35647,0.025598,0.20865
1936,0.40392,0.40528,0.035412,0.18348,-0.18527
1936,0.38418,-0.39877,-0.18121,0.25713,-0.092301
1936,0.44988,0.41179,0.17481,0.19413,-0.13623
1972,0.29554,-0.2832,-0.20719,0.26868,-0.10755
1972,-0.42144,-0.1951,0.28638,0.1583,0.22742
1972,0.3256,-0.34055,-0.20352,0.29098,-0.15885
1972,-0.45372,-0.14658,0.49893,-0.019756,-0.15863
1955,-0.58483,0.099317,-0.30474,-0.09089,-0.031979
1955,-0.44353,-0.15999,0.2699,0.094604,0.13654
1955,-0.47164,0.089061,0.11323,0.050269,-0.086746
1955,-0.57114,-0.12726,0.29558,0.0079377,-0.15751
1914,-0.54253,-0.083258,0.35975,0.10109,0.071672
1914,0.55953,0.011082,0.080801,-0.29993,-0.01646
1914,-0.56844,-0.035632,0.18819,-0.014563,-0.15358
1914,-0.49489,-0.085713,0.22379,0.043016,-0.052765
1947,-0.29546,0.074192,0.10136,-0.11163,-0.20334
1947,0.61352,-0.25474,-0.038442,-0.12331,-0.1241
1947,-0.27387,-0.031787,0.0060669,-0.21982,-0.18141
1947,0.53917,-0.036798,0.08952,-0.0031916,-0.26322
1937,-0.49152,0.19031,-0.26588,-0.20039,-0.12163
1937,0.13396,-0.025542,0.11645,-0.014846,-0.3216
1937,-0.35625,0.030239,-0.12711,-0.1209,-0.23082
1937,0.50757,0.14391,0.1501,-0.11028,-0.20258
1907,0.62464,0.024764,0.021411,-0.068742,-0.24589
1907,0.49972,-0.40988,-0.084359,-0.067841,-0.13287
1907,-0.37231,0.1716,-0.11553,-0.044635,0.14882
1907,0.46004,-0.0002069,-0.087214,-0.0028858,-0.20632
1939,0.43561,-0.056094,0.045185,-0.3497,-0.06366
1939,0.29296,-0.16019,0.056357,-0.25763,-0.18801
1939,0.45661,-0.29813,-0.060059,-0.089596,-0.16225
1939,-0.1932,-0.0011196,0.088179,-0.019406,-0.1003
1956,-0.2934,-0.016514,0.15597,-0.16887,0.063893
1956,0.45221,0.18221,0.057501,-0.0016705,-0.10805
1956,-0.27753,-0.077832,0.036355,-0.062375,-0.32898
1956,0.21586,-0.2274,0.071117,-0.072835,-0.30276
1916,-0.41942,-0.25401,0.31876,0.1333,0.028478
1916,0.48071,-0.35962,-0.1675,0.13316,-0.17115
1916,0.40288,-0.3695,-0.077518,0.18169,-0.13448
1916,0.42188,0.32988,0.050095,0.28359,-0.17724
1917,-0.50137,-0.15503,0.18339,-0.059206,-0.30071
1917,-0.50151,-0.03714,-0.067059,-0.1486,-0.28057
1917,0.33945,-0.22388,-0.017427,-0.20273,0.0053128
1917,0.30378,-0.25907,-0.057567,-0.18472,0.001225
1942,-0.54171,0.12007,-0.16185,-0.04321,-0.0050578
1942,-0.63183,0.074242,-0.2605,-0.17667,-0.090298
1942,0.52332,-0.31953,-0.087964,-0.11153,-0.024038
1942,0.46302,-0.32611,-0.034499,-0.1566,-0.0043346
1950,-0.43555,-0.13421,0.11677,-0.082606,-0.15971
1950,-0.48029,-0.090299,0.14774,0.014999,-0.0086975
1950,0.090238,-0.040516,-0.06124,0.048025,-0.14732
1950,0.33374,0.28984,0.14865,-0.17106,-0.16842
1921,-0.41437,-0.066574,0.36282,-0.21097,-0.13488
1921,-0.45678,0.025641,-0.33201,-0.19574,-0.068569
1921,0.65172,-0.0051212,-0.00051069,-0.080117,-0.11571
1921,-0.43234,-0.029269,0.37481,0.057879,-0.15667
1919,0.4736,-0.2136,0.0063178,-0.21605,-0.057953
1919,0.3432,-0.17797,0.0063138,0.22212,-0.053473
1919,-0.31468,0.095909,-0.28725,-0.16746,-0.17943
1919,0.44117,0.29882,0.097195,-0.28223,-0.072404
1913,-0.53455,-0.032189,0.010027,0.0039642,-0.30639
1913,-0.46225,0.15668,-0.2488,-0.13092,-0.29246
1913,-0.5758,0.0037786,0.016384,-0.16401,-0.19147
1913,-0.33272,-0.16917,0.067615,-0.066725,-0.21686
1915,0.46495,0.033835,0.009628,0.099619,-0.29479
1915,0.61461,0.017921,0.063229,-0.15556,-0.19864
1915,0.63895,0.035278,0.041568,-0.28517,-0.087814
1915,0.56935,0.094298,0.033176,-0.18173,-0.30683
1912,-0.48299,-0.19666,0.33557,0.050947,-0.091566
1912,-0.40996,0.17043,-0.2623,0.019198,0.079789
1912,-0.27496,0.24011,-0.11752,0.12249,0.04673
1912,0.47795,-0.27893,-0.14308,0.24315,-0.033526
1948,-0.49399,0.032958,-0.17674,-0.12214,-0.29484
1948,0.56718,-0.10885,0.001375,-0.1966,0.016377
1948,-0.51292,-0.20193,0.36072,-0.056873,-0.12934
1948,-0.40078,0.19029,-0.28736,0.028577,0.23129
1941,-0.53778,-0.17536,0.37461,0.039217,-0.081035
1941,0.39358,0.040366,0.22515,-0.13222,-0.29544
1941,-0.14602,-0.18403,-0.13494,0.1539,-0.25475
1941,0.45584,0.16884,-0.049735,0.026431,-0.12559
1944,-0.63835,-0.067721,0.098869,-0.063514,-0.24743
1944,-0.44684,0.07034,0.096084,0.097883,0.11592
1944,-0.4089,0.050997,0.069056,-0.063352,-0.3105
1944,-0.62351,-0.012713,0.032432,-0.14038,-0.21273
1931,0.53253,0.077035,0.0052258,0.17171,-0.12796
1931,-0.20967,-0.17456,0.33945,-0.2412,-0.076864
1931,0.57747,-0.0018133,0.071579,-0.31741,0.057356
1931,0.43104,0.32408,0.14774,0.13346,-0.1837
1926,-0.51664,0.016599,0.071526,-0.024669,0.022325
1926,0.53511,0.32081,0.080652,0.013769,-0.123
1926,0.31919,-0.027657,-0.0231,0.20257,-0.17997
1926,-0.3751,-0.010301,0.060079,0.026686,0.10969
1946,-0.36356,-0.018216,-0.0061663,0.11979,0.14258
1946,-0.57558,-0.0073188,0.20201,0.068216,0.099163
1946,0.47792,0.030149,0.00041981,0.14652,0.052569
1946,-0.49326,0.16738,-0.30253,-0.080074,0.11924
1957,-0.51606,-0.085127,0.028973,-0.14166,-0.19941
1957,-0.62003,-0.041895,0.032757,-0.11571,-0.25826
1957,-0.46449,0.13011,-0.11821,-0.080458,-0.3108
1957,-0.4017,-0.1533,0.064239,-0.097823,-0.37635
1908,0.48045,0.010892,-0.091182,-0.17905,-0.16182
1908,0.64171,-0.03186,0.022167,-0.17614,-0.10955
1908,0.332,-0.090333,0.090902,0.061075,-0.063617
1908,0.56703,0.17111,0.069718,-0.11974,-0.0483
1918,-0.55461,-0.11234,0.35402,0.063204,0.015163
1918,0.44454,-0.31034,0.0015399,-0.063408,-0.059057
1918,-0.42003,0.1618,-0.12359,0.066301,0.27586
1918,-0.439,-0.054498,0.26939,-0.059119,-0.27307
1938,0.26872,-0.26198,0.013571,-0.16038,-0.098528
1938,0.33439,-0.20985,-0.029535,-0.16557,-0.056153
1938,0.40095,-0.34572,-0.075676,0.30458,-0.052837
1938,-0.46408,0.078574,-0.066526,-0.17302,-0.23515
1925,0.26492,-0.13165,-0.043052,0.08155,-0.39514
1925,-0.56613,-0.15907,0.39366,0.044115,-0.05409
1925,-0.39227,-0.13651,0.30389,0.08825,0.082011
1925,0.361,0.42703,0.082987,0.26492,-0.12214
1953,-0.49262,0.051922,-0.046778,-0.14058,-0.26455
1953,-0.59403,0.0842,-0.073091,-0.15164,-0.26994
1953,-0.50449,0.0075047,-0.054286,-0.28289,-0.16638
1953,0.40163,0.38527,-0.03898,0.16059,-0.045808
1951,-0.54457,-0.061373,0.19229,0.0025403,-0.14476
1951,0.13363,-0.18321,-0.083859,-0.22204,-0.2374
1951,0.55108,-0.38207,-0.085357,-0.25147,-0.02144
1951,-0.46647,-0.066121,0.042886,-0.3223,-0.21696
1934,0.47597,-0.20581,-0.010391,-0.12899,-0.15851
1934,-0.52867,-0.036688,-0.047733,-0.097969,-0.15095
1934,-0.59149,0.073431,-0.21951,-0.16161,-0.14976
1934,0.50197,0.20257,0.041526,-0.1718,-0.012851
1945,0.49726,0.026146,0.016765,-0.065707,-0.27369
1945,0.30178,-0.12196,0.13836,-0.18806,-0.22357
1945,0.45875,0.1417,0.026239,-0.19433,-0.1011
1945,0.56179,-0.050762,0.042527,-0.19939,-0.16843
1938,0.38946,-0.18439,-0.029258,-0.10187,-0.05952
1938,0.26044,0.056798,0.10745,-0.15613,-0.04171
1938,-0.12765,-0.072832,0.13784,-0.12985,-0.13039
1938,0.16964,-0.0062621,-0.04068,-0.093264,-0.079818
1935,0.5371,0.020577,0.026705,-0.20209,-0.039336
1935,0.39419,-0.091505,0.022037,0.083785,-0.061152
1935,0.53978,-0.1929,-0.040342,-0.14063,-0.022699
1935,0.44732,0.061865,0.06948,-0.142,-0.20746
1937,0.44213,0.023954,-0.0084514,-0.28102,-0.14616
1937,0.34947,0.24465,0.070977,-0.10039,-0.23831
1937,0.22172,-0.049444,0.1039,-0.10583,-0.32705
1937,0.23326,0.038353,0.022434,-0.12221,-0.27404
1951,0.013928,-0.053135,0.11797,-0.088492,-0.18107
1951,-0.35726,0.023799,0.1848,-0.058658,-0.25517
1951,0.4113,-0.3269,-0.041854,-0.15742,-0.18828
1951,-0.43433,-0.054822,0.19711,-0.035715,-0.19623
1952,0.57111,-0.088122,-0.066422,0.1478,-0.3372
1952,0.58131,-0.052533,0.04066,-0.13186,-0.2301
1952,0.51165,-0.066954,-0.049121,0.14557,-0.31162
1952,0.47905,0.02492,0.029056,-0.078794,-0.26282
1928,0.5617,-0.032791,0.058736,-0.38737,0.082205
1928,0.45564,-0.12393,0.072039,-0.39495,0.10273
1928,-0.51834,0.038601,0.0056318,-0.10172,-0.21273
1928,0.19332,-0.028736,0.1392,-0.0050936,-0.16627
1931,-0.59971,-0.060908,0.16474,-0.16314,-0.25008
1931,-0.59063,-0.030749,0.096863,-0.18371,-0.33146
1931,0.5489,-0.41105,-0.070552,-0.18854,-0.060886
1931,-0.54238,0.010452,0.0044585,-0.053228,-0.074972
1932,-0.62652,-0.053209,0.15161,-0.10541,-0.31392
1932,-0.44393,-0.18864,0.26271,0.035702,-0.18022
1932,-0.50775,-0.16804,0.36704,0.099312,-0.04143
1932,-0.51004,0.16022,-0.27065,0.012992,0.12372
1944,-0.59201,-8.967e-05,-0.039544,-0.11494,-0.26852
1944,-0.51016,-0.058425,0.20465,-0.20978,-0.20903
1944,-0.51954,0.068214,-0.1556,-0.15149,-0.14258
1944,-0.52369,-0.086747,0.18435,-0.1336,-0.24409
1929,0.60512,-0.031572,-0.0023248,-0.14921,-0.25216
1929,0.62136,-0.083483,-0.028457,-0.14232,-0.21105
1929,0.46394,-0.087845,0.024351,-0.24016,-0.18046
1929,0.62571,-0.12709,0.0057805,-0.1927,-0.10062
1939,-0.48648,-0.061309,-0.031559,-0.19011,-0.13596
1939,-0.5622,-0.13645,0.15668,-0.10353,-0.24287
1939,-0.592,0.10091,-0.091787,-0.098653,-0.23694
1939,-0.60413,0.10467,-0.16415,-0.13422,-0.24079
1949,-0.52147,-0.19847,0.31199,0.030107,-0.14578
1949,0.39239,-0.053967,-0.0093941,-0.030205,-0.21086
1949,-0.47693,0.06271,-0.16233,-0.23878,-0.23159
1949,-0.5236,-0.019106,-0.023235,-0.31684,-0.18298
1925,-0.68448,0.00086629,-0.016522,-0.15745,-0.23623
1925,-0.68231,-0.0057815,-0.0088485,-0.13705,-0.24784
1925,-0.67025,-0.034575,0.012309,-0.12444,-0.22747
1925,-0.30277,-0.061234,-0.052911,0.021657,-0.12727
1953,-0.64928,0.014884,0.018019,-0.1479,-0.18952
1953,-0.62693,-0.012613,-0.067806,-0.10287,-0.17348
1953,-0.35359,-0.053218,0.09933,-0.097753,-0.29085
1953,-0.58129,-0.024241,-0.037299,-0.087158,-0.19997
1927,0.52088,0.26669,0.13978,-0.11271,-0.061466
1927,0.45606,0.030498,0.095874,0.15382,-0.24453
1927,0.51091,-0.40027,-0.035449,-0.0074135,-0.044751
1927,0.38286,-0.28089,0.017505,-0.035025,-0.084373
1943,0.49427,-0.24936,-0.039469,-0.23265,-0.11473
1943,0.31322,0.1786,0.25091,-0.044899,-0.27077
1943,0.48439,0.034582,-0.046324,0.12107,-0.13898
1943,0.43343,0.14977,0.018836,-0.12324,-0.12892
1947,0.57942,0.18121,0.12103,-0.28473,-0.054508
1947,0.42671,-0.23147,-0.0042674,-0.17205,0.016265
1947,0.62878,-0.17521,-0.012589,-0.17519,-0.16901
1947,0.5101,-0.23609,-0.031763,-0.18273,0.0070026
1954,-0.44254,-0.065851,0.019294,0.0064845,-0.11713
1954,-0.42627,-0.039607,0.023171,-0.11119,-0.21544
1954,-0.53617,0.0099439,-0.082321,-0.1688,-0.28255
1954,-0.57863,-0.11054,0.18197,-0.079402,-0.225
1955,0.58853,0.13719,0.043409,-0.1587,-0.19945
1955,0.55844,-0.18072,-0.024154,-0.13403,-0.20777
1955,0.5778,-0.22216,-0.056199,-0.23314,-0.18401
1955,0.57727,0.15818,0.054272,-0.14642,-0.10537
1948,0.51731,0.15447,0.1461,-0.02544,-0.18623
1948,0.48159,-0.35744,-0.15406,-0.15085,-0.024447
1948,0.57667,-0.10548,-0.046435,0.15664,-0.24047
1948,-0.33666,0.0019178,-0.45069,0.011658,0.03081
1959,-0.46916,0.10201,-0.035265,-0.024506,-0.14564
1959,0.44096,0.060816,-0.011059,-0.1251,-0.38747
1959,-0.28534,0.056827,-0.19393,-0.041164,-0.26795
1959,-0.52591,-0.016108,-0.13345,-0.028933,-0.064214
1938,0.43572,0.32965,0.096433,0.17303,-0.20973
1938,-0.53247,-0.12892,0.32563,-0.0202,-0.074259
1938,0.432,-0.3567,-0.020076,-0.035465,-0.10278
1938,0.48494,-0.24679,-0.14733,0.19449,-0.28736
1958,0.51041,-0.082513,0.02544,-0.057919,-0.25834
1958,0.35611,-0.20069,-0.057312,-0.14067,-0.13684
1958,0.41066,-0.097341,-0.046926,-0.16093,-0.24027
1958,0.50889,0.14267,0.0035871,-0.141,-0.03361
1935,-0.39344,0.1211,-0.31499,-0.088091,-0.22815
1935,0.45656,-0.18647,-0.074106,-0.014508,-0.094586
1935,0.46712,0.037488,0.015199,-0.0078699,0.041347
1935,0.47248,-0.31109,-0.17935,0.28667,-0.16706
1908,-0.5061,0.16492,-0.38103,-0.0021863,0.22669
1908,0.44064,0.25045,0.17281,-0.19314,-0.11484
1908,0.63242,0.064555,0.062241,-0.16652,-0.13888
1908,-0.49902,0.14121,-0.2379,-0.11386,-0.16682
1950,-0.50395,-0.061794,0.073887,-0.012526,-0.090241
1950,-0.5484,-0.025233,-0.025962,-0.042381,-0.18816
1950,0.39372,-0.036453,0.035517,-0.1707,-0.19555
1950,-0.60259,-0.090859,0.10678,-0.14041,-0.29802
1960,0.66758,-0.074544,-0.0012905,-0.14192,-0.23653
1960,0.42597,0.15989,0.085738,-0.22511,0.014631
1960,0.37505,0.073425,-0.046475,-0.18541,-0.0095723
1960,0.53137,-0.26234,-0.10513,-0.14133,-0.12507
1939,0.41536,0.02654,-0.018285,0.0022963,-0.088336
1939,0.46661,0.40261,0.079044,0.044843,-0.076059
1939,-0.41766,0.13915,-0.37146,-0.062357,0.16603
1939,-0.40068,0.23219,-0.31432,0.036222,0.21818
1942,0.22501,0.020017,-0.01104,-0.055134,-0.27246
1942,0.56822,-0.37913,-0.085128,-0.09285,-0.087968
1942,0.40796,0.20366,0.12679,-0.17716,-0.17025
1942,0.49074,-0.29264,-0.15435,0.12653,-0.20059
1937,-0.48024,0.029323,0.01094,-0.046484,-0.24252
1937,0.39852,-0.040045,0.025467,-0.050378,-0.11013
1937,-0.45758,0.037231,-0.11368,-0.048972,-0.10902
1937,0.3662,-0.024133,0.062236,-0.035595,-0.11569
1956,0.45281,0.064914,0.14422,-0.16682,-0.24758
1956,0.53274,0.12321,0.078183,-0.19829,-0.18941
1956,0.55654,-0.093366,0.046262,-0.15051,-0.23965
1956,0.47545,0.0366,-0.0049294,0.027764,-0.17631
1947,0.57316,-0.31413,-0.078469,0.030126,-0.051156
1947,0.58746,0.018745,0.065332,-0.25429,-0.057
1947,0.57152,0.035662,0.12027,-0.29529,0.0078445
1947,0.55044,-0.081147,-0.0063941,0.020616,-0.21395
1932,0.27259,0.028053,-0.045961,-0.079698,-0.27486
1932,0.52746,0.38342,0.04819,0.037162,-0.14451
1932,0.45507,-0.30821,-0.0046886,-0.24429,0.047439
1932,0.4186,-0.01442,0.10182,0.25458,-0.19027
1962,-0.37719,-0.11429,0.11605,0.045911,0.071567
1962,-0.52082,0.081772,-0.02269,-0.092716,-0.15506
1962,-0.47529,0.1253,-0.2943,-0.16681,-0.13846
1962,-0.4212,-0.01772,-0.045527,-0.068024,-0.12709
1934,0.57125,-0.29714,-0.020462,-0.15225,-0.10163
1934,0.50231,-0.31572,0.055822,-0.1137,-0.067753
1934,-0.4638,-0.20306,0.36068,0.092727,-0.069644
1934,0.47836,0.25964,-0.036909,0.058331,-0.059248
1941,0.31757,-0.070495,-0.098426,-0.11525,-0.14063
1941,0.46288,-0.18576,-0.12578,-0.22883,-0.082225
1941,0.51785,0.14717,0.00059957,0.14981,-0.26625
1941,0.46173,-0.084347,-0.0030686,-0.059202,-0.20827
1938,0.38962,0.14571,0.088809,-0.34348,0.045139
1938,0.40179,-0.088283,-0.024005,0.059072,-0.17883
1938,-0.52492,0.0038077,0.019537,-0.14344,-0.28957
1938,0.46133,-0.10776,0.054883,-0.38281,0.012399
1946,0.50581,0.33489,0.1404,-0.28397,0.0026214
1946,0.61369,-0.30346,-0.095698,-0.096181,-0.12616
1946,-0.43798,-0.0020948,0.067333,-0.15709,-0.1921
1946,0.44962,0.06318,-0.052087,-0.16438,-0.22387
1927,-0.52053,-0.12578,0.3035,0.025027,-0.065474
1927,-0.5128,-0.10782,0.27641,-0.1559,-0.25053
1927,-0.20395,0.028068,-0.20118,-0.19267,-0.21535
1927,-0.13767,-0.075399,-0.15647,-0.12766,-0.28161
1925,0.35194,0.17321,0.023937,-0.23965,-0.11525
1925,0.44954,0.070972,-0.033327,-0.2506,-0.079573
1925,0.51683,-0.29628,-0.13439,0.09487,-0.14104
1925,0.46202,-0.15541,-0.032845,-0.0015084,-0.13767
1943,-0.58198,-0.025574,0.096565,-0.077013,-0.25604
1943,-0.5245,0.041836,-0.15378,-0.13812,-0.1948
1943,0.53529,-0.11374,0.0031229,-0.12694,-0.11295
1943,0.1427,0.048086,-0.003759,-0.10609,-0.18658
1945,0.59461,0.34941,0.13387,-0.22408,-0.06559
1945,0.42763,-0.0042889,0.086743,-0.068381,-0.15078
1945,-0.41218,-0.17461,0.099008,-0.02632,-0.17439
1945,0.34688,0.045841,-0.081934,-0.10625,-0.17711
1947,0.56967,-0.12629,-0.04926,0.040458,-0.2029
1947,0.57135,0.049944,-0.0027831,-0.077065,-0.35473
1947,0.44406,-0.049622,-0.066652,-0.030994,0.0041276
1947,0.54103,-0.21527,0.0024701,-0.17474,-0.12585
1942,0.42609,-0.01843,0.11145,-0.043907,-0.30929
1942,0.59678,-0.34907,-0.099483,-0.11638,-0.14624
1942,0.50158,-0.19628,-0.017971,-0.16506,-0.22871
1942,0.51226,0.13725,0.037969,0.034348,-0.14113
1940,-0.51646,0.031267,0.010554,-0.10083,-0.26903
1940,0.55623,-0.020326,0.013439,-0.21505,-0.10962
1940,0.66333,0.067174,0.036526,-0.19607,-0.12728
1940,0.55062,-0.32647,-0.036694,-0.24179,-0.051859
1939,0.52094,0.091811,0.05481,-0.00084401,-0.25174
1939,0.40039,-0.12602,-0.095717,-0.041939,-0.26738
1939,-0.25426,-0.099971,-0.044405,-0.071659,-0.17723
1939,0.32308,0.017455,-0.11801,0.21063,-0.27043
1949,0.45108,-0.17684,-0.04506,-0.104,-0.26001
1949,0.64447,0.040471,0.018358,-0.013293,-0.27957
1949,0.20161,0.12651,0.10744,-0.15208,-0.115
1949,0.62281,0.16579,0.12059,-0.30749,-0.054944
1929,0.56011,-0.050639,0.039912,-0.19715,-0.13999
1929,0.47773,0.13675,0.10366,-0.012952,-0.25568
1929,0.5522,0.10574,0.088817,-0.26433,-0.044195
1929,0.40261,0.030002,-0.016266,0.0034065,-0.25854
1930,0.49244,0.27251,-0.013194,-0.012446,-0.13818
1930,-0.30898,0.11818,-0.24496,0.072558,0.22594
1930,0.31885,0.26436,-0.068454,0.18564,0.054195
1930,0.55097,-0.21341,-0.068349,-0.15312,-0.0081902
1936,0.37566,-0.11147,-0.0024148,-0.2647,-0.054183
1936,-0.25135,-0.11733,-0.19755,-0.033994,-0.28853
1936,0.58229,-0.029152,-0.023814,0.00075986,-0.2494
1936,0.5259,0.010498,0.10323,-0.27661,-0.1008
1928,0.46158,0.011433,0.049362,-0.043282,-0.0090569
1928,0.46448,-0.1073,-0.035708,0.15455,-0.22116
1928,0.39168,0.3389,-0.0079208,0.13884,-0.11437
1928,0.66069,0.10601,0.043015,-0.041131,-0.13524
1958,0.47882,0.14718,-0.014393,0.1845,-0.31009
1958,0.54759,-0.22439,-0.0075929,-0.28036,-0.12584
1958,0.19822,-0.060585,0.095194,-0.066265,-0.21447
1958,0.40355,0.10017,0.07226,-0.12388,-0.23002
1987,-0.59596,-0.046139,0.024853,-0.085161,-0.2286
1987,0.43021,0.070545,-0.0075424,-0.10048,-0.24599
1987,0.49822,-0.39914,-0.070691,0.060325,-0.076232
1987,0.37884,0.34207,0.031042,0.058921,-0.011323
1973,0.40521,0.22072,0.22244,-0.19774,-0.068763
1973,0.36831,0.20091,0.10437,-0.25434,-0.15173
1973,0.31453,-0.064258,-0.17009,-0.030554,-0.21191
1973,0.28376,0.086736,-0.011854,-0.0099655,-0.17801
1939,0.50866,0.27433,-0.018543,-0.093276,-0.031559
1939,-0.42975,-0.19021,0.32143,0.013256,-0.070647
1939,-0.48926,-0.17185,0.1363,-0.064176,-0.22656
1939,-0.31887,0.10097,0.048021,-0.027912,-0.26838
1953,-0.60708,0.00084451,-0.080741,-0.18481,-0.26041
1953,-0.61702,0.10502,-0.20418,-0.18376,-0.22868
1953,-0.53452,-0.015721,0.11999,-0.017888,-0.11345
1953,0.31297,-0.11797,-0.014105,0.056276,-0.047316
1944,0.45427,-0.005027,0.040041,-0.15519,-0.17403
1944,-0.56274,0.035203,0.050004,-0.037529,-0.27512
1944,-0.55693,0.022572,-0.048578,-0.12435,-0.22032
1944,-0.39365,0.093849,0.060858,-0.19242,-0.23334
1960,-0.40229,0.1926,-0.14869,-0.095306,-0.085681
1960,-0.31874,0.056311,0.02979,-0.082196,0.11769
1960,0.49998,0.20614,0.047544,-0.22947,-0.1315
1960,0.37358,-0.21085,-0.21121,-0.11021,-0.19312
1997,0.61442,-0.032318,0.048704,-0.2502,-0.096109
1997,-0.28886,0.086002,-0.048071,-0.1001,-0.29543
1997,-0.24786,-0.069149,0.066815,-0.024905,-0.36814
1997,0.43427,0.064352,0.014154,-0.067648,-0.38032
1959,-0.41943,0.003626,0.11187,-0.1724,-0.19934
1959,-0.30177,-0.016864,0.069637,-0.30139,-0.026737
1959,-0.40406,-0.0001153,0.011745,-0.031286,-0.1883
1959,-0.31308,-0.045061,0.10918,0.0020427,-0.33521
1975,0.3901,0.25497,-0.015641,0.27819,-0.1791
1975,-0.30757,0.14803,-0.19946,-0.052527,-0.015297
1975,0.55685,0.24544,0.16039,-0.28988,0.025605
1975,0.49456,-0.34868,-0.1538,0.19811,-0.1782
1986,-0.34745,-0.04314,-0.14161,-0.078563,-0.27592
1986,-0.42589,-0.031175,0.24446,-0.22186,-0.19739
1986,0.35823,-0.36954,-0.10564,0.20589,-0.23856
1986,0.16208,0.12183,-0.048693,-0.21674,-0.082731
1992,0.56746,0.19878,0.10724,-0.25876,-0.085109
1992,0.55273,-0.16194,0.0094355,-0.21159,-0.12553
1992,0.44757,0.0264,0.14359,-0.2169,-0.05805
1992,0.41027,-0.20005,-0.0011993,0.0709,-0.033182
1951,-0.30478,0.078557,-0.052835,-0.070804,-0.29998
1951,-0.31208,-0.0052178,0.033267,-0.12675,-0.18072
1951,0.24404,-0.061878,-0.019528,-0.13096,-0.25227
1951,0.53926,-0.10938,0.058486,-0.1476,-0.24145
1954,-0.46771,-0.052898,-0.024097,-0.11825,-0.25017
1954,-0.47555,0.048892,0.036097,-0.01221,-0.12342
1954,-0.43179,0.086649,-0.01898,-0.10149,-0.16638
1954,-0.33556,-0.093937,-0.064968,-0.17146,-0.21015
1950,0.34797,-0.10045,0.14744,-0.29612,-0.11314
1950,-0.40583,-0.029115,0.037573,-0.22678,-0.20799
1950,-0.15559,-0.062715,0.055977,-0.36922,-0.1339
1950,0.31364,-0.20323,0.14155,-0.38451,-0.063718
1949,0.67254,-0.053553,-0.0022463,-0.11007,-0.24621
1949,0.66609,0.0089615,0.0087781,-0.089262,-0.27699
1949,0.67099,-0.05396,0.00057619,-0.11329,-0.24449
1949,0.58158,-0.064095,-0.0215,-0.13541,-0.20568
1932,0.60089,-0.12809,-0.02033,-0.11717,-0.21587
1932,0.43505,-0.1052,-0.18088,-0.027245,-0.18723
1932,-0.15367,-0.013885,0.068843,-0.16309,-0.28959
1932,-0.28662,-0.087592,-0.19609,-0.14201,-0.25726
1970,-0.6699,0.042628,-0.098589,-0.16574,-0.22725
1970,-0.65486,0.00071205,-0.061996,-0.20789,-0.20939
1970,-0.65059,0.00183,-0.02383,-0.18319,-0.22835
1970,-0.26675,-0.027302,-0.0023038,0.01383,-0.10734
1961,0.44785,0.019655,0.082721,-0.068754,-0.10589
1961,0.55421,-0.32091,-0.050204,-0.2593,-0.052785
1961,0.36783,0.01721,0.063528,-0.20369,-0.21902
1961,-0.26093,-0.18876,0.13907,-0.049712,-0.25144
1941,-0.4896,0.051233,-0.26745,-0.050761,-0.05563
1941,0.45305,0.10239,0.03344,-0.1018,-0.19146
1941,-0.50078,-0.14741,0.25287,-0.0353,-0.27368
1941,0.29512,-0.097792,-0.1924,-0.011514,-0.1511
1978,0.58612,0.32889,0.09943,0.06068,-0.13116
1978,0.55057,0.10566,0.081765,0.13335,-0.24336
1978,0.50672,0.17091,-0.023722,0.066255,-0.26491
1978,0.50138,0.027839,-0.078717,0.15659,-0.36166
1956,0.4111,0.22284,0.11844,-0.22115,0.0086807
1956,-0.45294,-0.18794,0.16012,0.013371,-0.22605
1956,-0.30547,0.09388,0.039636,-0.16224,-0.24585
1956,0.50541,0.20313,0.062763,-0.19827,-0.27601
1987,0.51973,-0.13228,-0.063367,-0.28275,-0.12263
1987,0.5455,-0.11264,-0.044779,0.046347,0.10081
1987,-0.62689,0.055989,-0.15208,-0.15115,-0.24809
1987,-0.61556,0.043341,-0.11867,-0.14467,-0.26992
1968,-0.44406,-0.11198,0.25782,-0.016893,-0.29937
1968,-0.58889,-0.013753,-0.016094,-0.17581,-0.15983
1968,-0.46985,0.052374,0.0082829,-0.08081,-0.21873
1968,-0.44553,-0.01227,0.11789,-0.19631,-0.2055
1969,0.62058,0.067972,0.0094946,-0.12253,-0.18801
1969,0.61608,-0.014855,-0.025808,-0.22603,-0.17648
1969,0.51217,-0.096604,0.0032469,-0.045508,-0.32446
1969,0.45634,-0.2542,0.035516,-0.20593,-0.19006
1957,-0.17526,0.11633,-0.096874,-0.048996,-0.30844
1957,-0.30152,-0.041903,-0.045948,-0.2607,-0.18939
1957,0.43391,-0.28949,-0.07862,-0.096113,-0.28347
1957,0.52096,0.096213,0.008911,-0.11452,-0.27572
1977,0.55646,0.086708,0.049656,-0.21268,-0.26316
1977,0.53929,-0.0015611,0.022265,-0.047365,-0.2191
1977,0.66246,-0.033157,0.004255,-0.11082,-0.26289
1977,0.63016,-0.03792,-0.0022182,-0.078152,-0.26876
1935,0.59778,-0.33331,-0.051306,-0.17558,-0.10418
1935,-0.49905,0.09189,-0.13522,-0.14277,-0.27718
1935,0.43129,-0.077311,-0.0068073,-0.038089,-0.278
1935,0.49832,0.15377,0.019942,0.065775,-0.30398
1966,-0.47967,-0.015647,0.040204,-0.1808,-0.19498
1966,-0.46451,0.0028076,-0.037395,-0.1161,-0.23095
1966,0.50951,-0.15697,-0.068825,0.019129,-0.38021
1966,-0.14338,-0.017425,-0.085269,-0.2112,-0.18704
1933,-0.39184,-0.10189,0.050282,-0.11779,-0.23401
1933,0.32865,-0.24919,0.036744,-0.19188,0.020027
1933,0.38936,-0.032474,-0.085494,-0.10792,-0.27985
1933,0.52495,0.10964,0.012284,-0.069494,-0.20901
1936,0.5489,0.070033,0.048212,-0.1235,-0.331
1936,-0.40284,0.066427,-0.052119,-0.16644,-0.14522
1936,0.5699,0.35898,0.093801,-0.18225,-0.079116
1936,0.31192,0.15505,-0.0643,0.085363,-0.26371
1967,0.49982,-0.0053653,0.036231,-0.17016,-0.1784
1967,0.3498,-0.00018338,-0.064702,-0.10245,-0.14365
1967,0.33748,-0.044137,0.099955,-0.043614,-0.23123
1967,0.18127,0.055412,0.024684,-0.15449,-0.21163
1976,0.52344,-0.10248,-0.02204,-0.18218,-0.23614
1976,0.47745,0.29364,0.062928,-0.012054,-0.23745
1976,0.44427,0.10232,0.061779,-0.085835,-0.26327
1976,0.43304,-0.089507,0.06563,-0.091266,-0.31274
1974,-0.38555,-0.058329,-0.013341,-0.027216,-0.20971
1974,0.35105,-0.32385,0.027465,-0.22451,-0.050487
1974,0.34024,-0.13097,-0.011337,-0.14638,-0.26439
1974,0.45382,-0.18429,-0.012549,-0.23531,-0.069246
1945,0.35518,-0.053592,0.10682,-0.0024939,-0.2502
1945,0.44262,-0.11837,-0.089785,-0.13387,-0.18998
1945,-0.58939,0.13425,-0.22629,-0.17813,-0.19774
1945,0.53671,0.34357,0.069045,0.059046,-0.12566
1963,0.48245,9.6724e-05,0.0077939,-0.12315,-0.30024
1963,0.34799,-0.060032,-0.12225,-0.037081,-0.21421
1963,0.52024,-0.12967,0.051824,-0.32528,0.066553
1963,0.43595,0.0060961,0.018921,-0.19669,0.10675
1947,-0.50254,-0.063083,0.12893,-0.35735,-0.12035
1947,0.50271,0.071582,-0.065734,-0.068793,-0.18636
1947,-0.45413,0.010827,-0.1305,-0.05425,-0.095669
1947,-0.5049,-0.018558,0.084239,-0.39536,-0.1621
1937,0.47319,-0.34085,-0.10729,-0.017856,-0.26724
1937,0.57788,0.25217,0.08555,-0.18214,-0.066101
1937,0.5026,-0.35504,-0.10569,0.0095571,-0.15984
1937,-0.38345,-0.093535,0.27593,-0.016808,-0.26821
1936,-0.55286,-0.077662,0.13876,-0.064108,-0.28253
1936,-0.5529,0.11928,-0.32326,-0.044598,0.084812
1936,0.39421,-0.20595,0.04429,0.14504,-0.13979
1936,-0.36808,0.15663,-0.14851,-0.034075,-0.0023641
1940,0.57171,-0.25196,-0.0082291,-0.12895,-0.14859
1940,0.51411,-0.13406,-0.080046,-0.25343,-0.247
1940,-0.378,-0.20785,0.19618,-0.11073,-0.21643
1940,0.42545,-0.22281,-0.095883,-0.18264,-0.037305
1946,-0.37335,-0.12408,0.048615,0.012599,-0.1936
1946,0.45229,0.21544,-0.0068354,-0.07492,-0.17798
1946,-0.45565,0.0081256,-0.02521,-0.06579,-0.19067
1946,-0.30705,-0.082591,0.092289,-0.036068,-0.057183
1933,0.52763,-0.097734,0.0011015,-0.051207,-0.068497
1933,0.48791,0.00052803,-0.052089,0.047968,-0.2753
1933,-0.50109,-0.041804,0.19025,0.042927,-0.088952
1933,0.52085,-0.0014624,0.11544,-0.22485,-0.043146
1939,0.54811,0.22944,0.0033214,0.10513,-0.1721
1939,0.33377,-0.24077,0.1577,-0.019633,-0.066125
1939,0.55555,0.10551,0.10432,-0.10247,-0.062679
1939,0.55305,0.27531,0.0071009,-0.043977,-0.079311
1945,-0.45319,-0.12211,0.15027,-0.010765,-0.2527
1945,0.52894,-0.040845,0.10721,-0.038668,-0.2493
1945,-0.58817,0.038481,0.0035124,-0.10863,-0.2301
1945,0.36628,-0.21407,-0.062044,-0.16208,-0.30476
1931,0.48779,-0.091802,-0.01333,-0.15282,-0.2011
1931,0.60277,0.089675,0.052145,-0.086192,-0.082575
1931,0.50303,-0.25612,-0.082596,-0.14443,-0.11426
1931,0.5243,0.062655,-0.04601,0.063077,-0.11441
1932,0.60582,0.26597,0.056316,0.037645,-0.16352
1932,0.64317,0.066213,-0.0004442,0.0013822,-0.12204
1932,0.58898,0.31512,0.070998,0.019861,-0.17517
1932,0.66481,-0.088758,-0.0057444,-0.14475,-0.16654
1938,0.44321,0.22969,0.22224,-0.21471,0.0020517
1938,0.43927,-0.33113,0.015285,-0.1832,0.0083811
1938,0.51023,0.22112,0.16913,-0.10158,-0.14622
1938,0.4355,0.29624,0.089321,-0.24024,0.05218
1929,0.55482,0.26295,0.13837,0.029247,-0.19639
1929,-0.35985,-0.071603,-0.21433,-0.014891,-0.24619
1929,0.37239,-0.22883,-0.026299,-0.2261,-0.11035
1929,0.55934,0.02191,0.00511,-0.16395,-0.16098
1944,0.32721,-0.16765,-0.19751,-0.037554,-0.22613
1944,0.51343,0.068662,-0.053221,0.064537,-0.079848
1944,0.48603,-0.061325,-0.011488,0.052265,-0.074813
1944,0.54214,0.17658,0.040996,0.1611,-0.17011
1942,-0.4244,0.073453,-0.10116,-0.060977,-0.24755
1942,0.199,0.13834,0.18643,0.098629,-0.1707
1942,-0.45796,-0.012125,-0.19789,-0.073395,-0.12019
1942,0.65917,0.045775,0.009082,0.063746,-0.26101
1934,0.6064,-0.23229,-0.034807,-0.00011574,-0.22458
1934,0.57794,-0.069777,0.022725,-0.067794,-0.20876
1934,0.57369,-0.29214,-0.074382,-0.010786,-0.21867
1934,0.46224,-0.22256,-0.031191,-0.0125,-0.011067
1928,-0.52808,0.10565,-0.36318,-0.04084,0.11193
1928,-0.55551,0.14652,-0.30825,-0.11136,-0.093171
1928,0.39612,0.45686,0.0016618,0.06912,-0.10336
1928,-0.5801,-0.10113,0.21073,-0.12341,-0.26528
1941,-0.38063,0.024936,0.0049613,-0.24276,-0.17885
1941,-0.54434,0.0045895,-0.041775,-0.15654,-0.16547
1941,-0.56579,0.030399,-0.021676,-0.17693,-0.21597
1941,-0.38996,0.0082738,0.042719,-0.16525,-0.11234
1948,0.47638,0.32737,0.058154,-0.020296,-0.1596
1948,0.47659,0.18095,-0.010008,-0.19066,-0.26859
1948,0.43714,-0.050137,-0.081262,0.21529,-0.39876
1948,-0.24533,-0.12993,0.24974,-0.064888,-0.23355
1962,-0.21663,-0.016338,-0.076817,-0.11617,-0.20837
1962,0.41116,-0.28871,-0.037195,-0.19617,-0.029145
1962,-0.3624,0.1552,-0.27407,-0.11388,-0.0012712
1962,0.37642,0.020022,-0.015108,-0.26608,-0.10718
1961,-0.30557,-0.0439,-0.063715,0.049077,-0.19596
1961,0.47733,0.0034175,-0.0012087,0.0028717,-0.1059
1961,0.39687,-0.011142,-0.028213,-0.12062,-0.15112
1961,-0.40244,-0.04868,-0.053994,-0.059399,-0.26393
1956,-0.50172,-0.0028612,0.07823,-0.057661,-0.0041573
1956,0.41472,0.22592,0.055914,-0.14944,-0.024032
1956,-0.49057,0.11196,-0.053374,-0.076738,-0.2785
1956,0.42987,0.28549,-0.055408,0.20439,-0.17744
1947,-0.58579,0.11462,-0.19883,-0.16024,-0.20271
1947,-0.58094,-0.031442,-0.034088,-0.27603,-0.16365
1947,-0.57604,0.035684,-0.059709,-0.17523,-0.17867
1947,-0.48475,-0.027459,-0.030965,-0.11761,-0.24347
1955,-0.27996,-0.0077377,-0.14815,-0.19161,-0.20748
1955,0.24675,-0.18102,0.091562,-0.27526,-0.092474
1955,0.13019,-0.084807,-0.067772,-0.063701,-0.31432
1955,0.39196,-0.091435,-0.066457,-0.15033,-0.28342
1959,-0.60647,0.0057379,-0.11823,-0.17092,-0.19765
1959,-0.3082,-0.081338,0.23144,-0.28999,-0.17632
1959,-0.48877,0.20162,-0.24391,-0.19625,-0.16755
1959,-0.58326,0.15639,-0.29323,-0.14588,-0.22258
1960,-0.3396,-0.0081271,0.096088,-0.012869,-0.19583
1960,0.35098,-0.24278,-0.047984,-0.026564,-0.1765
1960,0.57599,0.21612,0.066037,0.091363,-0.22109
1960,0.56857,0.18073,0.087184,0.047712,-0.21749
1944,0.21925,-0.017345,0.091366,-0.083055,-0.23001
1944,-0.34916,0.059654,-0.094884,-0.11811,-0.27117
1944,-0.2786,-0.073558,0.076985,-0.16713,-0.32837
1944,-0.29017,0.036035,-0.11422,-0.015066,-0.33917
1943,-0.2824,0.0011757,0.10454,0.037749,-0.10701
1943,-0.31421,-0.022626,0.14896,-0.092266,-0.10411
1943,0.45289,0.054302,0.1008,-0.032195,-0.23558
1943,-0.41215,-0.025749,-0.0023042,-0.053358,-0.11444
1963,0.54187,0.086393,0.053197,-0.2532,-0.11396
1963,0.51454,0.28867,0.015439,-0.058311,-0.13082
1963,0.49734,0.32259,0.052795,-0.14078,-0.14554
1963,-0.39925,-0.1105,0.1278,-0.098808,-0.23908
1957,0.54048,0.13643,0.062856,-0.019254,-0.25182
1957,0.46482,0.21644,0.025966,-0.16446,-0.33796
1957,0.52483,-0.3427,-0.095877,0.019151,-0.13249
1957,0.56076,-0.15058,-0.048116,0.13384,-0.33272
1942,-0.35865,-0.064046,0.17654,-0.054144,-0.24862
1942,0.30981,-0.20283,0.015031,-0.16102,-0.2312
1942,0.28215,-0.090891,-0.12665,-0.21767,-0.13148
1942,-0.43006,0.023848,0.069589,-0.13321,0.0052351
1935,0.57498,-0.40765,-0.11234,-0.059754,-0.10044
1935,0.39115,0.32681,0.14686,0.20378,-0.27558
1935,-0.3015,0.11373,-0.14329,-0.18992,-0.12696
1935,0.23445,0.23322,0.067032,-0.22436,-0.28705
1953,0.59994,-0.062085,0.048634,-0.18198,-0.11402
1953,-0.54817,0.03313,0.058199,0.041886,-0.034759
1953,-0.46751,-0.15741,0.29328,-0.080515,-0.31367
1953,-0.41973,-0.26579,0.2197,0.10805,-0.0096574
1938,-0.6622,0.056082,-0.1071,-0.18747,-0.24372
1938,-0.54252,-0.085424,-0.010935,-0.16684,-0.034828
1938,-0.46536,-0.11408,0.007361,-0.091853,-0.17928
1938,-0.56055,0.031924,0.031531,-0.18612,-0.21203
1972,-0.60581,-0.0096414,0.08686,-0.091997,-0.22882
1972,0.37371,0.0064043,-0.023268,-0.19194,-0.21999
1972,-0.63329,0.0023405,-0.021414,-0.12948,-0.23792
1972,-0.51327,0.078035,-0.2423,-0.22273,-0.18573
1984,-0.33121,-0.17057,0.095858,-0.14972,-0.24763
1984,0.44799,-0.041859,-0.043077,0.025104,-0.28655
1984,-0.32298,-0.037263,-0.039049,-0.088431,-0.24321
1984,-0.26322,-0.025819,0.059354,-0.16783,-0.17785
1976,-0.54267,0.015976,0.05216,-0.16833,-0.1871
1976,-0.52071,-0.055646,-0.015021,-0.09138,-0.28078
1976,-0.59988,0.071602,-0.14661,-0.13796,-0.18565
1976,-0.55504,0.040209,-0.22148,-0.11675,-0.12253
1958,0.58045,-0.41027,-0.078994,-0.13417,-0.027067
1958,0.28931,0.11335,-0.12264,-0.034066,-0.057228
1958,0.52107,0.19347,0.097584,-0.19341,-0.14978
1958,0.55184,0.033701,-0.011833,-0.0095631,-0.31307
1980,0.24978,-0.020009,-0.15233,0.047095,-0.29905
1980,-0.45838,0.03573,-0.0082089,0.035959,0.15115
1980,0.32913,0.11892,-0.05875,0.031193,-0.38826
1980,0.44222,0.32313,0.10924,0.22519,-0.16009
1979,0.61576,0.012859,0.064792,-0.33151,-0.067755
1979,0.5928,-0.00013275,0.052098,-0.23664,-0.0033565
1979,0.43919,0.123,0.095877,-0.25998,-0.14501
1979,0.52637,0.19673,0.081771,-0.15146,-0.14791
1977,0.57921,-0.070109,-0.0050289,-0.16467,-0.16823
1977,0.38681,0.079266,-0.0013767,-0.30591,-0.065244
1977,0.56109,-0.063026,-0.00023665,-0.24734,-0.17803
1977,-0.16689,-0.12919,0.21867,-0.13897,-0.28264
1973,0.66254,-0.0097577,0.0019524,-0.045429,-0.30052
1973,0.60244,0.29948,0.16877,-0.30811,-0.017367
1973,0.55329,-0.22859,-0.03273,-0.051105,-0.18187
1973,0.56782,0.30354,0.15968,-0.26706,-0.042385
1934,0.55902,-0.076852,-0.028505,-0.11759,-0.2251
1934,0.52171,0.1838,0.10012,-0.26377,-0.048464
1934,0.60221,-0.02002,0.056611,-0.2953,-0.045547
1934,0.29666,-0.28477,-0.086898,-0.13111,-0.29579
1950,0.49181,0.070955,-0.02745,0.15862,-0.29278
1950,0.5858,-0.042919,0.089134,-0.20778,-0.032282
1950,-0.61252,0.07813,-0.14098,-0.15235,-0.26332
1950,-0.27172,0.013737,-0.12286,-0.090375,0.16103
1975,0.30969,-0.045743,0.10441,-0.10656,-0.28448
1975,0.36427,0.13521,0.05239,-0.22281,-0.071758
1975,0.51308,-0.059027,-0.08874,-0.14939,-0.30173
1975,0.39258,-0.2259,-0.0017895,-0.26111,-0.13144
1940,-0.45969,-0.055307,-0.043638,-0.1176,-0.17441
1940,-0.45301,-0.12271,0.35991,0.015605,0.10261
1940,-0.47318,0.010808,-0.35702,0.00055544,0.036065
1940,-0.41664,-0.13395,0.34341,0.081628,0.12932
1968,-0.57425,0.079286,-0.00039273,-0.13646,-0.3199
1968,0.54724,0.31187,0.10139,-0.12718,-0.089017
1968,0.57414,-0.37492,-0.058131,-0.26908,-0.027693
1968,0.595,0.27545,0.14113,-0.2779,-0.030678
1981,-0.58952,-0.04856,0.061797,-0.16044,-0.22803
1981,-0.51894,0.0041379,0.036576,-0.097856,-0.17781
1981,-0.47884,-0.12481,0.30746,0.13574,0.18003
1981,-0.50216,-0.053243,0.047924,0.080661,0.21407
1960,0.43416,0.015378,0.1472,-0.13361,-0.013917
1960,0.37495,-0.042784,-0.0084717,-0.096865,-0.42249
1960,0.45551,-0.084905,0.03702,-0.017789,-0.1604
1960,-0.587,-0.019394,0.016887,-0.1255,-0.20338
1991,0.47628,-0.35191,-0.18234,0.2252,-0.15383
1991,-0.38892,-0.0015595,-0.0035182,-0.051465,-0.17222
1991,-0.4728,-0.049962,0.10184,-0.016549,-0.036895
1991,0.52304,0.32302,0.10252,-0.073792,-0.090754
1989,-0.42657,0.0067077,0.12065,0.080891,0.053352
1989,0.47662,0.17251,0.038233,0.0076046,-0.061821
1989,-0.28963,-0.14747,0.30786,0.059806,-0.22021
1989,-0.53851,-0.14278,0.2323,0.088321,-0.013003
1949,0.56521,-0.036879,0.047549,-0.31957,0.08686
1949,0.57643,-0.0050903,0.067563,-0.25233,0.12375
1949,0.53322,-0.31009,-0.095243,-0.11505,0.034705
1949,-0.37745,-0.079741,-0.032226,-0.077349,-0.082437
1943,0.024351,-0.054647,-0.047006,-0.1359,-0.34471
1943,-0.61977,0.049248,-0.041152,-0.12635,-0.08985
1943,-0.51779,-0.173,0.29978,-0.027003,-0.20921
1943,-0.63819,0.0010014,-0.021471,-0.088585,-0.12936
1939,0.51108,-0.11552,-0.05451,-0.052998,-0.020735
1939,0.48491,-0.4092,-0.074755,0.047305,-0.13492
1939,-0.53894,0.01811,0.011039,-0.17474,-0.024652
1939,-0.57425,0.026674,0.001331,0.029438,0.081901
1974,0.60941,-0.04866,0.023183,-0.24335,-0.1444
1974,0.50636,0.1948,0.0099511,-0.11258,-0.23946
1974,0.48491,-0.19008,-0.009263,-0.079205,-0.25241
1974,0.47183,-0.024631,0.077134,-0.082294,-0.29069
1982,-0.32897,-0.089935,0.014965,-0.077331,-0.33837
1982,-0.29197,-0.03449,0.063295,-0.15941,-0.25612
1982,-0.33691,-0.01033,0.0071861,-0.067536,-0.32601
1982,-0.31405,-0.069285,0.063717,-0.070038,-0.32904
1988,-0.44139,0.10158,-0.084609,0.05574,0.16137
1988,-0.58824,0.018889,-0.023693,-0.011423,-0.016963
1988,-0.4521,-0.15932,0.19658,0.10825,0.13245
1988,-0.50216,-0.013662,-0.028757,0.069874,0.0050942
1983,-0.53839,-0.13773,0.35576,-0.12026,-0.24331
1983,-0.55647,0.11183,-0.2287,-0.13164,-0.19078
1983,0.55076,-0.37817,-0.11486,0.01046,-0.11015
1983,0.43724,0.23895,0.025359,-0.26376,-0.066046
1978,0.60774,-0.0059968,0.013465,-0.026496,-0.3191
1978,0.55802,0.25244,0.072105,-0.19878,-0.16218
1978,0.44947,-0.16343,-0.0011912,-0.14521,0.052542
1978,0.52059,-0.14103,-0.054863,0.022117,-0.21735
1969,-0.44385,-0.1231,-0.010842,0.088179,0.19484
1969,-0.59562,-0.04037,0.13627,-0.098162,-0.18724
1969,0.56775,0.33334,0.12431,-0.23918,-0.023352
1969,0.50163,0.35698,0.10629,0.26527,-0.19678
